Order ID,Order Date,Customer ID,Item Category,Unit Price (GBP),Qty,Discount %,Order Total (GBP),Payment,Delivery (days),Prior Orders,Returned
ORD-100000,20/06/2025,10417,apparel,41.47,1,0,41.47,bnpl,4,1,N
ORD-100001,22/12/2025,10427,beauty,30.41,1,0,30.41,paypal,2,2,N
ORD-100002,13/09/2025,10570,electronics,234.17,1,0,234.17,card,1,1,N
ORD-100003,09/01/2025,10535,beauty,13.06,1,0,13.06,card,4,0,N
ORD-100004,09/12/2025,10369,apparel,39.69,3,15,101.21,card,4,2,Y
ORD-100006,25/08/2025,10555,beauty,25.61,1,0,25.61,card,3,0,N
ORD-100007,24/08/2025,10711,footwear,39.59,2,0,79.18,card,4,1,N
ORD-100008,25/06/2025,10368,beauty,15.39,1,20,12.31,card,4,1,N
ORD-100009,17/01/2025,10357,home,57.05,2,15,96.98,card,3,1,N
ORD-100010,24/06/2025,10960,apparel,49.03,1,10,44.13,bnpl,4,0,N
ORD-100011,29/08/2025,10641,home,66.96,1,20,53.57,card,2,2,N
ORD-100012,05/07/2025,10359,home,55.86,1,10,50.27,bnpl,1,1,N
ORD-100013,19/10/2025,10074,electronics,402.95,1,10,362.66,bnpl,4,0,Y
ORD-100014,24/01/2025,10514,electronics,267.77,1,0,267.77,card,3,0,N
ORD-100015,19/07/2025,10226,home,47.75,2,5,90.72,card,3,1,N
ORD-100016,02/05/2025,10006,electronics,143.71,1,0,143.71,card,4,1,N
ORD-100017,25/11/2025,10128,electronics,113.11,1,0,113.11,paypal,1,1,Y
ORD-100018,09/03/2025,10144,home,62.1,1,0,62.1,paypal,2,0,Y
ORD-100019,10/01/2025,10831,footwear,39.76,1,10,35.78,card,3,0,N
ORD-100020,11/04/2025,10165,footwear,71.99,1,25,53.99,bnpl,8,0,N
ORD-100021,08/01/2025,10253,home ,50.23,1,0,50.23,card,5,0,N
ORD-100022,13/03/2025,10361,home,107.5,1,0,107.5,card,3,1,N
ORD-100023,22/07/2025,10965,apparel,49.99,2,0,99.98,bnpl,4,2,N
ORD-100024,29/10/2025,10653,footwear,48.04,1,0,48.04,paypal,4,1,Y
ORD-100025,21/10/2025,10611,apparel,25.73,1,0,25.73,card,1,1,Y
ORD-100026,31/08/2025,10375,apparel,71.87,1,15,61.09,card,7,3,Y
ORD-100027,05/05/2025,10375,sports,28.03,3,0,84.09,card,3,1,N
ORD-100028,06/01/2025,11060,beauty,14.95,1,15,12.71,card,5,0,N
ORD-100029,13/04/2025,10019,sports,44.31,1,5,42.09,card,3,1,N
ORD-100030,14/02/2025,11016,electronics,231.96,1,20,185.57,paypal,6,0,N
ORD-100031,24/07/2025,10394,electronics,149.21,4,0,596.84,paypal,4,1,N
ORD-100032,11/12/2025,10988,apparel,29.91,2,0,59.82,paypal,4,2,N
ORD-100033,22/04/2025,10593,electronics,182.56,2,0,365.12,card,4,1,N
ORD-100034,16/12/2025,10791,apparel,67.11,1,0,67.11,card,4,8,N
ORD-100035,01/05/2025,10556,footwear,40.16,1,0,40.16,card,1,0,Y
ORD-100036,26/07/2025,10254,beauty,21.14,1,0,21.14,paypal,3,0,N
ORD-100037,01/05/2025,10481,beauty,32.31,1,0,32.31,card,2,1,N
ORD-100038,02/10/2025,10572,apparel,49.37,1,0,49.37,paypal,2,2,N
ORD-100039,03/07/2025,10995,beauty,42.88,1,0,42.88,card,6,1,N
ORD-100040,21/07/2025,10558,home,70.29,2,5,133.55,voucher,1,0,N
ORD-100041,28/09/2025,10654,electronics ,163.57,1,0,163.57,voucher,2,1,N
ORD-100042,06/03/2025,10899,electronics,222.76,3,30,467.8,bnpl,6,1,N
ORD-100043,27/10/2025,10520,apparel,48.85,1,10,43.96,card,3,3,N
ORD-100044,17/04/2025,10075,electronics,163.56,1,0,163.56,card,7,0,N
ORD-100045,15/03/2025,10557,home,74.51,1,0,74.51,card,1,0,N
ORD-100046,30/08/2025,10172,footwear,94.68,1,25,71.01,card,2,0,N
ORD-100047,19/04/2025,10874,electronics,167.52,1,5,159.14,card,2,0,Y
ORD-100048,07/10/2025,10815,apparel ,60.79,1,0,60.79,paypal,3,2,Y
ORD-100050,22/11/2025,10857,beauty,25.89,1,0,25.89,card,3,0,N
ORD-100051,02/05/2025,10148,sports,79.34,1,20,63.47,card,1,0,N
ORD-100052,19/09/2025,10897,sports,56.71,1,5,53.87,card,1,0,N
ORD-100053,14/04/2025,10598,footwear,100.14,3,15,255.36,paypal,5,0,N
ORD-100054,27/10/2025,10378,apparel,51.72,2,0,103.44,card,2,2,N
ORD-100055,10/10/2025,10962,sports,62.94,1,15,53.5,paypal,3,1,Y
ORD-100056,01/12/2025,10645,beauty,32.85,2,5,62.42,card,6,1,N
ORD-100057,14/04/2025,10113,footwear,67.37,1,5,64.0,card,8,1,N
ORD-100058,10/05/2025,11022,apparel,49.16,1,0,49.16,bnpl,5,1,Y
ORD-100059,12/06/2025,10043,footwear,100.77,1,0,100.77,card,4,2,Y
ORD-100060,25/12/2025,10074,footwear,58.69,2,0,117.38,paypal,4,1,Y
ORD-100061,14/10/2025,10324,beauty,17.47,1,25,13.1,card,2,4,N
ORD-100062,23/04/2025,10066,electronics ,121.83,1,0,121.83,voucher,3,3,Y
ORD-100063,08/11/2025,11002,home,33.44,1,25,25.08,card,3,2,N
ORD-100064,10/06/2025,10932,footwear,69.93,3,10,188.81,paypal,1,2,Y
ORD-100065,25/09/2025,10470,sports,128.98,1,0,128.98,card,1,0,N
ORD-100066,07/01/2025,11055,sports,54.88,1,0,54.88,paypal,5,1,N
ORD-100067,23/06/2025,10198,apparel,62.42,2,0,124.84,card,2,2,N
ORD-100068,03/12/2025,10995,home,28.0,1,20,22.4,card,2,4,N
ORD-100069,07/12/2025,11056,home,56.37,2,20,90.19,voucher,3,3,Y
ORD-100070,28/01/2025,10086,electronics,243.72,1,0,243.72,bnpl,8,0,N
ORD-100071,09/09/2025,10905,electronics,187.13,2,30,261.98,paypal,2,1,N
ORD-100072,26/02/2025,10796,sports,95.84,1,15,81.46,card,4,0,N
ORD-100073,31/12/2025,10628,electronics,146.19,1,5,138.88,bnpl,2,1,N
ORD-100074,23/03/2025,10194,apparel,33.05,1,5,31.4,paypal,1,0,N
ORD-100075,04/10/2025,10639,apparel,58.62,1,0,58.62,card,2,3,N
ORD-100076,16/11/2025,10952,apparel,37.0,1,0,37.0,card,3,3,N
ORD-100077,29/03/2025,10885,sports,81.41,1,15,69.2,bnpl,4,1,N
ORD-100078,19/07/2025,10889,sports,67.62,2,0,135.24,card,8,1,N
ORD-100079,27/10/2025,10412,beauty,16.38,1,5,15.56,card,1,0,N
ORD-100080,25/10/2025,10215,apparel,55.9,2,0,111.8,paypal,1,4,N
ORD-100081,10/12/2025,11049,beauty,16.15,2,0,32.3,card,1,1,N
ORD-100082,25/03/2025,10838,sports,166.42,1,30,116.49,paypal,4,0,N
ORD-100083,12/02/2025,10196,electronics,167.84,1,0,167.84,card,3,0,N
ORD-100084,16/01/2025,10951,apparel,46.44,1,20,37.15,voucher,2,0,N
ORD-100085,18/07/2025,10745,apparel,62.29,2,10,112.12,card,4,1,N
ORD-100086,23/12/2025,10267,home,89.47,1,0,89.47,card,2,3,N
ORD-100087,26/07/2025,10510,footwear,46.04,1,0,46.04,card,6,0,N
ORD-100088,25/04/2025,10363,home,76.07,1,0,76.07,card,2,1,N
ORD-100089,24/05/2025,10179,beauty,18.02,2,0,36.04,bnpl,6,1,N
ORD-100090,25/06/2025,10319,home,64.31,1,5,61.09,card,6,0,N
ORD-100091,04/05/2025,10810,apparel,39.61,2,5,75.26,card,1,0,N
ORD-100092,02/10/2025,10883,electronics,311.67,1,0,311.67,card,7,1,N
ORD-100093,04/05/2025,10852,apparel ,46.48,1,0,46.48,paypal,2,1,N
ORD-100094,16/04/2025,10346,apparel,42.49,2,10,76.48,card,3,1,N
ORD-100095,21/04/2025,10716,apparel,69.78,1,25,52.34,card,4,0,Y
ORD-100096,08/03/2025,10457,apparel,52.16,3,10,140.83,bnpl,4,0,N
ORD-100097,15/01/2025,10530,sports,66.06,1,0,66.06,bnpl,4,0,N
ORD-100098,12/07/2025,10481,home,33.88,2,40,40.66,card,5,2,N
ORD-100099,21/03/2025,10732,apparel,47.67,1,0,47.67,bnpl,4,0,N
ORD-100100,04/06/2025,10387,apparel,28.31,2,0,56.62,bnpl,4,0,N
ORD-100101,16/09/2025,10683,home ,150.52,1,0,150.52,card,1,0,N
ORD-100102,02/07/2025,10672,apparel,63.61,1,0,63.61,card,3,1,N
ORD-100103,14/05/2025,10805,apparel,24.83,1,15,21.11,paypal,1,1,N
ORD-100104,08/11/2025,10279,beauty,18.89,3,10,51.0,card,3,1,N
ORD-100105,08/11/2025,10010,electronics,186.66,1,5,177.33,paypal,3,3,N
ORD-100106,06/11/2025,10781,apparel,34.53,2,0,69.06,card,2,1,N
ORD-100107,13/04/2025,10225,footwear,67.22,1,15,57.14,card,4,0,N
ORD-100108,11/08/2025,10595,electronics,109.9,3,0,329.7,card,5,1,N
ORD-100109,15/12/2025,10300,home,82.16,1,0,82.16,card,1,1,N
ORD-100110,01/04/2025,10907,home ,31.7,1,20,25.36,card,2,0,N
ORD-100111,10/11/2025,10164,apparel,29.56,1,10,26.6,card,6,2,Y
ORD-100112,24/06/2025,10100,footwear,73.38,2,5,139.42,card,4,1,N
ORD-100113,15/07/2025,10057,home,105.83,1,15,89.96,card,4,0,N
ORD-100114,16/01/2025,10207,electronics,299.08,1,0,299.08,bnpl,3,0,N
ORD-100115,20/07/2025,10641,home,83.91,3,0,251.73,paypal,2,1,N
ORD-100116,17/02/2025,10912,home,130.78,1,0,130.78,card,3,0,N
ORD-100117,16/11/2025,10538,apparel,39.3,2,0,78.6,paypal,1,1,Y
ORD-100118,04/11/2025,10091,apparel,64.91,1,5,61.66,card,3,3,N
ORD-100119,24/07/2025,10053,sports,121.49,1,5,115.42,card,5,0,N
ORD-100120,18/03/2025,10671,footwear,60.15,2,25,90.22,card,3,0,N
ORD-100121,12/04/2025,10917,home,137.64,2,0,275.28,paypal,3,0,N
ORD-100122,13/07/2025,10227,beauty,40.6,2,5,77.14,card,3,2,N
ORD-100123,23/12/2025,10898,beauty,24.57,2,0,49.14,card,3,1,N
ORD-100124,15/11/2025,10518,electronics,236.81,1,0,236.81,card,5,1,N
ORD-100125,09/12/2025,10742,beauty,17.21,1,5,16.35,paypal,1,1,N
ORD-100126,01/06/2025,10959,electronics,256.16,1,0,256.16,card,8,2,N
ORD-100127,11/11/2025,10837,electronics,156.71,2,15,266.41,paypal,3,3,N
ORD-100128,07/12/2025,10725,apparel,28.46,2,0,56.92,card,3,2,N
ORD-100129,29/12/2025,10037,apparel,41.31,1,5,39.24,card,1,1,N
ORD-100130,21/10/2025,11022,home,73.41,1,0,73.41,card,2,2,Y
ORD-100131,29/11/2025,10338,footwear,49.67,2,40,59.6,card,5,1,N
ORD-100132,20/06/2025,10790,beauty,10.68,3,10,28.84,card,2,0,N
ORD-100133,28/09/2025,10655,apparel,67.06,2,10,120.71,card,4,2,N
ORD-100134,14/01/2025,10434,apparel ,67.58,1,25,50.68,card,6,0,N
ORD-100135,07/05/2025,10284,footwear,69.3,1,0,69.3,card,3,0,N
ORD-100136,15/01/2025,10235,footwear,85.15,2,0,170.3,bnpl,6,0,N
ORD-100137,01/08/2025,10520,apparel,22.02,1,0,22.02,card,2,2,N
ORD-100138,10/10/2025,10416,apparel,79.81,1,25,59.86,bnpl,3,2,Y
ORD-100139,02/11/2025,10028,apparel,35.23,2,0,70.46,paypal,1,2,N
ORD-100140,13/03/2025,10215,electronics,253.0,1,0,253.0,card,6,1,N
ORD-100141,25/01/2025,10742,beauty ,33.52,2,0,67.04,paypal,3,0,N
ORD-100142,28/12/2025,10396,beauty,14.35,1,0,14.35,bnpl,1,1,N
ORD-100143,29/01/2025,10514,home,32.57,2,10,58.63,card,3,1,Y
ORD-100144,08/05/2025,10831,electronics ,147.07,2,20,235.31,paypal,1,1,N
ORD-100145,01/06/2025,10748,apparel,22.27,1,5,21.16,card,4,2,Y
ORD-100146,18/07/2025,10145,apparel,37.43,1,10,33.69,paypal,3,0,N
ORD-100147,13/08/2025,10180,apparel,67.18,2,0,134.36,card,3,1,Y
ORD-100148,04/05/2025,10844,footwear,45.76,1,0,45.76,paypal,2,2,N
ORD-100149,13/08/2025,10044,sports,60.62,1,0,60.62,card,5,2,N
ORD-100150,08/10/2025,10696,apparel,59.23,2,15,100.69,card,5,1,N
ORD-100151,08/08/2025,10212,apparel,41.08,1,0,41.08,card,6,0,N
ORD-100153,19/12/2025,10543,apparel,64.88,1,10,58.39,card,2,2,N
ORD-100154,03/09/2025,10651,home,68.27,1,0,68.27,paypal,1,1,N
ORD-100155,11/04/2025,10490,home,94.1,2,5,178.79,card,3,1,Y
ORD-100156,12/12/2025,10233,apparel,52.87,2,0,105.74,paypal,1,2,N
ORD-100157,19/04/2025,10927,apparel,49.16,1,0,49.16,card,3,1,N
ORD-100158,21/05/2025,10267,home,42.25,2,15,71.82,bnpl,6,0,Y
ORD-100159,09/07/2025,10522,electronics,147.76,1,0,147.76,card,1,1,N
ORD-100160,01/05/2025,10370,electronics,306.62,1,10,275.96,card,3,0,N
ORD-100161,11/11/2025,10167,apparel,43.51,1,0,43.51,paypal,3,0,Y
ORD-100162,29/06/2025,10512,footwear,43.96,2,0,87.92,paypal,2,0,N
ORD-100163,23/05/2025,10653,home,88.88,1,0,88.88,card,2,0,N
ORD-100164,07/08/2025,10160,sports,35.25,1,0,35.25,card,4,0,N
ORD-100165,27/04/2025,10639,beauty,31.12,1,0,31.12,card,4,2,N
ORD-100166,08/11/2025,10561,home,16.37,1,0,16.37,card,3,3,N
ORD-100167,07/03/2025,11011,home,84.04,2,0,168.08,card,2,0,N
ORD-100168,28/05/2025,10640,footwear,35.85,1,10,32.26,bnpl,4,1,Y
ORD-100169,05/06/2025,10065,electronics,249.04,2,0,498.08,card,5,0,N
ORD-100170,07/01/2025,10667,footwear,107.47,1,0,107.47,card,1,0,N
ORD-100172,13/02/2025,10541,home,74.53,2,20,119.25,bnpl,4,0,N
ORD-100173,11/05/2025,10209,electronics,246.29,1,0,246.29,card,1,0,N
ORD-100174,20/06/2025,10500,footwear,53.59,1,0,53.59,bnpl,7,0,N
ORD-100175,10/05/2025,10407,apparel,36.82,3,0,110.46,card,2,1,Y
ORD-100176,04/08/2025,10459,electronics,228.73,2,20,365.97,card,4,0,Y
ORD-100177,13/04/2025,10852,electronics,180.01,1,40,108.01,card,2,0,N
ORD-100178,21/06/2025,10868,sports,89.54,1,10,80.59,card,4,1,N
ORD-100179,23/07/2025,10993,footwear,35.29,1,0,35.29,card,1,0,N
ORD-100180,18/09/2025,10172,beauty,27.32,2,25,40.98,paypal,6,1,N
ORD-100181,12/11/2025,10441,apparel,34.19,1,15,29.06,card,2,2,Y
ORD-100182,11/12/2025,10682,electronics,353.98,2,10,637.16,card,-999,1,Y
ORD-100183,09/12/2025,10434,footwear,52.54,1,10,47.29,card,1,4,N
ORD-100184,20/08/2025,11054,footwear,45.38,2,5,86.22,paypal,1,0,N
ORD-100185,13/10/2025,10751,electronics,183.8,1,30,128.66,card,3,0,N
ORD-100186,26/07/2025,10779,footwear,49.29,1,0,49.29,bnpl,3,1,N
ORD-100187,10/02/2025,10312,home,54.55,1,0,54.55,card,7,1,N
ORD-100188,16/03/2025,10173,sports ,83.06,1,0,83.06,paypal,2,0,N
ORD-100189,20/07/2025,10533,apparel,73.08,1,0,73.08,bnpl,2,0,N
ORD-100190,16/01/2025,10537,electronics,331.27,3,0,993.81,paypal,4,0,N
ORD-100191,15/05/2025,10496,footwear,53.45,2,20,85.52,card,3,2,N
ORD-100192,28/03/2025,10006,electronics,380.89,2,0,761.78,card,1,0,N
ORD-100193,02/06/2025,10986,footwear,41.48,1,10,37.33,card,7,0,Y
ORD-100194,09/05/2025,10292,apparel,38.19,1,10,34.37,card,8,1,N
ORD-100195,31/10/2025,10980,beauty,24.69,2,0,49.38,paypal,6,1,N
ORD-100196,17/11/2025,10152,electronics,138.92,1,0,138.92,card,6,0,N
ORD-100197,15/04/2025,10992,apparel,57.33,1,5,54.46,bnpl,6,0,N
ORD-100198,20/04/2025,10561,beauty,23.02,1,15,19.57,card,1,0,N
ORD-100199,24/01/2025,10885,apparel,28.46,2,20,45.54,card,7,0,Y
ORD-100200,21/05/2025,10791,apparel,60.6,2,20,96.96,card,4,5,Y
ORD-100201,21/06/2025,10560,footwear,69.48,1,0,69.48,paypal,6,0,N
ORD-100202,19/06/2025,10434,apparel,66.6,2,15,113.22,paypal,4,2,Y
ORD-100203,10/07/2025,10577,home ,70.2,1,0,70.2,paypal,4,0,Y
ORD-100204,04/11/2025,10364,sports,105.36,1,20,84.29,card,2,0,N
ORD-100205,02/05/2025,10454,apparel,37.2,2,0,74.4,card,1,1,Y
ORD-100206,11/10/2025,10404,electronics,135.11,1,25,101.33,bnpl,1,1,Y
ORD-100207,06/05/2025,10311,home,83.99,1,0,83.99,card,3,1,N
ORD-100208,21/04/2025,10419,apparel,20.86,2,5,39.63,card,4,0,Y
ORD-100209,07/02/2025,10290,footwear,111.29,1,0,111.29,card,2,0,N
ORD-100210,13/03/2025,10083,footwear,77.9,1,0,77.9,card,7,0,N
ORD-100212,29/07/2025,10642,electronics,213.36,1,0,213.36,card,6,0,N
ORD-100213,10/06/2025,10793,apparel,43.73,1,0,43.73,card,3,2,N
ORD-100214,03/05/2025,10785,beauty,40.57,2,0,81.14,card,11,1,N
ORD-100215,24/05/2025,10902,apparel,20.92,1,0,20.92,bnpl,4,0,N
ORD-100216,19/01/2025,10096,apparel,24.23,1,0,24.23,card,3,0,N
ORD-100217,29/04/2025,10107,apparel,30.98,2,0,61.96,card,3,0,Y
ORD-100218,22/05/2025,10001,apparel,55.17,1,0,55.17,paypal,4,0,N
ORD-100219,10/03/2025,10224,electronics,279.08,1,0,279.08,card,3,0,N
ORD-100220,28/07/2025,10142,beauty,12.01,1,0,12.01,bnpl,2,0,N
ORD-100221,20/03/2025,10391,home,104.55,1,0,104.55,card,1,0,N
ORD-100222,08/05/2025,10358,electronics,325.53,1,25,244.15,paypal,1,0,N
ORD-100223,03/06/2025,10339,apparel,42.05,1,0,42.05,paypal,6,1,N
ORD-100224,27/02/2025,10735,footwear,85.75,1,20,68.6,bnpl,2,1,N
ORD-100225,22/07/2025,10146,apparel,71.15,1,0,71.15,paypal,3,2,N
ORD-100226,17/05/2025,10228,footwear,91.42,1,0,91.42,card,2,0,N
ORD-100227,15/08/2025,10091,footwear,51.43,1,0,51.43,card,5,2,N
ORD-100228,13/03/2025,10649,home,81.52,1,10,73.37,card,10,0,N
ORD-100229,12/04/2025,10397,apparel,60.91,1,0,60.91,card,7,1,N
ORD-100230,11/09/2025,10691,apparel,68.9,1,10,62.01,card,5,0,N
ORD-100231,27/10/2025,10733,apparel,30.7,2,10,55.26,bnpl,1,1,N
ORD-100232,09/08/2025,10145,beauty,6.73,2,0,13.46,card,3,1,N
ORD-100233,30/06/2025,10120,electronics,173.85,1,15,147.77,card,3,0,N
ORD-100234,12/07/2025,10030,apparel,43.71,1,20,-34.97,card,5,0,Y
ORD-100235,30/08/2025,10596,sports,125.32,3,0,375.96,card,2,0,N
ORD-100237,01/07/2025,10109,apparel,23.41,1,0,23.41,bnpl,1,2,N
ORD-100238,01/12/2025,10594,footwear,111.84,1,25,83.88,paypal,5,2,Y
ORD-100239,04/06/2025,10872,home,52.62,1,5,49.99,card,6,1,N
ORD-100240,16/11/2025,10776,home,62.49,2,0,124.98,card,4,1,N
ORD-100241,17/03/2025,10484,home,52.13,2,0,104.26,card,1,0,N
ORD-100242,27/11/2025,10826,apparel,37.06,1,0,37.06,card,5,3,Y
ORD-100243,18/01/2025,10684,footwear ,60.12,1,0,60.12,bnpl,3,0,N
ORD-100244,22/12/2025,10794,apparel,39.41,2,0,78.82,card,3,3,N
ORD-100245,21/12/2025,10792,electronics,182.25,1,40,109.35,card,2,2,N
ORD-100246,16/04/2025,10821,footwear,72.62,1,5,68.99,card,5,0,N
ORD-100247,25/06/2025,10327,apparel,28.15,1,0,28.15,card,1,0,N
ORD-100248,14/05/2025,10759,electronics ,131.77,2,25,197.66,card,1,0,N
ORD-100250,14/09/2025,10146,beauty,14.63,1,0,14.63,voucher,-999,3,Y
ORD-100251,11/02/2025,10091,electronics,167.45,1,0,167.45,paypal,2,0,N
ORD-100252,30/01/2025,10536,home,37.07,1,0,37.07,card,5,0,N
ORD-100253,25/04/2025,10434,beauty,18.0,1,0,18.0,card,3,1,Y
ORD-100254,09/07/2025,10677,home,103.97,1,0,103.97,card,3,1,N
ORD-100255,19/12/2025,10073,apparel,54.67,2,10,98.41,card,2,1,N
ORD-100256,27/08/2025,10087,beauty,23.96,2,25,35.94,card,3,0,N
ORD-100257,02/06/2025,11023,electronics,405.63,1,0,405.63,voucher,4,0,N
ORD-100258,28/05/2025,10924,apparel,57.69,1,15,49.04,card,2,1,Y
ORD-100259,17/10/2025,10004,apparel,88.04,2,30,123.26,card,3,2,N
ORD-100260,26/10/2025,11016,footwear,33.39,3,15,85.14,paypal,4,2,N
ORD-100261,29/05/2025,10506,electronics,179.65,1,5,170.67,paypal,3,0,N
ORD-100262,28/06/2025,10881,home ,65.98,2,0,131.96,bnpl,3,0,N
ORD-100263,17/04/2025,10035,home,120.78,1,20,96.62,paypal,3,1,N
ORD-100264,20/04/2025,10043,home,70.44,1,0,70.44,card,4,1,N
ORD-100265,12/12/2025,10444,electronics,261.62,1,0,261.62,card,2,3,N
ORD-100266,29/08/2025,10615,sports,97.99,2,0,195.98,card,2,1,Y
ORD-100267,29/07/2025,10911,electronics,226.45,1,5,215.13,card,3,0,N
ORD-100268,10/01/2025,10485,beauty,13.42,1,0,13.42,paypal,6,0,N
ORD-100269,01/05/2025,10855,beauty,18.16,1,0,18.16,card,3,3,N
ORD-100270,07/06/2025,10345,apparel,22.61,1,5,21.48,card,3,0,N
ORD-100271,24/08/2025,10544,home,31.49,3,20,75.58,card,5,0,N
ORD-100272,19/12/2025,10375,electronics,61.22,1,0,61.22,card,1,4,Y
ORD-100273,26/04/2025,10875,footwear,30.71,1,0,30.71,card,2,1,N
ORD-100275,30/07/2025,10238,apparel,62.01,1,5,58.91,card,2,4,N
ORD-100276,11/12/2025,10863,footwear,61.36,1,0,61.36,card,7,2,N
ORD-100277,01/05/2025,10126,apparel,84.37,1,0,84.37,bnpl,3,1,N
ORD-100278,29/12/2025,10342,apparel,38.32,1,15,32.57,card,6,0,N
ORD-100279,14/03/2025,10806,home,79.04,2,0,158.08,bnpl,3,0,N
ORD-100280,20/08/2025,10892,home,52.28,1,0,52.28,paypal,1,0,N
ORD-100281,17/02/2025,10808,home,72.45,1,0,72.45,card,2,0,N
ORD-100282,04/08/2025,10302,electronics ,112.22,2,0,224.44,paypal,9,0,N
ORD-100283,15/03/2025,10735,apparel,65.28,2,0,130.56,bnpl,2,2,N
ORD-100284,05/08/2025,10689,beauty,11.66,1,25,8.75,card,2,2,N
ORD-100285,20/03/2025,10014,sports,21.41,1,0,21.41,card,2,0,N
ORD-100286,19/11/2025,10843,footwear,41.07,4,0,164.28,card,6,1,N
ORD-100287,23/07/2025,10749,home,37.04,1,0,37.04,card,3,1,N
ORD-100288,07/04/2025,10623,sports,60.21,1,5,57.2,bnpl,4,2,N
ORD-100289,28/12/2025,10574,sports,20.87,1,15,17.74,card,1,0,N
ORD-100290,13/10/2025,10608,apparel,66.67,1,0,66.67,card,1,0,N
ORD-100291,05/02/2025,10270,home,96.26,1,0,96.26,card,2,0,N
ORD-100292,22/08/2025,10669,footwear,92.23,1,0,92.23,paypal,2,1,N
ORD-100293,14/03/2025,10898,apparel,23.75,1,0,23.75,card,1,0,N
ORD-100294,21/10/2025,10860,home,45.19,1,10,40.67,card,3,1,N
ORD-100295,28/09/2025,10374,home,66.66,2,40,79.99,bnpl,4,0,Y
ORD-100296,25/01/2025,10490,electronics ,197.45,2,15,335.66,card,4,0,N
ORD-100297,11/05/2025,10496,footwear,74.87,2,0,149.74,card,4,1,N
ORD-100298,18/07/2025,11007,apparel,36.19,1,15,30.76,paypal,4,1,N
ORD-100299,27/06/2025,11008,footwear,113.94,1,0,113.94,card,6,0,N
ORD-100300,27/07/2025,10398,apparel ,29.47,3,0,88.41,paypal,1,0,Y
ORD-100301,22/06/2025,10712,footwear ,76.95,1,20,61.56,card,6,1,Y
ORD-100302,20/08/2025,10379,home,56.54,1,10,50.89,bnpl,3,1,N
ORD-100303,21/05/2025,10483,apparel,49.03,1,25,36.77,card,8,1,N
ORD-100304,29/06/2025,10499,electronics,147.28,2,0,294.56,paypal,1,1,N
ORD-100305,11/11/2025,10559,electronics,96.1,1,0,96.1,card,8,4,N
ORD-100306,27/03/2025,10199,apparel,44.66,1,0,44.66,paypal,3,0,N
ORD-100307,18/05/2025,10199,apparel,49.62,2,0,99.24,card,1,1,Y
ORD-100308,31/08/2025,10507,apparel,30.75,1,25,23.06,paypal,5,1,N
ORD-100309,06/07/2025,10497,home,50.6,2,0,101.2,card,2,2,N
ORD-100310,01/04/2025,10092,electronics,230.28,1,0,230.28,paypal,3,0,N
ORD-100312,28/12/2025,10923,footwear,76.5,1,30,53.55,card,2,0,N
ORD-100313,23/07/2025,10403,apparel,48.92,1,10,44.03,card,5,1,N
ORD-100315,12/12/2025,10403,electronics,202.45,1,0,202.45,card,4,2,N
ORD-100316,31/03/2025,10572,home,84.13,1,30,58.89,paypal,2,1,N
ORD-100318,29/04/2025,10256,home,23.75,3,0,71.25,card,5,1,Y
ORD-100319,22/03/2025,10782,home,22.39,1,0,22.39,paypal,3,1,Y
ORD-100320,10/12/2025,11025,footwear,0.0,2,0,79.2,voucher,5,1,N
ORD-100321,20/11/2025,10367,apparel,38.35,1,20,30.68,paypal,3,1,N
ORD-100322,09/03/2025,10576,apparel,38.54,2,15,65.52,card,4,0,N
ORD-100323,12/06/2025,10715,apparel,75.46,2,0,150.92,card,5,0,Y
ORD-100324,27/09/2025,10695,home,65.28,1,0,65.28,card,2,0,N
ORD-100325,22/12/2025,10145,beauty,19.37,1,0,19.37,card,2,4,N
ORD-100326,22/07/2025,10183,apparel,63.91,2,0,127.82,card,3,1,Y
ORD-100327,18/10/2025,10073,sports,126.83,1,15,107.81,paypal,2,0,N
ORD-100328,12/05/2025,10487,electronics,177.73,2,0,355.46,card,3,1,N
ORD-100329,14/02/2025,10950,apparel,26.31,1,0,26.31,card,2,1,N
ORD-100330,20/04/2025,10035,beauty,19.25,1,15,16.36,voucher,1,2,N
ORD-100331,12/04/2025,10690,apparel,40.79,2,0,81.58,card,3,0,N
ORD-100332,02/02/2025,10389,home,62.6,2,0,125.2,card,2,0,N
ORD-100333,27/05/2025,10008,apparel,42.97,1,0,42.97,card,3,1,N
ORD-100334,01/06/2025,10632,apparel,37.47,1,10,33.72,paypal,4,0,Y
ORD-100335,27/05/2025,10256,beauty,21.83,1,0,21.83,card,2,2,N
ORD-100336,07/12/2025,10972,electronics,116.66,1,5,110.83,voucher,2,2,N
ORD-100337,02/09/2025,10972,apparel,47.42,1,0,47.42,card,3,1,Y
ORD-100338,17/11/2025,10896,apparel,30.47,2,20,48.75,voucher,1,1,N
ORD-100339,24/11/2025,11035,apparel,32.48,2,0,64.96,card,1,0,N
ORD-100340,28/07/2025,11042,beauty,36.45,1,0,36.45,paypal,2,1,N
ORD-100341,18/02/2025,10643,footwear,55.91,1,20,44.73,card,5,0,Y
ORD-100342,28/02/2025,10233,footwear,66.8,1,0,66.8,bnpl,3,0,Y
ORD-100343,23/04/2025,10932,apparel,35.68,1,0,35.68,card,5,1,N
ORD-100344,28/02/2025,10339,home,45.1,1,0,45.1,card,7,0,N
ORD-100345,22/11/2025,10827,home,61.0,1,40,36.6,card,2,0,N
ORD-100346,05/08/2025,10324,footwear,56.85,1,0,56.85,card,4,3,N
ORD-100347,26/02/2025,11019,apparel,43.79,2,5,83.2,bnpl,3,0,N
ORD-100348,25/01/2025,10943,home,51.04,1,0,51.04,paypal,2,0,N
ORD-100349,06/02/2025,10809,sports,95.01,2,0,190.02,card,3,0,N
ORD-100350,26/10/2025,10946,apparel,32.25,1,15,27.41,voucher,5,1,N
ORD-100351,21/09/2025,10515,footwear,62.45,1,0,62.45,paypal,3,3,Y
ORD-100352,19/01/2025,10378,beauty,13.62,1,10,12.26,voucher,3,0,N
ORD-100353,17/03/2025,10991,home,59.84,2,0,119.68,card,1,0,N
ORD-100354,22/09/2025,10475,apparel,33.69,3,0,101.07,card,3,0,N
ORD-100355,22/10/2025,10434,electronics,120.98,1,0,120.98,card,3,3,N
ORD-100357,13/07/2025,10723,sports,118.47,1,0,118.47,paypal,4,1,N
ORD-100358,27/04/2025,10371,apparel,24.11,1,30,16.88,paypal,4,1,N
ORD-100359,15/09/2025,10135,home,46.8,1,20,37.44,card,6,1,N
ORD-100360,30/07/2025,10801,sports,65.09,1,0,65.09,card,2,0,N
ORD-100361,04/06/2025,10179,electronics,197.06,1,5,187.21,card,3,2,N
ORD-100362,17/06/2025,10256,footwear ,120.45,1,10,108.4,card,1,3,Y
ORD-100363,29/01/2025,10543,electronics,233.72,1,5,222.03,bnpl,5,0,Y
ORD-100364,24/09/2025,10126,home,28.36,1,0,28.36,card,1,2,N
ORD-100366,03/04/2025,10375,footwear,87.71,1,0,87.71,card,2,0,Y
ORD-100367,04/03/2025,10987,home,51.69,1,15,43.94,card,4,0,N
ORD-100368,25/08/2025,10099,electronics,79.34,1,25,59.5,card,4,2,N
ORD-100369,17/03/2025,10416,apparel,46.78,2,0,93.56,card,3,0,N
ORD-100370,14/12/2025,10002,apparel,60.86,1,0,60.86,card,6,0,N
ORD-100371,28/07/2025,10540,sports,163.02,1,5,154.87,bnpl,1,0,N
ORD-100372,29/05/2025,11029,electronics,125.52,1,25,94.14,voucher,6,1,N
ORD-100373,13/06/2025,10099,home,36.39,1,0,36.39,card,2,1,N
ORD-100374,16/12/2025,10845,electronics,208.34,1,0,208.34,card,2,1,N
ORD-100375,07/07/2025,10722,electronics,229.14,1,5,217.68,voucher,7,1,N
ORD-100377,09/08/2025,10606,electronics,214.06,1,0,214.06,voucher,7,0,Y
ORD-100378,14/06/2025,10100,home,69.17,2,0,-138.34,card,3,0,N
ORD-100379,13/06/2025,10063,apparel,56.42,1,10,50.78,card,3,0,N
ORD-100380,27/01/2025,10049,electronics,256.54,1,25,192.41,card,1,0,Y
ORD-100381,07/07/2025,10644,apparel,49.71,1,0,49.71,paypal,9,1,N
ORD-100382,11/04/2025,10180,sports,121.24,3,0,363.72,bnpl,5,0,Y
ORD-100383,02/05/2025,10242,apparel,52.95,1,0,52.95,card,5,0,N
ORD-100384,04/04/2025,10009,apparel,59.69,2,0,119.38,card,5,1,N
ORD-100385,01/12/2025,10941,footwear,35.16,2,25,52.74,card,2,2,N
ORD-100386,19/04/2025,10508,footwear,82.97,1,5,78.82,card,5,1,N
ORD-100387,06/02/2025,10872,beauty,17.23,2,0,34.46,card,2,0,N
ORD-100388,12/07/2025,10066,beauty,12.17,1,10,10.95,card,2,4,N
ORD-100389,10/12/2025,11009,sports,21.91,1,0,21.91,card,3,1,Y
ORD-100390,01/10/2025,10817,sports ,52.3,1,10,47.07,voucher,3,4,N
ORD-100391,22/09/2025,10226,electronics,272.17,1,0,272.17,card,5,2,Y
ORD-100392,21/10/2025,11051,electronics,214.55,1,0,214.55,card,5,3,N
ORD-100393,13/04/2025,10721,footwear,93.23,2,25,139.84,card,1,0,N
ORD-100394,02/02/2025,10238,apparel,35.07,2,30,49.1,card,5,1,N
ORD-100395,12/01/2025,10546,home,35.74,1,10,32.17,card,3,1,N
ORD-100396,02/09/2025,11033,footwear,73.47,1,0,73.47,card,2,1,N
ORD-100397,14/06/2025,10789,home,32.61,3,0,97.83,card,4,1,N
ORD-100399,04/07/2025,10253,apparel,28.18,1,0,28.18,paypal,1,2,N
ORD-100401,12/01/2025,10855,footwear,39.1,1,30,27.37,card,2,1,N
ORD-100402,23/10/2025,10559,home,91.98,1,30,64.39,card,3,3,N
ORD-100403,24/12/2025,10424,footwear,44.23,2,0,88.46,paypal,2,1,Y
ORD-100404,04/07/2025,10821,electronics,178.17,1,0,178.17,paypal,3,1,N
ORD-100405,15/12/2025,11034,electronics,369.51,1,0,369.51,card,2,1,N
ORD-100406,16/07/2025,10674,home,91.93,2,25,137.9,bnpl,2,1,Y
ORD-100407,01/06/2025,10317,footwear,60.22,1,0,60.22,card,6,1,N
ORD-100408,18/01/2025,10243,home,33.05,1,0,33.05,bnpl,2,0,N
ORD-100409,15/12/2025,10039,apparel,62.23,1,0,62.23,card,2,1,N
ORD-100410,01/06/2025,10730,sports,71.87,1,10,64.68,paypal,6,0,N
ORD-100411,19/06/2025,10032,electronics,99.2,1,15,84.32,bnpl,2,0,N
ORD-100412,05/09/2025,10817,footwear,107.14,1,0,107.14,card,3,3,N
ORD-100413,04/08/2025,10499,sports ,110.62,1,0,110.62,paypal,1,2,N
ORD-100414,07/02/2025,11041,footwear,39.45,1,0,39.45,paypal,1,1,N
ORD-100415,17/01/2025,10952,footwear,98.4,1,0,98.4,bnpl,1,0,Y
ORD-100416,15/12/2025,10223,apparel,22.83,3,0,68.49,card,5,1,N
ORD-100417,08/02/2025,10206,electronics,99.57,2,20,159.31,card,4,1,Y
ORD-100418,14/07/2025,10604,beauty ,14.54,2,0,29.08,card,2,0,N
ORD-100419,27/01/2025,10377,apparel,61.55,3,0,184.65,card,4,1,Y
ORD-100420,19/11/2025,10982,apparel,46.76,1,5,44.42,bnpl,8,1,N
ORD-100421,10/04/2025,10766,home,100.4,1,0,100.4,card,3,1,N
ORD-100422,10/06/2025,11024,home,62.43,1,0,62.43,bnpl,4,0,N
ORD-100423,03/08/2025,10193,sports,63.54,2,0,127.08,card,5,0,N
ORD-100425,11/06/2025,10733,beauty,32.26,2,0,64.52,card,3,0,N
ORD-100426,16/07/2025,10735,apparel,35.88,1,15,30.5,bnpl,5,4,Y
ORD-100427,27/08/2025,10913,apparel,30.37,2,0,60.74,paypal,4,1,N
ORD-100428,16/10/2025,11056,apparel,69.41,2,0,138.82,card,4,1,N
ORD-100429,13/09/2025,10159,apparel,34.47,1,0,34.47,paypal,1,0,N
ORD-100430,09/11/2025,10100,apparel,36.26,1,0,36.26,paypal,2,2,Y
ORD-100431,16/03/2025,10634,sports,37.19,2,15,63.22,paypal,4,1,N
ORD-100432,05/12/2025,10844,apparel,33.71,4,0,134.84,card,5,3,N
ORD-100433,05/07/2025,10508,apparel,36.86,1,10,33.17,card,4,2,N
ORD-100434,26/04/2025,10486,apparel,74.86,1,0,74.86,card,5,0,N
ORD-100436,09/08/2025,10341,home,41.66,1,0,41.66,card,3,0,N
ORD-100437,08/01/2025,11039,electronics,204.0,1,0,204.0,paypal,2,0,N
ORD-100438,29/06/2025,10614,beauty,0.0,2,0,18.56,paypal,6,0,N
ORD-100439,24/03/2025,10603,footwear,35.57,1,0,35.57,card,6,0,Y
ORD-100440,04/03/2025,10869,sports,63.78,1,0,63.78,paypal,2,0,N
ORD-100441,06/02/2025,10491,apparel,42.72,2,0,85.44,card,10,0,N
ORD-100442,08/04/2025,10049,footwear,63.54,1,30,44.48,card,4,1,Y
ORD-100443,26/08/2025,10559,footwear,93.46,0,0,186.92,bnpl,4,1,Y
ORD-100444,19/11/2025,11038,home,77.19,1,15,65.61,bnpl,2,1,N
ORD-100445,21/11/2025,10609,home,67.62,2,0,135.24,paypal,3,1,N
ORD-100446,17/05/2025,10610,apparel,63.88,1,0,63.88,card,2,0,N
ORD-100447,08/06/2025,11053,apparel,37.72,2,0,75.44,paypal,3,1,N
ORD-100448,11/01/2025,10757,sports,31.92,1,0,31.92,bnpl,4,0,N
ORD-100449,08/12/2025,11019,beauty,39.93,4,0,159.72,card,4,1,N
ORD-100450,13/01/2025,11037,home,92.08,1,20,73.66,card,3,0,N
ORD-100451,25/02/2025,10474,electronics,171.4,1,0,171.4,card,1,1,N
ORD-100452,08/08/2025,10448,electronics,211.89,1,25,158.92,paypal,2,0,N
ORD-100453,01/03/2025,10253,apparel,38.2,1,0,38.2,card,4,1,N
ORD-100454,19/12/2025,10494,apparel,43.96,1,0,43.96,card,2,1,Y
ORD-100455,24/09/2025,10246,home,85.67,2,5,162.77,card,1,1,N
ORD-100456,22/10/2025,10806,sports,116.99,1,0,116.99,voucher,2,3,N
ORD-100457,03/05/2025,10081,home,134.11,2,0,268.22,paypal,4,1,N
ORD-100458,31/03/2025,10794,apparel,27.95,1,30,19.56,card,4,1,N
ORD-100459,23/09/2025,10788,apparel,58.64,2,0,117.28,card,2,0,N
ORD-100460,22/01/2025,10390,electronics,310.48,1,0,310.48,card,2,0,N
ORD-100461,08/02/2025,10061,sports,16.6,1,0,16.6,card,3,0,N
ORD-100462,08/06/2025,10940,home,112.3,1,0,112.3,card,6,0,N
ORD-100463,01/05/2025,10241,home,98.74,1,30,69.12,paypal,2,0,N
ORD-100464,11/06/2025,10199,sports,141.05,1,20,112.84,bnpl,2,2,N
ORD-100465,03/01/2025,10348,home,98.34,1,0,98.34,bnpl,8,0,N
ORD-100467,11/06/2025,10480,home,89.91,1,0,89.91,voucher,6,0,N
ORD-100468,30/05/2025,10975,apparel,47.26,1,0,47.26,paypal,3,2,N
ORD-100470,22/02/2025,10607,apparel,55.25,1,0,55.25,card,2,0,N
ORD-100471,22/04/2025,10317,home,49.25,1,0,49.25,card,5,0,N
ORD-100472,06/05/2025,10376,electronics,174.57,1,0,174.57,bnpl,4,0,N
ORD-100473,13/09/2025,10578,electronics,92.76,2,0,185.52,card,2,1,N
ORD-100474,26/08/2025,10791,apparel,54.1,1,20,43.28,card,8,6,N
ORD-100476,13/08/2025,10553,apparel,33.91,1,0,33.91,card,1,0,N
ORD-100477,19/10/2025,10910,home,38.4,1,0,38.4,card,2,0,N
ORD-100478,02/03/2025,10269,electronics,324.18,1,0,324.18,card,2,0,N
ORD-100479,27/07/2025,10164,apparel,50.97,1,0,50.97,bnpl,1,0,N
ORD-100480,11/08/2025,10250,beauty,16.66,2,15,28.32,card,1,0,N
ORD-100481,14/11/2025,10174,home,42.36,2,0,84.72,card,6,0,N
ORD-100482,08/12/2025,10803,apparel,39.53,2,15,67.2,card,2,1,Y
ORD-100483,03/04/2025,11044,home,105.89,2,20,169.42,card,4,0,N
ORD-100484,28/06/2025,10024,apparel,52.72,1,10,47.45,card,2,1,Y
ORD-100485,29/05/2025,10479,apparel,37.49,1,0,37.49,card,1,0,N
ORD-100486,13/06/2025,10230,home,41.73,1,25,31.3,card,3,1,N
ORD-100487,15/07/2025,10696,electronics,218.6,2,0,437.2,card,2,0,N
ORD-100488,25/10/2025,10684,apparel,43.61,2,0,87.22,card,5,1,N
ORD-100489,14/12/2025,10983,sports,151.56,1,10,136.4,card,5,3,Y
ORD-100490,19/03/2025,10310,sports,110.5,2,0,221.0,card,2,0,N
ORD-100491,24/12/2025,10373,apparel,76.99,2,0,153.98,card,2,3,N
ORD-100492,24/08/2025,11029,home,74.02,2,0,148.04,bnpl,6,2,N
ORD-100493,14/08/2025,10824,apparel,53.32,3,20,127.97,card,3,1,Y
ORD-100494,19/02/2025,10766,apparel,45.85,1,10,41.26,paypal,3,0,Y
ORD-100495,13/04/2025,10385,footwear,44.86,2,5,85.23,card,1,0,N
ORD-100496,06/01/2025,10443,apparel,70.67,1,0,70.67,paypal,1,0,N
ORD-100497,11/11/2025,10728,apparel ,57.59,2,0,115.18,card,4,1,N
ORD-100498,27/03/2025,10957,apparel,45.62,1,5,43.34,bnpl,3,0,Y
ORD-100499,14/06/2025,10741,sports,63.35,1,0,63.35,card,5,0,N
ORD-100500,30/10/2025,10145,apparel,47.3,2,0,94.6,card,3,2,N
ORD-100501,26/10/2025,10155,electronics ,300.65,2,0,601.3,card,4,1,Y
ORD-100502,22/08/2025,10593,sports,97.74,2,0,195.48,voucher,6,2,N
ORD-100503,13/10/2025,10404,home,50.66,3,15,129.18,card,4,2,Y
ORD-100504,05/10/2025,10935,electronics,198.49,1,0,198.49,card,6,0,N
ORD-100505,04/07/2025,10842,footwear,81.73,1,10,73.56,bnpl,5,0,N
ORD-100507,28/09/2025,11060,home,92.36,2,0,184.72,voucher,1,4,Y
ORD-100509,05/10/2025,10626,apparel,72.42,1,0,72.42,card,4,3,N
ORD-100510,20/08/2025,10677,sports,113.2,1,20,90.56,card,1,3,Y
ORD-100512,09/05/2025,10369,beauty,26.21,1,0,26.21,bnpl,1,0,N
ORD-100513,21/01/2025,10066,footwear,53.74,1,0,53.74,paypal,5,1,N
ORD-100514,02/09/2025,10956,home,21.01,2,0,42.02,card,4,1,N
ORD-100516,30/03/2025,10154,home,67.77,2,0,135.54,card,1,0,N
ORD-100517,28/07/2025,10860,beauty,33.34,1,15,28.34,card,2,0,N
ORD-100518,05/10/2025,10502,beauty,9.71,1,0,9.71,paypal,5,1,N
ORD-100519,19/04/2025,10225,home,85.56,3,0,256.68,card,2,1,Y
ORD-100520,09/01/2025,10768,beauty,12.03,1,0,12.03,bnpl,1,0,N
ORD-100521,20/08/2025,10692,apparel,69.88,1,10,62.89,voucher,2,1,N
ORD-100522,17/04/2025,10840,home,89.29,1,5,84.83,card,4,1,N
ORD-100523,08/08/2025,10588,electronics ,158.67,3,0,476.01,voucher,1,3,N
ORD-100524,26/06/2025,10964,apparel,77.3,2,0,154.6,voucher,3,3,N
ORD-100525,02/06/2025,10067,apparel,68.48,1,0,68.48,paypal,5,0,N
ORD-100526,07/09/2025,10334,sports,64.37,2,15,109.43,card,6,0,N
ORD-100527,22/01/2025,10312,apparel,32.89,2,0,65.78,bnpl,6,0,N
ORD-100528,30/09/2025,11044,apparel,54.84,1,10,49.36,card,4,2,N
ORD-100529,09/07/2025,10835,electronics,179.5,1,20,143.6,card,4,1,N
ORD-100530,19/01/2025,10722,footwear,76.6,2,5,145.54,card,2,0,N
ORD-100531,27/10/2025,10990,electronics ,274.02,2,0,548.04,bnpl,2,1,N
ORD-100532,13/10/2025,10445,apparel,22.41,1,0,22.41,card,1,0,N
ORD-100533,09/10/2025,10381,apparel,25.51,1,0,25.51,card,5,3,N
ORD-100534,17/03/2025,10039,footwear,42.64,1,15,36.24,card,2,0,Y
ORD-100535,09/01/2025,10774,apparel,50.35,1,0,50.35,bnpl,2,0,N
ORD-100536,26/01/2025,10794,electronics,189.74,1,10,170.77,card,1,0,N
ORD-100537,07/03/2025,10755,beauty,14.71,2,10,26.48,voucher,3,1,N
ORD-100538,01/12/2025,10196,footwear,80.17,2,0,160.34,card,2,4,Y
ORD-100539,01/09/2025,10493,apparel,40.19,1,30,28.13,voucher,8,1,Y
ORD-100540,23/11/2025,10699,apparel,76.42,1,25,57.32,card,4,1,N
ORD-100541,11/10/2025,10813,beauty,19.33,1,0,19.33,card,1,0,N
ORD-100543,25/08/2025,10805,footwear,47.79,1,10,43.01,paypal,1,2,Y
ORD-100544,30/12/2025,10219,sports,50.29,1,10,45.26,card,3,0,N
ORD-100545,03/05/2025,10124,home,84.51,1,0,84.51,card,3,0,N
ORD-100546,19/10/2025,10229,footwear,38.71,2,5,73.55,card,2,2,N
ORD-100547,27/01/2025,10430,home,80.42,2,0,160.84,paypal,6,0,N
ORD-100548,19/06/2025,10815,apparel ,34.61,2,0,69.22,card,2,0,Y
ORD-100549,15/02/2025,10390,electronics,161.53,2,0,323.06,card,4,1,N
ORD-100550,10/05/2025,10985,sports,109.19,2,15,185.62,card,4,1,N
ORD-100551,29/05/2025,10092,home,62.59,3,0,187.77,card,3,2,N
ORD-100552,02/06/2025,10332,beauty,33.26,1,0,33.26,card,1,0,N
ORD-100553,26/01/2025,10516,electronics,109.56,1,5,104.08,voucher,3,0,N
ORD-100554,19/06/2025,10964,home,58.69,1,0,58.69,bnpl,3,2,N
ORD-100555,27/05/2025,10850,apparel,49.93,2,0,99.86,card,3,0,N
ORD-100556,12/08/2025,11047,electronics,193.47,1,0,193.47,card,3,0,N
ORD-100558,21/08/2025,10957,apparel,39.15,1,0,39.15,paypal,13,2,Y
ORD-100559,16/12/2025,10327,apparel,51.59,2,15,87.7,card,3,2,N
ORD-100561,21/08/2025,10086,apparel,31.08,1,30,21.76,voucher,4,1,N
ORD-100562,31/07/2025,10706,electronics,347.61,2,25,521.42,card,2,1,N
ORD-100563,03/11/2025,10196,home,84.96,2,5,161.42,bnpl,3,3,N
ORD-100564,22/08/2025,10886,electronics ,80.56,2,25,120.84,card,2,0,N
ORD-100565,11/12/2025,10830,electronics,199.98,2,20,319.97,card,1,2,Y
ORD-100566,21/08/2025,10537,apparel,31.47,1,0,31.47,bnpl,5,1,Y
ORD-100567,29/09/2025,10020,electronics,282.49,1,10,254.24,card,5,2,Y
ORD-100568,19/10/2025,10025,footwear,57.58,1,10,51.82,bnpl,2,2,N
ORD-100569,01/08/2025,10713,electronics ,114.05,2,0,228.1,card,2,0,N
ORD-100571,23/07/2025,10976,electronics,56.77,1,0,56.77,bnpl,8,0,N
ORD-100572,30/12/2025,10821,footwear,62.64,1,15,53.24,card,2,2,N
ORD-100573,17/04/2025,10899,beauty,25.66,1,0,25.66,bnpl,2,2,N
ORD-100574,04/12/2025,10983,apparel,33.0,2,5,62.7,card,2,2,Y
ORD-100575,07/04/2025,10135,footwear,103.07,1,0,103.07,card,3,0,N
ORD-100576,27/03/2025,10085,apparel,40.28,1,0,40.28,bnpl,4,0,N
ORD-100577,22/06/2025,10965,home,99.43,1,20,79.54,voucher,3,0,Y
ORD-100578,30/03/2025,11012,apparel,31.64,1,20,25.31,bnpl,2,1,Y
ORD-100579,27/06/2025,10252,sports,85.01,1,0,85.01,voucher,4,0,N
ORD-100580,05/06/2025,10355,beauty,17.16,1,5,16.3,bnpl,3,1,Y
ORD-100581,05/01/2025,11055,apparel ,50.47,2,0,100.94,card,2,0,N
ORD-100582,15/07/2025,10657,apparel,34.05,3,0,102.15,card,1,0,N
ORD-100583,03/05/2025,10303,electronics,183.6,1,0,183.6,card,2,0,Y
ORD-100584,07/07/2025,10817,electronics,259.53,3,0,778.59,card,2,2,N
ORD-100585,10/04/2025,10551,apparel ,63.5,1,25,47.62,paypal,4,1,Y
ORD-100586,18/01/2025,10527,home,58.17,1,25,43.63,card,2,0,N
ORD-100588,17/02/2025,10463,apparel,35.19,1,15,29.91,card,2,0,N
ORD-100589,02/07/2025,10306,footwear,44.06,1,0,44.06,card,6,2,N
ORD-100590,17/12/2025,10266,beauty,23.83,1,0,23.83,paypal,8,2,N
ORD-100592,15/03/2025,10281,apparel,47.28,1,5,44.92,card,3,0,Y
ORD-100593,17/08/2025,10035,apparel,48.44,1,0,48.44,card,2,5,N
ORD-100594,02/04/2025,10431,apparel,35.44,1,0,35.44,card,2,0,N
ORD-100595,15/11/2025,10042,home,138.54,1,0,138.54,card,5,1,N
ORD-100596,21/01/2025,10916,apparel,37.57,1,5,35.69,card,2,0,Y
ORD-100597,01/10/2025,10706,home,146.18,2,0,292.36,card,5,2,N
ORD-100598,05/07/2025,10460,apparel,66.19,1,0,66.19,paypal,5,1,N
ORD-100599,16/04/2025,10222,home,45.51,1,10,40.96,paypal,4,0,N
ORD-100600,24/02/2025,10492,home,41.51,1,0,41.51,card,7,1,N
ORD-100601,04/07/2025,10194,apparel,54.32,1,0,54.32,card,4,1,Y
ORD-100602,29/09/2025,10676,home,25.09,1,25,18.82,card,1,1,N
ORD-100603,14/09/2025,10663,beauty,31.37,1,0,31.37,paypal,1,1,N
ORD-100604,28/01/2025,10782,home,42.07,1,0,42.07,card,5,0,N
ORD-100605,11/04/2025,10552,apparel,21.97,1,0,21.97,bnpl,1,0,N
ORD-100606,12/05/2025,10156,apparel,55.35,1,0,55.35,paypal,2,0,N
ORD-100607,27/05/2025,10203,beauty,37.93,2,0,75.86,card,1,0,N
ORD-100608,19/12/2025,11046,beauty,29.24,1,0,29.24,card,5,0,N
ORD-100609,04/05/2025,10044,electronics,145.69,1,20,116.55,card,5,1,N
ORD-100610,14/10/2025,10298,apparel,28.34,2,0,56.68,card,3,0,N
ORD-100611,08/10/2025,10220,sports,127.14,2,25,190.71,bnpl,1,1,Y
ORD-100612,14/04/2025,10403,apparel,43.11,2,5,81.91,card,2,0,N
ORD-100613,11/09/2025,10746,electronics,211.32,1,10,190.19,paypal,3,2,N
ORD-100615,05/07/2025,10965,electronics,216.02,1,0,216.02,card,6,1,N
ORD-100616,12/02/2025,10262,footwear,35.47,1,0,35.47,card,3,0,Y
ORD-100617,19/01/2025,10227,apparel,61.66,3,5,175.73,card,3,0,N
ORD-100618,12/05/2025,10405,sports,36.72,1,10,33.05,paypal,1,0,N
ORD-100619,09/08/2025,10112,beauty,11.02,1,25,8.26,card,2,1,N
ORD-100620,20/01/2025,10724,home,72.53,1,20,58.02,card,6,1,N
ORD-100621,29/06/2025,10016,footwear,47.86,1,0,47.86,card,6,0,N
ORD-100622,16/07/2025,10327,electronics,237.69,1,0,237.69,paypal,5,1,N
ORD-100624,30/11/2025,10122,electronics,404.26,1,0,404.26,voucher,4,2,N
ORD-100625,14/10/2025,10049,sports,68.48,1,10,61.63,card,3,2,Y
ORD-100626,25/08/2025,10059,electronics,63.56,1,20,50.85,bnpl,4,0,N
ORD-100627,02/02/2025,10271,footwear,74.77,1,0,74.77,card,2,0,N
ORD-100629,05/02/2025,10062,home,36.56,1,0,36.56,paypal,1,0,N
ORD-100630,27/06/2025,10930,footwear,46.77,2,0,93.54,card,9,0,Y
ORD-100631,15/03/2025,10855,sports ,61.19,1,0,61.19,card,3,2,N
ORD-100632,31/03/2025,10961,home,112.79,1,0,112.79,card,2,1,N
ORD-100633,04/09/2025,10726,apparel,51.17,2,0,102.34,card,3,0,Y
ORD-100634,24/04/2025,10549,apparel,36.03,1,0,36.03,paypal,2,0,N
ORD-100635,06/06/2025,10578,footwear,80.58,1,15,68.49,card,3,0,N
ORD-100636,28/04/2025,10420,apparel ,53.74,1,0,53.74,card,2,0,N
ORD-100637,01/10/2025,10579,home,68.57,1,10,61.71,card,5,1,N
ORD-100638,26/03/2025,10864,home ,130.3,2,0,260.6,card,1,0,N
ORD-100639,14/03/2025,10681,electronics,229.52,1,5,218.04,card,3,0,N
ORD-100640,14/07/2025,11016,electronics,358.67,1,0,358.67,card,3,1,N
ORD-100641,28/11/2025,10629,home,53.31,1,10,47.98,card,5,2,N
ORD-100642,07/04/2025,11017,electronics,235.4,1,10,211.86,paypal,5,0,N
ORD-100643,28/02/2025,10162,apparel,50.46,2,0,100.92,card,1,0,N
ORD-100644,09/09/2025,10457,home,81.54,1,0,81.54,card,3,1,N
ORD-100645,27/08/2025,10769,electronics,268.52,1,20,214.82,card,3,1,N
ORD-100646,03/07/2025,10803,electronics,111.58,2,0,223.16,card,2,0,Y
ORD-100647,09/01/2025,10904,footwear,0.0,1,0,62.26,voucher,2,0,N
ORD-100648,24/09/2025,10823,apparel ,23.25,1,20,18.6,bnpl,2,1,N
ORD-100649,15/01/2025,10256,apparel ,50.81,1,10,45.73,bnpl,2,0,Y
ORD-100650,15/03/2025,10834,sports,40.69,2,25,61.04,card,4,0,N
ORD-100651,11/10/2025,10596,apparel,34.38,2,0,68.76,voucher,9,1,N
ORD-100652,16/03/2025,10945,apparel,24.98,1,0,24.98,paypal,2,0,N
ORD-100653,07/12/2025,10964,apparel,66.6,1,0,66.6,paypal,3,4,N
ORD-100654,15/06/2025,10956,electronics,191.3,2,0,382.6,card,2,0,Y
ORD-100655,29/05/2025,10375,electronics,345.29,1,10,310.76,card,3,2,N
ORD-100656,28/10/2025,10114,apparel,38.55,1,15,32.77,card,3,1,N
ORD-100657,06/12/2025,10680,home,100.34,2,0,200.68,paypal,4,1,N
ORD-100658,28/04/2025,10177,electronics,402.74,1,0,402.74,bnpl,3,1,N
ORD-100659,09/10/2025,10549,footwear,47.71,1,0,47.71,card,7,2,Y
ORD-100660,09/10/2025,10766,apparel ,51.32,1,0,51.32,paypal,2,3,Y
ORD-100661,31/01/2025,10069,home,121.76,1,10,109.58,card,2,0,N
ORD-100662,16/12/2025,10129,apparel,67.26,2,5,127.79,card,4,0,Y
ORD-100663,20/01/2025,10982,beauty ,30.69,2,5,58.31,card,9,0,N
ORD-100664,13/04/2025,10761,sports,130.74,1,0,130.74,paypal,2,0,N
ORD-100665,11/09/2025,10655,home,90.0,2,0,180.0,card,4,1,N
ORD-100666,29/03/2025,10927,electronics,336.43,2,0,672.86,card,1,0,N
ORD-100667,03/11/2025,10020,footwear ,66.65,1,10,59.99,paypal,3,4,N
ORD-100669,14/06/2025,10959,beauty,23.66,2,0,47.32,card,5,3,N
ORD-100670,25/12/2025,10288,apparel,27.83,3,0,83.49,paypal,4,0,N
ORD-100671,28/03/2025,10337,sports,36.65,2,0,73.3,card,2,0,N
ORD-100672,03/08/2025,10468,footwear,75.01,1,0,75.01,card,4,0,N
ORD-100673,08/12/2025,10283,sports,69.44,1,0,69.44,card,1,0,N
ORD-100674,17/08/2025,10486,apparel,44.75,1,0,44.75,bnpl,2,2,N
ORD-100675,21/03/2025,10673,apparel ,55.61,1,0,55.61,card,5,0,N
ORD-100676,31/05/2025,10794,beauty,32.19,1,0,32.19,card,4,2,N
ORD-100677,18/05/2025,10497,electronics,244.97,3,5,698.16,card,5,1,N
ORD-100678,10/07/2025,10534,footwear,68.19,1,20,54.55,paypal,2,0,Y
ORD-100679,10/11/2025,10058,apparel,26.57,1,0,26.57,card,3,1,N
ORD-100680,07/01/2025,10855,home,56.0,1,0,56.0,card,3,0,N
ORD-100681,25/01/2025,10456,home,87.93,2,0,175.86,card,2,0,N
ORD-100682,11/01/2025,10028,electronics,269.09,2,0,538.18,card,4,0,Y
ORD-100683,30/05/2025,10502,home,47.55,2,0,95.1,card,2,0,N
ORD-100684,02/10/2025,10509,apparel,36.96,1,0,36.96,paypal,2,2,N
ORD-100685,10/12/2025,11032,apparel,31.74,1,0,31.74,card,1,3,N
ORD-100686,28/12/2025,10813,footwear,109.28,2,0,218.56,card,3,1,N
ORD-100687,16/01/2025,10230,footwear,38.36,3,0,115.08,card,5,0,N
ORD-100688,08/05/2025,10792,apparel,36.84,4,10,132.62,card,4,0,N
ORD-100690,19/08/2025,10299,footwear,38.49,2,5,73.13,card,5,0,N
ORD-100691,16/08/2025,10998,home,123.29,1,25,92.47,paypal,4,0,N
ORD-100692,28/01/2025,10238,electronics,150.75,1,5,143.21,bnpl,1,0,N
ORD-100693,06/10/2025,10513,apparel,71.58,1,10,64.42,bnpl,3,6,N
ORD-100694,11/11/2025,10522,electronics,186.89,1,15,158.86,card,3,2,N
ORD-100695,17/02/2025,10439,home,58.31,2,20,93.3,bnpl,1,0,N
ORD-100696,11/11/2025,10628,footwear,111.39,1,10,100.25,card,2,0,N
ORD-100697,19/02/2025,10079,electronics,129.92,1,10,116.93,card,2,0,Y
ORD-100698,10/06/2025,10084,beauty,40.25,1,25,30.19,card,3,1,Y
ORD-100699,27/09/2025,10319,home,59.11,1,0,59.11,voucher,4,1,N
ORD-100700,03/02/2025,10499,electronics ,122.83,1,0,122.83,card,2,0,N
ORD-100702,02/03/2025,10791,home,52.33,1,25,39.25,card,2,3,N
ORD-100703,30/05/2025,10841,electronics,337.88,1,5,320.99,card,3,0,N
ORD-100704,01/08/2025,10793,home,35.46,2,10,63.83,card,4,3,N
ORD-100705,10/01/2025,10247,apparel,65.35,1,0,65.35,card,2,0,N
ORD-100706,10/04/2025,10955,footwear,55.95,1,0,55.95,paypal,1,1,N
ORD-100707,16/06/2025,10330,home,51.85,1,0,51.85,paypal,1,0,N
ORD-100708,28/04/2025,10008,apparel,79.39,2,15,134.96,paypal,3,0,N
ORD-100709,15/11/2025,10107,apparel,48.92,1,0,48.92,bnpl,3,3,Y
ORD-100710,07/08/2025,10210,apparel,73.08,1,0,73.08,card,3,0,N
ORD-100711,06/05/2025,10795,beauty,23.98,1,10,21.58,card,7,0,N
ORD-100713,04/10/2025,10531,electronics,168.52,1,0,168.52,card,5,0,N
ORD-100714,10/10/2025,10578,apparel,40.19,1,15,34.16,voucher,5,2,N
ORD-100715,11/05/2025,10308,footwear,104.94,1,0,104.94,card,5,0,N
ORD-100716,24/06/2025,10224,electronics,203.54,1,0,203.54,card,3,1,N
ORD-100717,26/09/2025,10281,electronics,341.88,1,0,341.88,card,4,2,N
ORD-100718,24/05/2025,10846,beauty,12.59,2,0,25.18,card,3,1,N
ORD-100719,30/11/2025,10995,apparel,35.87,2,0,71.74,voucher,3,3,N
ORD-100720,20/06/2025,10266,electronics,86.38,1,0,86.38,card,3,0,N
ORD-100721,03/02/2025,10035,home,105.02,2,0,210.04,paypal,6,0,N
ORD-100722,12/06/2025,10146,home,74.14,1,5,70.43,paypal,2,1,N
ORD-100723,26/12/2025,10751,beauty,20.94,1,0,20.94,card,3,2,N
ORD-100724,27/01/2025,10764,sports,122.51,2,0,245.02,paypal,3,0,N
ORD-100725,16/07/2025,10226,beauty,14.97,2,0,29.94,card,4,0,N
ORD-100726,12/03/2025,10183,home,47.92,1,0,47.92,card,4,0,N
ORD-100727,27/07/2025,10689,electronics,181.76,1,0,181.76,card,8,1,N
ORD-100728,11/01/2025,10277,home,77.53,1,0,77.53,card,3,0,Y
ORD-100729,15/11/2025,10423,apparel,56.62,1,10,50.96,card,-999,0,N
ORD-100730,27/09/2025,10215,beauty,36.28,1,10,32.65,card,3,3,N
ORD-100731,16/03/2025,10806,footwear,68.9,1,0,68.9,card,1,1,N
ORD-100732,28/06/2025,10064,footwear,66.15,1,0,66.15,card,3,1,N
ORD-100733,07/12/2025,10502,apparel,35.35,2,15,60.1,card,5,3,N
ORD-100734,10/02/2025,10727,home,40.29,2,10,72.52,card,3,1,N
ORD-100735,08/03/2025,10476,home,17.59,1,0,17.59,card,2,0,N
ORD-100736,02/01/2025,10966,apparel,61.09,3,0,183.27,card,4,0,N
ORD-100737,15/03/2025,10634,apparel,53.68,2,25,80.52,card,2,0,N
ORD-100738,11/04/2025,10884,electronics,317.23,1,5,301.37,card,1,2,Y
ORD-100739,15/01/2025,10176,footwear,65.81,1,0,65.81,voucher,2,0,N
ORD-100740,04/03/2025,10769,apparel,55.64,1,0,55.64,card,3,0,N
ORD-100741,21/04/2025,10421,beauty,22.97,1,5,21.82,card,4,1,N
ORD-100742,10/09/2025,11003,electronics,271.6,1,0,271.6,voucher,1,0,N
ORD-100743,19/04/2025,10091,beauty,27.9,1,0,27.9,card,4,1,N
ORD-100744,06/11/2025,10424,home,64.04,2,25,96.06,card,4,0,N
ORD-100745,21/08/2025,10809,footwear,42.76,2,0,85.52,voucher,2,3,N
ORD-100746,02/12/2025,10577,footwear,67.72,2,10,121.9,card,4,3,N
ORD-100747,30/01/2025,10619,apparel,54.81,1,15,46.59,card,10,0,N
ORD-100748,31/01/2025,10451,apparel,75.8,1,5,72.01,card,4,0,N
ORD-100749,03/04/2025,10817,apparel,67.85,2,20,108.56,card,3,0,N
ORD-100750,17/01/2025,10371,apparel,65.94,1,15,56.05,card,5,0,N
ORD-100751,06/12/2025,10895,apparel,22.65,1,5,21.52,bnpl,2,2,Y
ORD-100752,01/11/2025,10579,sports,75.29,1,0,75.29,card,2,2,N
ORD-100753,23/12/2025,11026,electronics,146.71,2,15,249.41,voucher,4,1,N
ORD-100754,03/12/2025,10877,apparel,39.85,1,0,39.85,card,4,0,N
ORD-100755,13/11/2025,10248,footwear,46.48,1,0,46.48,paypal,6,0,N
ORD-100756,01/04/2025,10833,apparel,62.33,1,0,62.33,card,6,0,N
ORD-100758,24/08/2025,10705,footwear,83.31,2,0,166.62,card,3,1,N
ORD-100759,09/12/2025,10590,sports,61.59,1,10,55.43,card,3,0,N
ORD-100760,07/01/2025,10968,footwear ,60.63,1,0,60.63,paypal,8,0,N
ORD-100762,19/07/2025,11030,apparel,41.72,1,0,41.72,card,3,0,Y
ORD-100763,23/07/2025,10023,apparel,64.97,2,0,129.94,card,4,0,N
ORD-100764,18/10/2025,10754,home ,40.52,3,10,109.4,paypal,2,0,N
ORD-100765,15/11/2025,10021,electronics,223.99,2,10,403.18,bnpl,2,0,N
ORD-100766,02/05/2025,10477,apparel,55.17,1,0,55.17,bnpl,6,2,N
ORD-100767,29/09/2025,10829,sports,151.9,1,0,151.9,paypal,1,0,Y
ORD-100768,25/07/2025,10965,footwear,44.49,2,30,62.29,bnpl,2,3,N
ORD-100769,03/11/2025,10316,electronics,313.27,3,0,939.81,card,13,0,Y
ORD-100770,06/08/2025,10182,footwear,125.41,2,30,175.57,card,6,0,N
ORD-100771,26/08/2025,10984,beauty,35.64,1,0,35.64,paypal,3,0,N
ORD-100772,18/10/2025,10991,apparel,53.31,2,0,106.62,card,5,2,N
ORD-100773,14/05/2025,10187,home,45.12,1,0,45.12,card,2,0,N
ORD-100774,15/04/2025,10784,home,28.29,2,15,48.09,card,4,0,N
ORD-100775,04/12/2025,10414,apparel,47.55,1,0,47.55,card,2,1,N
ORD-100776,18/03/2025,10995,apparel,52.46,4,0,209.84,card,1,0,Y
ORD-100777,11/12/2025,10536,beauty,44.85,2,20,71.76,card,3,2,N
ORD-100778,06/10/2025,10313,apparel,35.57,1,20,28.46,card,2,2,N
ORD-100779,30/09/2025,10449,apparel,25.27,1,0,25.27,card,2,0,N
ORD-100780,17/06/2025,10698,electronics,87.36,1,40,52.42,card,4,0,N
ORD-100781,31/10/2025,10750,beauty,20.08,1,0,20.08,paypal,4,2,N
ORD-100782,09/06/2025,10486,home ,84.75,1,0,84.75,bnpl,6,1,N
ORD-100783,10/09/2025,10160,electronics,381.21,1,10,343.09,paypal,4,1,N
ORD-100784,13/08/2025,10724,footwear,74.14,1,25,55.6,card,4,2,N
ORD-100785,28/01/2025,10150,apparel,67.92,1,0,67.92,card,8,0,N
ORD-100786,30/10/2025,10495,footwear,95.06,1,0,95.06,card,1,1,N
ORD-100787,17/07/2025,10056,beauty,32.34,1,0,32.34,bnpl,3,2,N
ORD-100788,13/01/2025,10513,sports,116.84,1,0,116.84,paypal,1,0,N
ORD-100789,11/04/2025,10901,home,13.03,1,0,13.03,card,4,0,N
ORD-100790,05/04/2025,11053,apparel,49.62,2,0,99.24,paypal,3,0,N
ORD-100791,25/12/2025,10963,footwear,86.29,1,0,86.29,bnpl,7,2,Y
ORD-100792,05/10/2025,11007,beauty,34.0,3,5,96.9,card,2,2,N
ORD-100793,12/10/2025,10690,sports,120.37,2,0,240.74,card,7,1,N
ORD-100794,22/09/2025,10070,beauty,12.36,2,0,24.72,paypal,4,0,N
ORD-100795,04/10/2025,10340,apparel,23.31,1,20,18.65,paypal,1,1,N
ORD-100796,17/07/2025,10238,electronics,139.98,1,0,139.98,card,4,3,N
ORD-100797,22/03/2025,10153,sports,81.98,2,20,131.17,bnpl,2,0,N
ORD-100798,03/02/2025,10583,apparel,65.34,1,0,65.34,card,1,0,Y
ORD-100799,04/12/2025,10042,electronics,212.72,1,20,170.18,card,2,2,N
ORD-100800,10/07/2025,10896,footwear,42.26,2,0,84.52,card,4,0,N
ORD-100801,21/12/2025,10720,footwear,87.14,2,5,165.57,card,5,3,Y
ORD-100802,05/12/2025,11044,electronics,256.06,1,0,256.06,card,1,3,N
ORD-100803,22/05/2025,10664,apparel,56.58,3,25,127.3,card,1,0,N
ORD-100804,03/01/2025,10177,apparel,76.77,1,0,76.77,card,3,0,N
ORD-100805,25/05/2025,10717,apparel,54.32,1,20,43.46,bnpl,4,1,N
ORD-100806,19/04/2025,10746,footwear,97.2,1,0,97.2,paypal,4,0,Y
ORD-100807,05/01/2025,10200,apparel,55.7,2,0,111.4,paypal,1,0,N
ORD-100808,23/07/2025,10321,apparel,55.09,1,15,46.83,card,3,0,N
ORD-100809,02/12/2025,10495,beauty,32.52,3,0,97.56,card,1,2,N
ORD-100810,23/04/2025,10773,apparel,69.76,1,0,69.76,bnpl,9,0,N
ORD-100812,17/11/2025,10832,electronics,262.74,1,0,262.74,card,3,0,N
ORD-100813,03/04/2025,10477,home,134.47,1,10,121.02,card,3,0,N
ORD-100815,11/09/2025,10012,footwear,56.73,1,0,56.73,paypal,5,0,N
ORD-100817,31/10/2025,10863,apparel,49.51,1,0,49.51,paypal,3,1,N
ORD-100818,02/08/2025,10257,footwear,48.1,1,0,48.1,card,5,1,N
ORD-100819,01/07/2025,10343,electronics,90.26,1,0,90.26,card,5,1,N
ORD-100820,04/08/2025,11055,sports,39.69,1,0,39.69,card,1,4,N
ORD-100821,04/11/2025,10938,apparel,27.04,2,15,45.97,bnpl,4,2,Y
ORD-100822,15/12/2025,10393,apparel,22.96,2,5,43.62,card,6,0,N
ORD-100823,18/04/2025,10735,electronics,200.22,1,0,200.22,bnpl,7,3,N
ORD-100824,20/05/2025,10377,sports,64.96,1,0,64.96,card,6,2,N
ORD-100825,21/02/2025,10380,apparel,54.66,1,0,54.66,voucher,3,0,N
ORD-100826,14/02/2025,10924,sports,128.14,1,0,128.14,card,3,0,N
ORD-100827,22/08/2025,10209,electronics,144.35,2,5,274.26,card,4,1,N
ORD-100828,27/09/2025,10743,electronics,184.67,3,20,443.21,card,3,1,Y
ORD-100830,19/11/2025,10365,electronics,301.52,1,10,271.37,card,5,2,Y
ORD-100831,03/11/2025,10025,electronics,342.91,1,0,342.91,paypal,3,3,N
ORD-100832,19/09/2025,10111,sports,98.84,1,20,79.07,paypal,14,4,N
ORD-100833,23/11/2025,10885,apparel,56.76,2,0,113.52,paypal,5,2,N
ORD-100834,10/12/2025,10791,home,95.0,2,5,180.5,bnpl,5,7,N
ORD-100835,22/10/2025,10294,apparel,50.39,1,0,50.39,card,4,0,N
ORD-100837,09/04/2025,10043,footwear,82.66,2,0,165.32,voucher,4,0,N
ORD-100838,12/07/2025,10781,apparel ,73.01,1,0,73.01,card,3,0,N
ORD-100839,03/01/2025,10481,electronics ,323.11,2,0,646.22,paypal,1,0,N
ORD-100841,01/07/2025,10836,beauty,24.59,2,25,36.88,card,4,2,N
ORD-100842,16/08/2025,10220,home,73.15,3,0,219.45,paypal,3,0,Y
ORD-100843,18/11/2025,10901,electronics ,96.27,1,20,77.02,card,4,1,N
ORD-100844,23/10/2025,10451,electronics,113.02,2,0,226.04,paypal,1,2,N
ORD-100846,07/12/2025,10832,home,94.49,2,0,188.98,card,4,1,N
ORD-100847,28/07/2025,10107,apparel,24.97,1,0,24.97,card,5,1,Y
ORD-100848,06/03/2025,10189,apparel,50.62,1,0,50.62,voucher,1,0,N
ORD-100849,01/11/2025,10238,footwear,70.19,2,15,119.32,voucher,7,5,N
ORD-100850,06/09/2025,10214,sports,138.6,1,20,110.88,card,3,0,N
ORD-100852,24/05/2025,10826,apparel,60.1,2,0,120.2,bnpl,3,0,N
ORD-100853,29/12/2025,10642,apparel,56.01,2,5,106.42,card,7,3,Y
ORD-100854,19/09/2025,10041,footwear,76.83,2,0,153.66,paypal,3,1,N
ORD-100855,07/11/2025,10646,electronics,307.37,2,0,614.74,card,3,0,N
ORD-100856,28/01/2025,10348,electronics,263.22,1,25,197.42,card,3,1,N
ORD-100857,21/02/2025,10353,apparel,52.39,1,15,44.53,voucher,3,0,N
ORD-100858,06/10/2025,10184,apparel,53.66,1,0,53.66,card,3,1,N
ORD-100859,04/11/2025,10765,apparel,29.45,2,0,58.9,bnpl,5,0,N
ORD-100860,29/03/2025,10905,electronics,177.41,1,10,159.67,bnpl,2,0,N
ORD-100861,28/11/2025,10926,footwear,74.5,1,0,74.5,card,4,0,N
ORD-100862,22/12/2025,10895,beauty,26.63,1,0,26.63,card,2,3,N
ORD-100863,03/12/2025,10264,home,90.16,1,25,67.62,card,3,1,N
ORD-100864,25/05/2025,10444,sports,144.26,1,5,137.05,bnpl,4,1,N
ORD-100865,01/03/2025,10889,electronics,186.75,1,0,186.75,card,3,0,N
ORD-100866,23/03/2025,10674,sports,52.0,1,30,36.4,card,3,0,Y
ORD-100867,14/01/2025,11010,home,128.67,1,5,122.24,bnpl,3,0,N
ORD-100869,27/10/2025,10784,footwear,98.59,2,20,157.74,card,4,1,Y
ORD-100870,18/04/2025,10306,footwear,31.96,1,0,31.96,card,4,1,Y
ORD-100871,28/05/2025,10092,sports,164.85,3,15,420.37,bnpl,5,1,N
ORD-100872,23/10/2025,10865,footwear,50.47,1,0,50.47,paypal,1,2,N
ORD-100873,27/09/2025,10137,apparel,33.27,2,15,56.56,card,5,2,N
ORD-100874,20/11/2025,10197,footwear,80.18,1,0,80.18,voucher,1,0,N
ORD-100875,18/12/2025,10042,home,54.04,3,0,162.12,card,4,3,N
ORD-100876,16/02/2025,11026,footwear,62.24,1,0,62.24,card,2,0,N
ORD-100877,12/08/2025,10326,apparel,69.0,2,0,138.0,card,4,0,N
ORD-100878,27/07/2025,10032,apparel,31.89,1,10,28.7,voucher,1,1,N
ORD-100879,22/10/2025,11052,home,104.26,1,25,78.2,card,3,1,N
ORD-100880,08/04/2025,10020,apparel,44.8,1,0,44.8,card,6,1,N
ORD-100881,18/06/2025,10027,footwear,87.41,3,40,157.34,paypal,1,1,Y
ORD-100882,07/07/2025,10166,sports,41.54,1,20,33.23,card,2,1,N
ORD-100883,08/09/2025,10579,footwear,124.82,1,0,124.82,card,4,0,N
ORD-100884,14/05/2025,10483,electronics,190.76,1,30,133.53,paypal,3,0,N
ORD-100885,14/07/2025,10013,electronics,190.96,1,10,171.86,card,1,0,N
ORD-100886,31/08/2025,10459,home,103.01,2,0,206.02,card,3,1,N
ORD-100887,10/03/2025,10929,home,89.81,2,15,152.68,card,6,2,N
ORD-100888,08/09/2025,10266,apparel,78.56,1,0,78.56,paypal,5,1,N
ORD-100889,20/03/2025,10509,apparel,22.45,1,5,21.33,paypal,5,0,N
ORD-100890,19/06/2025,10277,home,21.32,2,20,34.11,card,4,2,N
ORD-100891,22/01/2025,10592,electronics,202.41,2,0,404.82,card,1,0,N
ORD-100892,05/10/2025,10040,apparel,72.13,1,15,61.31,card,1,0,N
ORD-100893,19/12/2025,10250,home,49.05,1,0,49.05,paypal,2,1,N
ORD-100894,30/09/2025,10270,apparel,33.93,1,20,27.14,paypal,6,1,Y
ORD-100895,05/04/2025,10640,home,47.17,1,20,37.74,voucher,5,0,N
ORD-100896,12/09/2025,10526,footwear,43.81,1,0,43.81,bnpl,4,0,N
ORD-100897,19/04/2025,10244,footwear,92.71,2,0,185.42,card,1,0,Y
ORD-100898,30/03/2025,10493,electronics,306.63,1,0,306.63,card,3,0,N
ORD-100899,05/09/2025,10163,apparel,26.12,2,10,47.02,voucher,5,0,Y
ORD-100900,28/10/2025,10120,apparel,33.53,2,20,53.65,card,5,2,N
ORD-100901,28/06/2025,10621,apparel,19.17,1,0,19.17,card,4,0,N
ORD-100902,18/05/2025,10389,electronics,168.14,1,5,159.73,voucher,8,2,N
ORD-100903,15/04/2025,10313,sports,65.79,1,0,65.79,card,1,0,N
ORD-100904,16/02/2025,10959,home,17.46,1,0,17.46,bnpl,2,0,Y
ORD-100905,23/08/2025,10433,electronics,270.05,1,0,270.05,card,6,1,N
ORD-100906,18/06/2025,10932,apparel,51.55,1,15,43.82,card,6,3,N
ORD-100907,13/11/2025,10599,footwear,57.64,2,0,115.28,card,3,1,N
ORD-100908,18/06/2025,10006,apparel,39.1,2,15,66.47,card,5,2,N
ORD-100909,10/09/2025,10778,electronics,112.96,1,30,79.07,card,5,0,N
ORD-100910,21/08/2025,10725,apparel,61.49,3,0,184.47,card,5,0,N
ORD-100911,26/12/2025,10792,beauty,35.9,1,0,35.9,paypal,1,3,N
ORD-100912,24/03/2025,10465,sports,55.17,2,0,110.34,card,1,0,N
ORD-100913,23/12/2025,10836,apparel,49.91,1,0,49.91,card,2,3,N
ORD-100914,24/03/2025,10044,footwear,33.16,2,25,49.74,card,6,0,N
ORD-100915,31/08/2025,10955,apparel,69.96,1,10,62.96,voucher,2,2,Y
ORD-100916,18/04/2025,10015,electronics,246.4,2,30,344.96,card,5,0,Y
ORD-100917,08/07/2025,10110,home,53.88,1,10,48.49,card,3,0,N
ORD-100918,29/06/2025,10006,footwear,75.62,1,0,75.62,card,4,3,N
ORD-100919,11/02/2025,10623,sports,20.84,1,0,20.84,voucher,10,0,N
ORD-100920,15/02/2025,10513,home,84.95,2,0,169.9,card,3,1,Y
ORD-100921,05/02/2025,10593,home,43.59,1,0,43.59,paypal,3,0,N
ORD-100922,17/12/2025,10435,footwear,90.97,2,5,172.84,card,6,0,N
ORD-100923,15/02/2025,10626,apparel,47.31,1,0,47.31,bnpl,7,0,N
ORD-100924,22/12/2025,10158,electronics,275.87,1,0,275.87,card,5,0,N
ORD-100925,13/02/2025,10025,apparel,69.03,1,0,69.03,paypal,5,0,N
ORD-100926,21/09/2025,10365,footwear,53.93,1,15,45.84,card,3,1,N
ORD-100927,13/04/2025,10511,apparel ,43.04,1,0,43.04,card,3,0,N
ORD-100928,13/09/2025,10834,electronics,328.21,2,10,590.78,bnpl,1,2,N
ORD-100929,14/06/2025,10529,home,48.17,3,0,144.51,bnpl,2,0,N
ORD-100930,01/11/2025,11002,apparel,39.45,2,20,63.12,card,3,1,Y
ORD-100931,16/07/2025,11051,apparel,35.75,2,0,71.5,card,3,1,Y
ORD-100932,26/02/2025,10844,electronics,129.71,1,0,129.71,card,1,0,N
ORD-100933,05/06/2025,10789,apparel,34.41,1,0,34.41,card,8,0,Y
ORD-100934,14/04/2025,10799,beauty ,32.59,2,0,65.18,card,8,0,N
ORD-100935,28/06/2025,10594,electronics,142.08,1,5,134.98,paypal,3,1,N
ORD-100936,20/06/2025,10338,home,89.3,1,0,89.3,card,7,0,N
ORD-100937,14/10/2025,10148,apparel,48.19,1,10,43.37,card,1,1,N
ORD-100938,27/01/2025,10594,footwear,72.5,1,20,58.0,card,4,0,N
ORD-100939,15/04/2025,10703,beauty,26.12,2,0,52.24,card,3,0,N
ORD-100940,27/01/2025,10775,apparel ,46.07,2,0,92.14,card,6,0,Y
ORD-100941,17/09/2025,10643,electronics,289.43,2,20,463.09,bnpl,1,1,N
ORD-100942,22/11/2025,10144,apparel,40.15,1,0,40.15,paypal,3,3,N
ORD-100943,05/01/2025,10941,home,37.88,1,0,37.88,card,2,0,N
ORD-100944,18/08/2025,10712,apparel,52.3,1,0,52.3,paypal,3,2,N
ORD-100946,23/07/2025,10664,apparel,43.5,1,0,43.5,voucher,3,1,Y
ORD-100947,17/09/2025,10313,apparel,70.7,2,0,141.4,card,1,1,N
ORD-100948,13/08/2025,10566,apparel,64.14,2,0,128.28,card,5,2,Y
ORD-100949,12/01/2025,10155,sports,192.29,2,0,384.58,paypal,2,0,Y
ORD-100950,29/04/2025,10967,home,72.69,1,0,72.69,card,4,0,N
ORD-100951,26/03/2025,10535,electronics,274.34,1,0,274.34,card,2,1,N
ORD-100952,16/06/2025,10669,beauty,14.47,1,0,14.47,bnpl,8,0,N
ORD-100953,16/12/2025,10198,footwear,77.96,1,30,54.57,voucher,10,3,N
ORD-100954,27/09/2025,10745,apparel,22.89,3,0,68.67,card,4,3,N
ORD-100955,27/03/2025,10701,home,46.44,1,0,46.44,card,3,0,N
ORD-100956,21/01/2025,10276,home,39.64,1,0,39.64,card,2,0,N
ORD-100957,17/07/2025,10991,apparel,66.39,1,0,66.39,paypal,3,1,N
ORD-100958,18/09/2025,10559,apparel,57.92,2,0,115.84,card,4,2,N
ORD-100959,29/04/2025,10705,electronics,343.9,1,0,343.9,card,2,0,Y
ORD-100960,31/10/2025,10648,home,98.28,1,0,98.28,bnpl,2,0,N
ORD-100961,17/02/2025,10835,apparel,32.1,1,10,28.89,paypal,2,0,N
ORD-100963,16/05/2025,10031,apparel,32.36,2,0,64.72,card,7,1,N
ORD-100964,02/06/2025,10123,beauty,40.19,1,0,40.19,bnpl,6,2,N
ORD-100965,12/10/2025,10190,home,82.65,1,0,82.65,paypal,3,1,N
ORD-100966,14/01/2025,10585,apparel,70.69,3,0,212.07,card,2,0,N
ORD-100967,15/08/2025,11042,beauty,24.72,1,0,24.72,paypal,3,2,N
ORD-100968,15/06/2025,10469,beauty,11.4,1,0,11.4,card,4,0,N
ORD-100969,13/03/2025,10678,home,41.66,1,0,41.66,card,3,0,N
ORD-100970,13/11/2025,10258,home,42.78,1,0,42.78,voucher,2,0,N
ORD-100971,18/10/2025,11056,apparel,49.29,1,5,46.83,card,7,2,N
ORD-100972,20/09/2025,10236,electronics,161.12,1,30,112.78,card,3,1,N
ORD-100973,06/12/2025,10935,sports,69.33,1,0,69.33,paypal,2,1,N
ORD-100974,04/03/2025,11060,sports,28.05,2,0,56.1,bnpl,2,1,N
ORD-100975,27/05/2025,10064,beauty,19.27,1,0,19.27,paypal,2,0,N
ORD-100976,27/11/2025,10952,sports ,71.17,1,0,71.17,card,2,4,N
ORD-100977,25/11/2025,10975,home,45.82,3,0,137.46,card,7,5,N
ORD-100978,15/12/2025,10965,apparel,40.15,2,0,80.3,paypal,4,4,N
ORD-100979,13/07/2025,10603,electronics,79.08,1,30,55.36,paypal,4,3,N
ORD-100980,01/05/2025,10714,apparel,54.34,1,0,54.34,card,2,0,N
ORD-100981,15/06/2025,10450,electronics ,116.56,3,0,349.68,card,7,1,N
ORD-100982,13/03/2025,10192,beauty,16.68,1,0,16.68,card,3,0,N
ORD-100983,26/03/2025,10083,beauty,34.22,2,0,68.44,paypal,1,1,Y
ORD-100984,28/05/2025,10195,electronics,166.76,1,20,133.41,bnpl,2,1,N
ORD-100985,04/02/2025,10979,apparel ,41.25,1,15,35.06,voucher,1,0,N
ORD-100986,28/01/2025,10830,sports,57.35,2,15,97.5,card,3,1,N
ORD-100987,27/10/2025,10983,beauty,28.7,1,15,24.4,card,6,1,N
ORD-100988,10/05/2025,10630,electronics,358.4,1,0,358.4,paypal,3,2,Y
ORD-100990,11/09/2025,10013,apparel,29.51,1,20,23.61,card,2,1,N
ORD-100991,13/02/2025,10962,home,99.65,1,10,89.68,card,1,0,N
ORD-100992,12/02/2025,10515,electronics,186.3,1,30,130.41,voucher,3,0,N
ORD-100993,22/12/2025,10509,apparel,42.09,1,0,42.09,card,7,3,N
ORD-100994,29/06/2025,10766,footwear,84.96,1,0,84.96,card,1,2,N
ORD-100995,03/01/2025,11004,beauty,16.84,2,0,33.68,paypal,10,0,N
ORD-100996,30/11/2025,10417,home,46.6,2,0,93.2,card,8,2,N
ORD-100997,18/10/2025,11011,home,82.04,1,0,82.04,paypal,3,2,N
ORD-100998,01/09/2025,10196,electronics,218.11,1,10,196.3,bnpl,2,2,N
ORD-100999,20/04/2025,10527,home ,62.53,1,0,62.53,paypal,6,2,N
ORD-101000,02/04/2025,10812,sports,125.03,1,0,125.03,voucher,3,0,N
ORD-101001,21/12/2025,10427,electronics,127.2,1,0,127.2,card,2,1,N
ORD-101002,08/09/2025,10626,home,82.07,1,5,77.97,card,9,2,N
ORD-101003,04/05/2025,10814,home,83.17,1,0,83.17,paypal,3,0,N
ORD-101004,24/04/2025,10051,beauty,30.08,1,0,30.08,card,1,0,N
ORD-101005,31/05/2025,10161,footwear,91.27,1,0,91.27,card,1,1,N
ORD-101006,21/05/2025,10395,electronics,170.58,2,0,341.16,card,3,2,N
ORD-101008,19/04/2025,10056,home,94.93,1,0,94.93,card,3,0,N
ORD-101009,12/03/2025,10966,footwear,47.71,3,0,143.13,bnpl,2,1,Y
ORD-101010,28/04/2025,10746,home,124.67,2,0,249.34,paypal,3,1,N
ORD-101011,25/01/2025,10916,sports,25.43,3,5,72.48,card,2,1,N
ORD-101012,09/07/2025,10128,footwear,30.05,1,15,25.54,card,1,0,N
ORD-101013,13/11/2025,10577,electronics,165.73,2,0,331.46,card,5,2,N
ORD-101014,09/09/2025,10339,electronics,238.22,1,0,238.22,card,14,3,Y
ORD-101015,06/11/2025,11055,beauty,38.25,1,0,38.25,card,2,5,N
ORD-101016,17/10/2025,10160,footwear,70.81,2,15,120.38,paypal,4,2,Y
ORD-101017,23/12/2025,10434,home,49.29,1,5,46.83,card,3,5,N
ORD-101018,20/01/2025,10985,home,66.47,2,0,132.94,card,9,0,N
ORD-101019,28/11/2025,10716,apparel,67.17,1,20,53.74,card,1,1,N
ORD-101020,09/09/2025,10588,apparel,32.41,1,0,32.41,card,4,4,N
ORD-101021,25/05/2025,10109,home,80.62,1,0,80.62,card,4,1,Y
ORD-101022,01/03/2025,10868,home,29.76,1,0,29.76,bnpl,3,0,Y
ORD-101023,24/09/2025,11040,apparel,50.53,2,0,101.06,card,2,0,N
ORD-101024,29/08/2025,10513,apparel,37.27,1,0,37.27,paypal,1,3,N
ORD-101025,08/11/2025,10850,home,60.16,2,0,120.32,paypal,2,1,N
ORD-101026,10/03/2025,10875,apparel,35.95,1,0,35.95,card,5,0,N
ORD-101027,18/02/2025,10052,home,31.62,2,20,50.59,card,3,0,N
ORD-101028,04/04/2025,10619,sports,134.22,1,0,134.22,card,6,2,N
ORD-101029,08/01/2025,10306,footwear,75.0,1,15,63.75,card,6,0,N
ORD-101030,18/10/2025,10471,beauty,22.07,2,0,44.14,card,7,0,N
ORD-101031,03/04/2025,10173,sports,185.27,2,0,370.54,paypal,6,1,N
ORD-101032,03/10/2025,10695,footwear,77.91,1,0,77.91,card,4,1,N
ORD-101033,28/09/2025,10101,apparel,50.62,1,5,48.09,bnpl,2,0,N
ORD-101034,14/08/2025,10001,apparel ,64.53,4,0,258.12,card,4,1,N
ORD-101035,30/12/2025,10537,footwear,56.4,2,20,90.24,card,6,2,Y
ORD-101036,11/11/2025,10882,footwear,116.4,2,0,232.8,bnpl,3,1,N
ORD-101037,02/12/2025,10048,home,102.96,1,0,102.96,bnpl,3,0,N
ORD-101038,03/01/2025,10464,apparel,37.37,1,0,37.37,card,1,0,Y
ORD-101039,18/02/2025,11042,footwear,59.78,1,5,56.79,card,2,0,N
ORD-101040,23/08/2025,10834,electronics,91.86,2,20,146.98,card,3,1,N
ORD-101041,11/04/2025,10231,beauty,20.99,1,0,20.99,card,1,0,N
ORD-101042,18/12/2025,10965,home,56.89,1,0,56.89,card,2,5,N
ORD-101043,09/04/2025,10007,apparel,21.2,1,20,16.96,bnpl,5,0,N
ORD-101044,13/08/2025,10147,apparel,37.11,2,0,74.22,bnpl,6,0,N
ORD-101045,09/03/2025,10775,home,57.27,2,5,108.81,card,3,1,N
ORD-101046,11/03/2025,10865,home,60.43,1,0,60.43,card,5,0,Y
ORD-101047,18/08/2025,11060,home,128.69,1,10,115.82,card,2,3,N
ORD-101048,08/03/2025,10463,sports ,47.48,1,10,42.73,card,2,1,N
ORD-101049,13/08/2025,10945,home,126.46,1,20,101.17,card,3,1,N
ORD-101050,09/06/2025,10324,beauty ,42.75,1,10,38.48,card,4,0,N
ORD-101051,23/03/2025,10406,sports,39.9,1,20,31.92,card,8,0,N
ORD-101052,01/10/2025,10931,apparel,20.01,2,0,40.02,paypal,4,0,N
ORD-101053,23/11/2025,10850,electronics,225.52,1,0,225.52,voucher,6,2,N
ORD-101054,30/10/2025,10165,apparel,27.98,1,0,27.98,card,1,2,N
ORD-101055,15/09/2025,10619,electronics ,281.93,1,0,281.93,paypal,3,3,N
ORD-101056,28/02/2025,10837,apparel,37.5,2,0,75.0,paypal,3,1,N
ORD-101057,27/05/2025,10267,electronics,116.42,4,0,465.68,paypal,3,1,Y
ORD-101058,01/03/2025,10929,electronics ,233.84,2,0,467.68,paypal,2,1,Y
ORD-101059,01/07/2025,10257,footwear,48.04,1,0,48.04,card,1,0,Y
ORD-101060,03/08/2025,11014,beauty,28.38,1,0,28.38,paypal,1,2,N
ORD-101061,12/07/2025,10312,footwear,59.21,1,40,35.53,card,4,4,N
ORD-101062,01/12/2025,10816,electronics,206.64,1,0,206.64,card,6,0,Y
ORD-101063,31/10/2025,10457,apparel,72.0,2,40,86.4,card,6,2,Y
ORD-101064,09/05/2025,10025,apparel,41.47,1,0,41.47,card,2,1,N
ORD-101065,26/08/2025,11056,sports,125.19,1,0,125.19,card,4,0,N
ORD-101066,05/08/2025,10979,electronics,284.27,1,10,255.84,card,4,1,N
ORD-101067,09/04/2025,11028,home,48.98,1,15,41.63,bnpl,3,0,N
ORD-101068,27/11/2025,10026,home,101.48,2,0,202.96,paypal,9,0,N
ORD-101069,26/11/2025,10377,apparel,52.94,1,0,52.94,paypal,5,3,N
ORD-101070,19/12/2025,10320,apparel,37.97,1,0,37.97,bnpl,3,0,Y
ORD-101071,28/05/2025,10359,sports,141.99,1,0,141.99,card,4,0,N
ORD-101072,26/02/2025,10895,footwear,58.45,1,0,58.45,card,4,1,Y
ORD-101073,22/08/2025,10213,beauty,9.36,1,0,9.36,paypal,5,0,N
ORD-101074,11/08/2025,10337,apparel,60.61,1,0,60.61,card,1,4,N
ORD-101075,16/01/2025,10377,home,110.64,1,0,110.64,voucher,3,0,N
ORD-101076,13/06/2025,10165,electronics,242.36,1,10,218.12,card,4,1,N
ORD-101077,25/05/2025,10652,apparel,21.64,2,10,38.95,paypal,1,1,N
ORD-101078,22/09/2025,10795,home,128.81,2,0,257.62,paypal,6,2,N
ORD-101079,14/05/2025,10975,home,52.04,1,0,52.04,card,3,1,N
ORD-101080,16/03/2025,10054,apparel ,33.85,1,0,33.85,card,4,1,N
ORD-101081,07/01/2025,10381,home,97.11,1,20,77.69,card,3,0,N
ORD-101082,11/06/2025,10410,sports,144.87,3,15,369.42,paypal,10,0,N
ORD-101083,06/07/2025,10132,home,43.95,1,10,39.56,voucher,7,1,N
ORD-101084,03/04/2025,10602,beauty,23.2,1,10,20.88,bnpl,5,0,N
ORD-101085,18/07/2025,10975,footwear,81.32,3,10,219.56,voucher,1,4,N
ORD-101086,17/03/2025,10084,beauty,31.06,1,10,27.95,voucher,2,0,N
ORD-101087,04/11/2025,10376,beauty,39.07,1,5,37.12,card,5,2,N
ORD-101088,17/12/2025,10017,electronics,214.29,1,0,214.29,card,1,1,Y
ORD-101089,25/02/2025,11032,apparel,42.45,1,15,36.08,paypal,7,0,N
ORD-101090,05/06/2025,10361,apparel ,66.36,1,20,53.09,card,3,2,N
ORD-101091,24/03/2025,10195,apparel,33.83,1,25,25.37,paypal,2,0,N
ORD-101092,12/11/2025,10192,home,43.26,1,15,36.77,card,11,2,N
ORD-101093,15/03/2025,11021,sports,86.65,1,0,86.65,card,3,0,N
ORD-101094,12/04/2025,10524,apparel,53.68,1,25,40.26,card,3,1,Y
ORD-101095,21/07/2025,10215,electronics ,365.03,1,20,292.02,card,3,2,N
ORD-101096,05/06/2025,10371,apparel,50.55,1,0,50.55,voucher,2,2,N
ORD-101097,20/09/2025,10652,apparel,28.0,1,0,28.0,card,4,2,Y
ORD-101098,17/05/2025,10395,home,51.54,1,10,46.39,card,1,1,N
ORD-101099,19/11/2025,10059,sports,113.34,1,20,90.67,bnpl,4,2,Y
ORD-101101,18/09/2025,10879,home,18.81,1,0,18.81,card,3,1,N
ORD-101102,04/08/2025,10018,home,53.43,1,0,53.43,paypal,4,1,N
ORD-101103,23/09/2025,10395,apparel,33.62,1,0,33.62,card,2,4,N
ORD-101104,10/11/2025,10452,apparel,75.67,1,0,75.67,card,3,1,N
ORD-101105,27/03/2025,10041,footwear,79.69,1,0,79.69,card,5,0,N
ORD-101106,09/08/2025,10132,beauty,12.28,1,25,9.21,paypal,3,2,N
ORD-101108,01/05/2025,10458,apparel,72.37,2,15,123.03,card,1,1,Y
ORD-101109,02/01/2025,10837,apparel,58.58,1,10,52.72,paypal,3,0,N
ORD-101110,09/03/2025,10361,apparel,58.58,2,20,93.73,paypal,4,0,Y
ORD-101111,25/07/2025,10291,footwear,125.81,1,0,125.81,bnpl,2,0,Y
ORD-101112,08/06/2025,10495,sports,121.41,2,0,242.82,card,6,0,N
ORD-101113,07/07/2025,10137,apparel,63.28,1,30,44.3,card,3,1,N
ORD-101114,05/03/2025,10846,apparel ,43.57,1,0,43.57,card,3,0,N
ORD-101115,01/04/2025,10170,apparel,34.34,2,0,68.68,card,4,0,N
ORD-101116,12/08/2025,10344,home,33.93,1,15,28.84,bnpl,3,1,N
ORD-101117,02/01/2025,10949,home,119.8,3,5,341.43,paypal,7,0,N
ORD-101118,27/01/2025,10386,footwear,91.4,1,0,91.4,card,5,0,Y
ORD-101119,13/12/2025,10862,electronics,258.69,2,0,517.38,bnpl,5,0,N
ORD-101120,24/05/2025,10027,electronics,186.4,2,10,335.52,card,1,0,N
ORD-101121,12/07/2025,10677,beauty,18.76,2,15,31.89,paypal,5,2,N
ORD-101122,02/01/2025,10078,sports,52.54,1,0,52.54,bnpl,2,0,Y
ORD-101123,30/07/2025,10681,electronics,212.85,3,0,638.55,card,4,3,Y
ORD-101124,15/07/2025,10810,electronics,133.38,1,0,133.38,card,-999,1,Y
ORD-101125,22/09/2025,10399,home,69.34,1,0,69.34,bnpl,5,1,N
ORD-101126,12/04/2025,10153,home ,86.54,1,0,86.54,paypal,3,1,N
ORD-101127,01/04/2025,10884,apparel ,33.72,1,0,33.72,card,4,1,N
ORD-101128,09/09/2025,10575,apparel,83.76,2,40,100.51,card,2,0,N
ORD-101129,07/04/2025,10652,home,76.26,1,0,76.26,card,2,0,N
ORD-101130,16/05/2025,10112,apparel,25.38,1,0,25.38,card,4,0,Y
ORD-101131,16/01/2025,10123,apparel,61.18,1,0,61.18,paypal,2,0,Y
ORD-101132,01/10/2025,10886,apparel,39.49,1,10,35.54,card,2,1,Y
ORD-101133,04/01/2025,10830,home,51.38,2,0,102.76,bnpl,2,0,N
ORD-101134,11/06/2025,10350,footwear,57.54,2,20,92.06,paypal,1,3,N
ORD-101135,07/12/2025,10223,electronics,86.82,3,25,195.34,bnpl,2,0,N
ORD-101136,11/07/2025,10903,apparel,67.78,2,0,135.56,bnpl,5,1,N
ORD-101137,16/11/2025,10185,footwear,38.08,2,30,53.31,card,2,0,N
ORD-101138,01/10/2025,10275,apparel ,33.1,1,0,33.1,card,3,2,N
ORD-101139,16/03/2025,11022,home,68.54,3,0,205.62,card,5,0,N
ORD-101140,01/03/2025,10520,apparel,50.29,1,0,50.29,card,2,0,N
ORD-101141,28/08/2025,10176,home,44.5,2,20,71.2,card,2,1,N
ORD-101142,31/08/2025,10524,apparel,37.52,2,30,52.53,card,1,2,N
ORD-101143,13/11/2025,10568,apparel,30.0,2,10,54.0,card,2,0,N
ORD-101144,30/11/2025,10621,apparel,50.27,2,0,100.54,card,3,1,N
ORD-101145,31/08/2025,10546,electronics ,79.84,1,5,75.85,card,1,3,N
ORD-101146,26/11/2025,11008,apparel,62.79,2,0,125.58,card,3,1,N
ORD-101147,04/09/2025,11047,home,76.39,2,0,152.78,card,4,1,N
ORD-101148,02/08/2025,10267,footwear,39.11,2,0,78.22,card,2,2,N
ORD-101149,29/12/2025,10486,home,141.45,3,25,318.26,card,4,5,Y
ORD-101150,24/04/2025,10304,apparel,61.83,3,0,185.49,voucher,5,0,N
ORD-101151,21/08/2025,10352,apparel,64.46,1,10,58.01,voucher,1,0,N
ORD-101152,07/02/2025,10113,apparel,43.94,1,15,37.35,card,3,0,N
ORD-101153,03/08/2025,10305,footwear,90.4,1,20,72.32,card,5,0,N
ORD-101154,15/03/2025,10661,beauty,20.46,1,0,20.46,card,9,1,N
ORD-101155,03/06/2025,11009,home,122.43,1,0,122.43,card,2,0,Y
ORD-101156,06/10/2025,10216,home,40.12,1,0,40.12,voucher,2,0,N
ORD-101157,20/09/2025,10103,apparel ,42.54,2,0,85.08,card,10,1,Y
ORD-101158,10/04/2025,10980,beauty ,30.31,1,0,30.31,card,2,0,N
ORD-101159,08/12/2025,10785,sports,77.29,2,20,123.66,card,8,2,N
ORD-101160,25/03/2025,10859,beauty ,22.23,1,10,20.01,card,6,1,N
ORD-101161,22/01/2025,10501,apparel,34.65,2,0,69.3,voucher,2,0,N
ORD-101162,01/03/2025,10566,footwear,95.73,2,0,191.46,card,3,0,N
ORD-101163,11/07/2025,10236,apparel,39.21,1,0,39.21,paypal,3,0,N
ORD-101164,08/03/2025,10884,apparel,45.19,2,5,85.86,card,3,0,N
ORD-101165,03/06/2025,10681,sports,97.99,1,0,97.99,card,1,2,Y
ORD-101167,21/08/2025,10969,electronics,132.09,1,0,132.09,card,4,0,N
ORD-101168,20/11/2025,11047,beauty,37.21,2,0,74.42,card,7,2,N
ORD-101169,08/12/2025,10045,footwear,90.74,2,0,181.48,card,4,0,Y
ORD-101170,30/06/2025,10728,footwear,82.4,3,15,210.12,card,3,0,N
ORD-101171,03/02/2025,10344,footwear,81.78,3,0,245.34,card,2,0,N
ORD-101172,22/08/2025,10515,footwear,76.87,3,20,184.49,card,5,2,N
ORD-101173,11/05/2025,10791,footwear,106.19,1,15,90.26,card,7,4,Y
ORD-101174,18/12/2025,10751,beauty,19.76,1,0,19.76,paypal,6,1,N
ORD-101175,09/12/2025,10249,electronics,156.09,1,0,156.09,bnpl,3,2,N
ORD-101176,19/01/2025,10932,footwear,87.53,2,10,157.55,card,5,0,N
ORD-101177,01/06/2025,10561,home,77.88,1,0,77.88,paypal,2,1,N
ORD-101178,05/04/2025,10749,electronics,249.87,1,0,249.87,card,4,0,N
ORD-101179,08/08/2025,10539,beauty,37.58,1,25,28.18,card,3,0,N
ORD-101180,13/10/2025,10983,apparel,39.71,2,5,75.45,card,4,0,N
ORD-101181,18/07/2025,10671,sports,103.33,1,0,103.33,card,4,1,Y
ORD-101182,09/09/2025,10810,apparel,41.98,1,0,41.98,paypal,2,2,Y
ORD-101183,12/03/2025,10117,apparel,69.98,1,0,69.98,card,4,0,N
ORD-101184,16/10/2025,10462,home,100.31,1,0,100.31,card,10,0,N
ORD-101185,09/10/2025,10255,apparel ,37.51,1,0,37.51,bnpl,2,0,N
ORD-101186,11/02/2025,10363,home,70.0,1,5,66.5,paypal,1,0,N
ORD-101187,21/06/2025,10123,electronics ,161.87,1,0,161.87,card,6,3,N
ORD-101188,06/11/2025,10868,apparel,62.48,1,15,53.11,card,3,3,Y
ORD-101189,20/04/2025,10963,footwear,59.13,1,0,59.13,paypal,3,0,N
ORD-101190,21/01/2025,10263,electronics,215.47,1,5,204.7,card,3,0,Y
ORD-101191,10/08/2025,10760,home,0.0,2,30,148.57,card,1,0,N
ORD-101192,02/10/2025,10801,apparel,35.21,1,15,29.93,voucher,6,1,N
ORD-101193,11/01/2025,10301,apparel,19.98,1,0,19.98,card,5,0,N
ORD-101194,17/03/2025,10844,beauty,36.68,2,0,73.36,voucher,1,1,N
ORD-101195,17/02/2025,10871,home,98.41,2,30,137.77,card,2,0,N
ORD-101196,07/12/2025,10214,home,67.93,1,15,57.74,paypal,3,1,N
ORD-101197,10/06/2025,10208,apparel,47.57,1,20,38.06,card,5,0,N
ORD-101198,24/07/2025,10528,apparel,49.83,1,0,49.83,card,1,0,N
ORD-101199,10/12/2025,10145,apparel,44.29,1,0,44.29,card,3,3,N
ORD-101200,25/11/2025,10985,apparel,38.16,1,0,38.16,paypal,4,2,N
ORD-101201,30/10/2025,10565,apparel ,49.75,1,5,47.26,card,1,0,N
ORD-101202,07/07/2025,10890,home,55.56,1,0,55.56,paypal,4,1,N
ORD-101203,30/11/2025,10452,electronics,305.81,2,0,611.62,card,2,2,N
ORD-101204,03/09/2025,10992,sports,38.6,2,0,77.2,bnpl,3,1,N
ORD-101205,18/04/2025,10723,beauty,20.82,1,15,17.7,card,1,0,N
ORD-101206,07/07/2025,10125,footwear,43.41,1,0,43.41,card,8,0,Y
ORD-101207,27/10/2025,10600,footwear,111.32,1,0,111.32,card,3,0,Y
ORD-101208,10/12/2025,10028,sports,87.35,1,5,82.98,paypal,7,3,N
ORD-101209,23/11/2025,10842,footwear,85.3,2,10,153.54,card,2,2,N
ORD-101211,21/06/2025,10529,apparel,30.18,2,0,60.36,bnpl,3,1,Y
ORD-101212,19/04/2025,10198,electronics,318.68,2,0,637.36,card,3,0,Y
ORD-101213,14/04/2025,10407,sports,92.34,2,0,184.68,card,4,0,N
ORD-101214,31/05/2025,10959,electronics,300.94,1,0,300.94,card,3,1,N
ORD-101215,27/05/2025,10807,footwear ,61.53,1,0,61.53,card,5,0,N
ORD-101216,12/04/2025,10588,home,54.58,1,20,43.66,card,3,1,N
ORD-101217,04/05/2025,10476,apparel,45.57,2,0,91.14,card,4,2,N
ORD-101218,16/01/2025,10436,footwear,42.08,2,10,75.74,card,3,0,Y
ORD-101219,07/11/2025,10600,beauty,10.03,1,0,10.03,card,5,2,N
ORD-101220,24/08/2025,10189,electronics,160.91,1,5,152.86,card,5,1,N
ORD-101221,02/02/2025,10175,home,83.65,1,20,66.92,card,3,0,Y
ORD-101222,23/09/2025,10513,electronics,175.24,1,15,148.95,card,3,5,N
ORD-101223,14/11/2025,10341,apparel,64.62,1,15,54.93,bnpl,3,1,Y
ORD-101224,10/04/2025,10950,apparel,35.57,1,25,26.68,card,7,2,Y
ORD-101225,17/05/2025,10787,apparel,40.52,3,20,97.25,paypal,4,0,Y
ORD-101226,29/04/2025,10206,electronics,103.35,1,0,103.35,paypal,5,2,N
ORD-101227,12/05/2025,10997,sports,98.87,3,0,296.61,card,4,0,N
ORD-101228,08/05/2025,10368,electronics,221.64,1,5,210.56,card,10,0,N
ORD-101229,11/08/2025,10468,footwear,55.96,3,0,167.88,bnpl,3,1,Y
ORD-101230,07/06/2025,10504,beauty,24.53,1,15,20.85,paypal,5,1,Y
ORD-101231,04/04/2025,10184,beauty,26.75,2,0,53.5,paypal,4,0,N
ORD-101232,30/06/2025,11002,sports,24.64,1,10,22.18,voucher,1,0,N
ORD-101233,20/05/2025,10417,home,24.53,1,30,17.17,card,5,0,N
ORD-101234,09/06/2025,10103,beauty ,27.46,1,0,27.46,card,4,0,N
ORD-101236,13/06/2025,10952,apparel,57.14,1,0,57.14,card,3,1,N
ORD-101237,18/06/2025,10068,footwear ,54.11,2,0,108.22,card,5,1,Y
ORD-101238,18/03/2025,10186,home,116.41,1,5,110.59,card,5,0,Y
ORD-101239,20/03/2025,10903,apparel,47.49,1,30,33.24,card,3,0,N
ORD-101241,29/06/2025,10259,home,76.28,1,10,68.65,paypal,2,0,N
ORD-101242,03/10/2025,10427,electronics,144.46,1,10,130.01,card,2,0,Y
ORD-101243,06/05/2025,10585,apparel,60.28,1,0,60.28,bnpl,1,1,N
ORD-101244,31/10/2025,10535,apparel,44.75,1,0,44.75,bnpl,1,2,N
ORD-101246,28/07/2025,10373,footwear,84.42,1,15,71.76,card,3,1,Y
ORD-101247,23/02/2025,10104,footwear,56.43,1,25,42.32,card,3,0,N
ORD-101248,12/09/2025,10745,home,42.29,1,0,42.29,card,2,2,N
ORD-101249,08/04/2025,10947,electronics,67.71,1,5,64.32,card,2,0,N
ORD-101251,24/10/2025,10924,electronics,202.11,2,0,404.22,card,1,3,N
ORD-101252,25/03/2025,10748,footwear,66.22,1,0,66.22,card,2,1,Y
ORD-101253,20/10/2025,10604,electronics,86.5,3,0,259.5,card,1,1,N
ORD-101254,25/04/2025,10162,apparel,63.4,2,5,120.46,voucher,2,1,Y
ORD-101255,29/12/2025,10635,home,104.1,2,0,208.2,card,2,0,N
ORD-101256,07/11/2025,10329,apparel,34.71,2,10,62.48,paypal,2,0,Y
ORD-101257,23/02/2025,10072,home,21.78,1,0,21.78,card,2,0,N
ORD-101258,13/12/2025,10920,electronics,217.57,1,0,217.57,card,4,0,N
ORD-101259,08/12/2025,10691,electronics,95.06,1,0,95.06,card,2,1,N
ORD-101260,13/04/2025,10504,home,84.72,1,0,84.72,bnpl,2,0,N
ORD-101261,13/04/2025,10238,beauty,27.12,1,0,27.12,card,4,2,N
ORD-101262,12/04/2025,10744,apparel,22.66,1,10,20.39,card,7,0,N
ORD-101263,28/04/2025,10350,beauty,22.26,1,0,22.26,card,2,2,N
ORD-101264,15/11/2025,10201,home,65.96,1,0,65.96,bnpl,3,1,N
ORD-101265,26/01/2025,10206,footwear,46.66,2,20,74.66,card,1,0,Y
ORD-101266,07/03/2025,10933,footwear,117.06,2,0,234.12,card,5,1,N
ORD-101267,17/12/2025,10291,electronics,407.09,1,10,366.38,card,3,1,N
ORD-101268,08/01/2025,11041,electronics,170.86,1,25,128.15,voucher,2,0,N
ORD-101269,19/10/2025,10020,apparel,67.14,1,0,67.14,bnpl,1,3,Y
ORD-101270,09/01/2025,10618,apparel,84.16,1,5,79.95,paypal,5,0,N
ORD-101271,18/08/2025,10104,apparel,63.97,1,30,44.78,card,8,2,Y
ORD-101272,19/03/2025,10503,beauty,27.64,1,0,27.64,card,4,1,N
ORD-101273,20/07/2025,10225,home,91.04,1,0,91.04,card,5,2,N
ORD-101274,12/08/2025,10366,apparel,42.49,1,0,42.49,paypal,3,1,N
ORD-101275,03/06/2025,10382,apparel,83.68,1,25,62.76,card,1,0,N
ORD-101276,18/05/2025,10161,apparel,64.59,1,0,64.59,card,2,0,N
ORD-101277,11/11/2025,10178,apparel,25.73,1,0,25.73,paypal,7,1,Y
ORD-101278,15/06/2025,10404,sports,146.41,1,0,146.41,card,1,0,N
ORD-101279,21/02/2025,10623,footwear,103.65,1,0,103.65,card,2,1,N
ORD-101280,31/08/2025,10496,home,112.79,2,0,225.58,card,7,3,N
ORD-101281,07/01/2025,10474,beauty,24.36,2,0,48.72,card,4,0,N
ORD-101282,22/04/2025,10134,apparel,62.05,1,0,62.05,paypal,2,0,Y
ORD-101283,04/01/2025,10487,home,54.03,1,0,54.03,bnpl,1,0,N
ORD-101284,22/08/2025,10556,apparel,53.72,2,10,96.7,card,3,1,N
ORD-101285,01/12/2025,10554,apparel,66.9,1,0,66.9,bnpl,2,0,Y
ORD-101286,10/06/2025,10825,sports,65.35,1,0,65.35,paypal,10,0,N
ORD-101287,03/01/2025,10899,apparel,28.93,1,0,28.93,card,1,0,N
ORD-101288,15/07/2025,10999,footwear,47.4,1,0,47.4,bnpl,2,0,N
ORD-101289,09/10/2025,10907,apparel,48.92,1,0,48.92,paypal,2,1,Y
ORD-101291,31/05/2025,10114,home,54.0,1,0,54.0,bnpl,3,0,N
ORD-101292,12/05/2025,10944,beauty,19.18,2,0,38.36,card,5,0,N
ORD-101293,27/07/2025,10452,home,50.15,2,0,100.3,card,6,0,N
ORD-101294,02/07/2025,10046,electronics,290.24,1,0,290.24,paypal,1,1,Y
ORD-101295,09/06/2025,10391,home,118.24,1,10,106.42,card,9,1,N
ORD-101296,06/02/2025,10088,electronics,108.59,3,5,309.48,card,5,0,N
ORD-101297,25/04/2025,10273,footwear,118.4,1,40,71.04,card,4,0,N
ORD-101298,04/08/2025,10649,electronics,349.62,3,20,839.09,bnpl,3,1,N
ORD-101299,28/10/2025,10599,apparel,37.24,2,25,55.86,paypal,3,0,N
ORD-101300,24/12/2025,10803,electronics,108.93,1,25,81.7,bnpl,2,2,Y
ORD-101301,24/10/2025,10077,electronics,369.76,1,0,369.76,card,3,0,Y
ORD-101302,31/07/2025,10224,apparel,44.44,1,5,42.22,paypal,3,2,N
ORD-101303,13/09/2025,10111,apparel,56.36,1,0,56.36,voucher,1,3,N
ORD-101304,19/12/2025,10748,electronics,274.33,1,15,233.18,card,4,3,N
ORD-101305,23/06/2025,10108,apparel,75.11,2,0,150.22,card,3,0,Y
ORD-101306,24/12/2025,10675,apparel,76.61,1,40,45.97,card,4,2,N
ORD-101308,07/10/2025,10760,apparel,63.75,1,0,63.75,card,2,1,N
ORD-101309,05/10/2025,10553,electronics,252.55,3,0,757.65,paypal,1,1,Y
ORD-101310,09/02/2025,10261,apparel ,46.83,1,0,46.83,paypal,4,1,N
ORD-101311,14/07/2025,10253,electronics ,186.85,3,40,336.33,card,11,3,N
ORD-101312,19/02/2025,10572,home,121.08,2,0,242.16,card,1,0,N
ORD-101313,24/10/2025,10540,apparel,34.29,1,0,34.29,card,5,1,N
ORD-101314,31/01/2025,10518,apparel,42.21,1,0,42.21,card,5,0,Y
ORD-101315,15/10/2025,10004,footwear,104.47,1,10,94.02,card,4,1,Y
ORD-101316,12/07/2025,10277,home,93.11,2,15,158.29,card,8,3,N
ORD-101317,04/08/2025,10809,sports,111.27,2,0,222.54,card,1,2,N
ORD-101318,25/08/2025,10339,sports,95.94,1,5,91.14,card,4,2,N
ORD-101319,28/08/2025,10688,footwear ,54.47,2,0,108.94,card,2,0,N
ORD-101320,17/01/2025,10630,electronics,321.42,2,0,642.84,voucher,1,0,N
ORD-101321,02/08/2025,10576,apparel,29.1,2,5,55.29,card,4,1,N
ORD-101322,31/01/2025,10750,apparel,61.06,1,0,61.06,card,3,0,N
ORD-101323,04/12/2025,10682,apparel,65.26,1,20,52.21,card,3,0,Y
ORD-101324,28/09/2025,10285,beauty,43.08,1,15,36.62,card,6,0,N
ORD-101325,02/10/2025,10715,footwear,112.45,3,10,303.62,card,2,1,N
ORD-101326,26/03/2025,10450,beauty,13.51,1,0,13.51,card,3,0,N
ORD-101327,21/08/2025,10164,electronics,186.31,1,0,186.31,card,5,1,N
ORD-101328,09/07/2025,10281,apparel,62.44,2,0,124.88,card,6,1,N
ORD-101329,15/09/2025,10365,footwear,94.27,1,0,94.27,card,1,0,N
ORD-101330,22/10/2025,10602,home,53.82,2,20,86.11,card,2,1,N
ORD-101331,07/03/2025,10009,apparel,28.7,1,0,28.7,card,5,0,N
ORD-101333,10/11/2025,10015,apparel,25.49,1,0,25.49,card,6,1,N
ORD-101336,10/04/2025,10280,sports,47.85,1,0,47.85,card,3,0,Y
ORD-101337,06/01/2025,10357,electronics,277.85,1,15,236.17,paypal,3,0,N
ORD-101338,16/11/2025,10797,home,83.98,1,5,79.78,paypal,2,1,N
ORD-101339,13/03/2025,10331,apparel,58.13,2,0,116.26,card,1,2,N
ORD-101340,11/03/2025,10496,footwear,48.46,1,10,43.61,voucher,2,0,N
ORD-101341,28/08/2025,10357,sports,78.07,1,0,78.07,paypal,2,3,N
ORD-101342,06/10/2025,10577,apparel,48.0,2,0,96.0,card,3,1,N
ORD-101343,28/09/2025,10082,beauty,11.04,1,0,11.04,card,4,0,Y
ORD-101344,26/02/2025,10547,sports,128.22,3,0,384.66,card,2,0,N
ORD-101345,15/10/2025,10988,apparel,50.25,1,0,50.25,card,3,1,N
ORD-101346,09/02/2025,10038,home,56.24,3,0,168.72,card,6,0,N
ORD-101347,22/06/2025,10312,beauty,18.91,2,0,37.82,bnpl,2,2,N
ORD-101348,01/10/2025,10064,electronics,270.9,2,0,541.8,card,4,2,Y
ORD-101349,09/07/2025,10340,apparel,50.42,2,0,100.84,card,2,0,Y
ORD-101350,08/02/2025,10460,apparel,51.25,1,0,51.25,paypal,3,0,N
ORD-101352,10/07/2025,10523,apparel,34.02,1,10,30.62,paypal,3,1,Y
ORD-101353,09/08/2025,10392,apparel,61.72,1,25,46.29,paypal,2,0,Y
ORD-101354,16/09/2025,10581,home,93.16,3,0,279.48,card,4,0,Y
ORD-101355,10/06/2025,10058,apparel,57.11,4,0,228.44,bnpl,9,0,N
ORD-101356,19/06/2025,10883,apparel,46.12,1,10,41.51,card,4,0,N
ORD-101357,18/04/2025,11031,beauty,17.07,1,0,17.07,bnpl,1,0,N
ORD-101358,20/12/2025,10788,footwear,62.29,1,5,59.18,card,4,1,Y
ORD-101359,26/11/2025,10139,home,91.53,2,0,183.06,paypal,2,0,N
ORD-101360,21/05/2025,10641,electronics,79.29,2,0,158.58,card,2,0,Y
ORD-101361,26/10/2025,10391,apparel,32.59,1,0,32.59,card,1,2,N
ORD-101362,01/04/2025,10261,apparel,34.12,1,0,34.12,voucher,5,2,N
ORD-101363,25/01/2025,11034,home,30.08,1,25,22.56,card,7,0,N
ORD-101364,08/11/2025,10418,beauty,36.45,2,15,61.96,bnpl,3,1,N
ORD-101365,04/06/2025,10046,home,51.82,1,10,46.64,card,2,0,N
ORD-101366,27/03/2025,10275,apparel,46.79,1,0,46.79,voucher,2,0,N
ORD-101367,27/10/2025,10321,apparel,59.74,2,5,113.51,bnpl,4,1,Y
ORD-101368,10/07/2025,10349,beauty,24.14,2,5,45.87,paypal,2,0,N
ORD-101369,28/07/2025,10937,sports,62.51,1,0,62.51,bnpl,5,1,N
ORD-101370,02/12/2025,10079,home,42.92,3,5,122.32,paypal,3,2,N
ORD-101371,28/11/2025,10410,home,23.59,1,0,23.59,card,3,1,N
ORD-101372,11/12/2025,10622,footwear,45.82,1,0,45.82,card,4,1,N
ORD-101373,08/04/2025,10660,home,52.7,1,0,52.7,card,1,0,N
ORD-101374,09/02/2025,10840,home,18.99,1,0,18.99,card,3,0,N
ORD-101375,22/12/2025,10122,beauty,22.81,1,0,22.81,card,3,3,N
ORD-101377,24/11/2025,10962,beauty,33.71,1,0,33.71,card,3,2,N
ORD-101378,04/05/2025,10689,apparel,57.47,1,10,51.72,paypal,4,0,N
ORD-101379,22/12/2025,10530,electronics,234.02,3,0,702.06,card,4,2,N
ORD-101380,10/11/2025,10412,electronics,216.89,1,10,195.2,card,5,1,N
ORD-101381,10/10/2025,10392,home,72.58,1,30,50.81,bnpl,3,1,N
ORD-101382,09/04/2025,10411,beauty ,15.45,1,15,13.13,card,5,0,N
ORD-101383,11/01/2025,10933,footwear,65.04,1,0,65.04,paypal,7,0,Y
ORD-101384,28/05/2025,10874,footwear,46.04,1,10,41.44,card,2,1,N
ORD-101385,14/02/2025,11029,beauty,7.37,2,10,13.27,card,1,0,Y
ORD-101386,10/05/2025,10750,home,80.48,2,0,160.96,card,7,1,Y
ORD-101387,15/10/2025,10415,apparel,41.98,1,0,41.98,card,4,0,Y
ORD-101388,11/01/2025,11039,sports,139.27,1,0,139.27,card,2,1,Y
ORD-101389,13/02/2025,11038,apparel,80.21,1,0,80.21,paypal,2,0,N
ORD-101390,20/03/2025,11037,home,54.74,2,5,104.01,voucher,5,1,N
ORD-101391,28/04/2025,10779,sports,158.85,1,40,95.31,card,6,0,N
ORD-101392,10/06/2025,10665,home,23.0,1,0,23.0,card,2,0,Y
ORD-101393,20/02/2025,10263,apparel,41.17,1,5,39.11,card,4,1,N
ORD-101394,02/03/2025,10527,home,89.28,2,0,178.56,card,4,1,N
ORD-101395,14/12/2025,10343,home ,75.62,1,20,60.5,card,1,2,N
ORD-101396,20/02/2025,10588,home,24.43,1,0,24.43,card,7,0,N
ORD-101397,24/02/2025,10079,home ,70.67,1,0,70.67,voucher,2,1,Y
ORD-101398,18/01/2025,10397,apparel,75.67,2,10,136.21,card,4,0,N
ORD-101399,08/04/2025,10837,home ,27.39,1,0,27.39,voucher,2,2,N
ORD-101400,03/07/2025,10406,electronics,75.38,2,10,135.68,card,1,1,N
ORD-101401,07/05/2025,10988,electronics ,245.16,2,0,490.32,paypal,3,0,N
ORD-101402,01/11/2025,10357,apparel,76.8,1,20,61.44,card,6,4,N
ORD-101403,10/02/2025,10964,apparel,56.09,1,5,53.29,paypal,3,0,N
ORD-101404,30/06/2025,10678,apparel,34.53,1,5,32.8,card,1,1,Y
ORD-101405,05/01/2025,10727,home,88.16,1,5,83.75,card,4,0,N
ORD-101406,21/11/2025,10630,electronics,133.12,2,10,239.62,paypal,3,3,N
ORD-101407,01/01/2025,10229,apparel,38.21,1,0,38.21,card,2,0,N
ORD-101408,08/10/2025,10629,footwear,112.07,1,0,112.07,paypal,4,1,N
ORD-101409,29/01/2025,10503,beauty,24.24,1,0,24.24,paypal,4,0,N
ORD-101410,12/01/2025,10066,footwear,66.92,1,5,63.57,card,4,0,Y
ORD-101411,17/07/2025,10515,apparel,21.93,1,0,21.93,card,2,1,Y
ORD-101412,15/04/2025,10836,footwear,62.05,1,0,62.05,card,2,0,N
ORD-101413,22/12/2025,10476,home,31.49,3,0,94.47,card,1,4,N
ORD-101414,26/03/2025,10122,apparel,77.67,1,5,73.79,card,3,0,N
ORD-101415,02/10/2025,10098,home,18.78,1,0,18.78,paypal,8,0,N
ORD-101416,23/07/2025,10057,apparel,42.23,1,0,42.23,card,6,1,Y
ORD-101417,19/11/2025,10734,sports,34.16,2,0,68.32,card,3,0,N
ORD-101418,16/07/2025,10881,sports,79.62,1,10,71.66,card,4,1,N
ORD-101419,20/06/2025,10792,beauty,31.54,1,20,25.23,card,2,1,N
ORD-101420,28/01/2025,10123,electronics,273.87,1,15,232.79,paypal,5,1,N
ORD-101421,05/03/2025,10755,footwear,48.58,1,25,36.44,paypal,3,0,N
ORD-101422,31/12/2025,10530,sports,109.18,1,15,92.8,card,3,3,N
ORD-101423,11/01/2025,10532,sports,152.7,1,15,129.79,card,4,0,N
ORD-101424,11/12/2025,10480,footwear,95.67,3,0,287.01,voucher,4,2,N
ORD-101425,11/03/2025,10777,electronics,348.99,1,30,244.29,card,1,0,N
ORD-101426,18/03/2025,10379,apparel,41.53,1,10,37.38,card,3,0,N
ORD-101427,11/07/2025,10409,apparel,66.46,1,0,66.46,paypal,2,3,N
ORD-101429,25/09/2025,11023,home,70.55,2,20,112.88,card,2,1,Y
ORD-101430,06/10/2025,10486,footwear,62.55,2,0,125.1,card,2,4,N
ORD-101431,14/05/2025,10444,apparel,61.84,1,15,52.56,card,3,0,N
ORD-101432,28/02/2025,10126,home,56.26,1,20,45.01,card,2,0,N
ORD-101433,23/07/2025,10584,apparel,35.13,1,0,35.13,card,3,1,N
ORD-101434,12/01/2025,10805,apparel,32.24,1,20,25.79,card,2,0,N
ORD-101435,13/11/2025,11033,footwear,63.52,3,0,190.56,voucher,2,2,Y
ORD-101436,17/10/2025,10194,sports ,37.86,2,10,68.15,card,1,2,N
ORD-101437,16/11/2025,10160,electronics,202.16,1,0,202.16,paypal,6,3,N
ORD-101438,05/04/2025,10573,home,41.07,1,0,41.07,card,8,0,N
ORD-101439,30/08/2025,10917,apparel,39.8,1,0,39.8,card,4,1,N
ORD-101440,08/05/2025,10964,beauty,16.54,2,25,24.81,voucher,3,1,N
ORD-101441,27/06/2025,10261,apparel,53.8,1,0,53.8,card,1,4,N
ORD-101442,17/01/2025,11057,home,59.13,1,0,59.13,bnpl,4,0,N
ORD-101443,14/10/2025,10746,home,85.36,1,20,68.29,voucher,2,3,Y
ORD-101444,26/03/2025,10024,home,33.66,2,0,67.32,card,7,0,Y
ORD-101445,24/02/2025,10433,apparel,35.36,1,10,31.82,card,2,0,N
ORD-101446,21/10/2025,10405,footwear,127.26,2,0,254.52,voucher,4,2,Y
ORD-101447,15/05/2025,11057,electronics,106.59,1,0,106.59,card,8,1,N
ORD-101448,28/04/2025,10144,home,43.25,2,0,86.5,card,1,1,N
ORD-101449,15/09/2025,10605,home ,83.0,1,0,83.0,card,5,0,N
ORD-101450,15/01/2025,10672,apparel,40.18,2,0,80.36,bnpl,3,0,Y
ORD-101451,25/09/2025,10548,beauty,12.98,2,0,25.96,card,7,1,N
ORD-101452,19/05/2025,10566,home,35.18,1,15,29.9,card,2,1,N
ORD-101453,07/01/2025,10824,electronics,293.07,1,20,234.46,card,3,0,Y
ORD-101454,16/02/2025,11007,electronics,102.04,3,0,306.12,card,1,0,N
ORD-101455,22/12/2025,10576,apparel,27.91,2,10,50.24,card,4,3,Y
ORD-101456,07/12/2025,10455,home,34.71,1,10,31.24,card,2,0,Y
ORD-101457,30/04/2025,10681,electronics,104.28,3,0,312.84,voucher,2,1,N
ORD-101458,03/01/2025,10004,footwear,114.3,2,25,171.45,card,5,0,N
ORD-101460,29/03/2025,10441,beauty,15.94,2,0,31.88,voucher,3,1,N
ORD-101461,13/04/2025,10249,apparel,42.02,2,0,84.04,card,3,0,N
ORD-101462,11/04/2025,10186,beauty ,26.58,2,0,53.16,card,2,1,Y
ORD-101463,18/12/2025,10474,beauty,25.01,1,0,25.01,paypal,3,3,N
ORD-101464,20/06/2025,10261,apparel,26.93,1,0,26.93,card,2,3,N
ORD-101465,13/07/2025,10618,electronics,241.13,1,10,217.02,card,2,1,N
ORD-101466,15/11/2025,11002,sports,98.55,1,25,73.91,card,4,3,N
ORD-101467,07/04/2025,10336,electronics,182.75,1,0,182.75,card,4,0,N
ORD-101468,07/09/2025,10317,apparel,24.51,2,10,44.12,bnpl,11,2,N
ORD-101469,15/12/2025,10164,beauty,32.31,1,15,27.46,card,6,3,N
ORD-101470,08/06/2025,10701,apparel,24.91,1,0,24.91,card,4,1,N
ORD-101471,26/08/2025,10029,apparel,35.62,1,15,30.28,card,6,1,Y
ORD-101472,24/12/2025,10676,apparel,44.95,1,0,44.95,card,2,2,N
ORD-101473,30/06/2025,10549,sports,37.37,2,0,74.74,bnpl,1,1,N
ORD-101474,29/12/2025,10396,apparel,41.13,2,0,82.26,card,6,2,N
ORD-101475,06/12/2025,10527,electronics,123.79,2,40,148.55,card,3,3,N
ORD-101476,02/02/2025,10343,apparel,44.82,1,0,44.82,card,3,0,Y
ORD-101477,03/10/2025,10285,apparel,47.27,3,20,113.45,card,5,1,N
ORD-101478,20/06/2025,10659,home,72.11,1,0,72.11,bnpl,2,0,N
ORD-101479,01/08/2025,10944,footwear,31.86,1,0,31.86,card,6,1,N
ORD-101480,05/02/2025,10702,apparel,50.06,1,10,45.05,card,5,0,Y
ORD-101481,24/04/2025,10438,beauty,43.94,1,0,43.94,card,2,0,N
ORD-101482,10/08/2025,10125,beauty,41.11,1,10,37.0,card,1,1,N
ORD-101483,28/11/2025,10932,beauty ,21.82,1,0,21.82,paypal,5,5,Y
ORD-101484,22/12/2025,10875,apparel,20.84,2,0,41.68,card,7,3,N
ORD-101485,15/02/2025,10651,beauty,18.5,2,25,27.75,card,1,0,N
ORD-101486,22/12/2025,10379,apparel,49.83,2,15,84.71,paypal,3,2,N
ORD-101487,25/02/2025,11025,apparel ,36.37,1,0,36.37,card,3,0,Y
ORD-101488,07/02/2025,10246,apparel,34.81,1,10,31.33,card,3,0,N
ORD-101489,04/11/2025,11032,beauty,14.55,1,0,14.55,card,3,2,N
ORD-101490,08/09/2025,10006,footwear,38.15,2,5,72.48,card,4,4,N
ORD-101491,28/09/2025,10833,home,88.44,2,0,176.88,card,3,1,N
ORD-101492,11/12/2025,10561,electronics,259.27,1,0,259.27,card,7,4,Y
ORD-101493,17/05/2025,10773,beauty,10.51,3,5,29.95,card,1,1,N
ORD-101494,09/05/2025,10166,sports,143.11,2,0,286.22,card,3,0,Y
ORD-101495,27/01/2025,10311,apparel,54.4,1,0,54.4,card,3,0,N
ORD-101496,27/02/2025,10409,beauty,32.51,1,25,24.38,bnpl,6,0,N
ORD-101497,20/08/2025,11024,apparel,47.46,2,5,90.17,card,11,1,Y
ORD-101498,28/01/2025,10060,electronics,230.6,1,0,230.6,card,7,0,Y
ORD-101499,07/11/2025,10159,footwear,80.51,1,15,68.43,card,4,1,Y
ORD-101500,08/09/2025,10969,electronics,190.24,1,5,180.73,card,3,1,N
ORD-101501,22/07/2025,10122,electronics,141.45,2,0,282.9,card,2,1,N
ORD-101502,03/12/2025,10910,apparel,26.2,1,0,26.2,card,2,1,N
ORD-101503,06/07/2025,10601,home,49.93,2,5,94.87,bnpl,9,0,N
ORD-101504,20/09/2025,11054,home,103.23,1,0,103.23,paypal,5,1,N
ORD-101505,23/07/2025,10699,electronics,219.64,2,0,439.28,paypal,3,0,N
ORD-101506,27/10/2025,10046,beauty,40.38,1,0,40.38,bnpl,6,2,Y
ORD-101507,23/11/2025,10618,apparel,37.17,2,0,74.34,card,3,2,N
ORD-101508,12/06/2025,11014,home,55.69,1,0,55.69,card,2,1,N
ORD-101509,07/11/2025,10622,sports,139.11,1,0,139.11,paypal,3,0,N
ORD-101510,02/07/2025,10394,apparel,43.85,1,20,35.08,card,1,0,N
ORD-101511,20/12/2025,11055,apparel,62.01,1,15,52.71,card,2,6,N
ORD-101512,30/11/2025,10790,home,137.29,3,5,391.28,bnpl,2,1,N
ORD-101513,14/11/2025,10671,home,58.83,1,0,58.83,paypal,3,2,N
ORD-101514,07/02/2025,10748,beauty,14.96,2,0,29.92,card,2,0,N
ORD-101515,19/08/2025,11013,beauty,23.9,1,40,14.34,card,1,0,N
ORD-101517,18/05/2025,10138,home,99.61,2,10,179.3,card,7,2,N
ORD-101518,25/11/2025,10356,home,129.32,4,15,439.69,card,3,1,N
ORD-101519,12/03/2025,10994,home,73.56,1,0,73.56,card,2,0,N
ORD-101520,06/05/2025,10797,home,97.62,1,0,97.62,card,2,0,N
ORD-101521,02/12/2025,10814,beauty,30.85,2,10,55.53,bnpl,7,1,N
ORD-101522,02/01/2025,10331,footwear,66.41,1,15,56.45,paypal,3,0,Y
ORD-101523,02/01/2025,10478,footwear,41.91,1,0,41.91,card,1,0,Y
ORD-101524,23/01/2025,10791,home,38.74,3,0,116.22,paypal,1,0,N
ORD-101525,02/03/2025,10292,footwear ,51.48,2,10,92.66,paypal,1,0,N
ORD-101526,28/10/2025,10180,sports,130.28,4,0,521.12,card,7,2,Y
ORD-101528,14/12/2025,10807,apparel,66.75,2,0,133.5,card,5,1,N
ORD-101529,02/03/2025,10717,footwear,79.72,1,0,79.72,voucher,1,0,N
ORD-101530,14/11/2025,10953,apparel,36.49,2,15,62.03,paypal,1,0,N
ORD-101531,06/06/2025,10863,electronics,67.16,4,15,228.34,card,3,0,N
ORD-101532,12/04/2025,10373,home,129.19,1,25,96.89,bnpl,8,0,N
ORD-101533,19/12/2025,10672,footwear,61.21,1,0,61.21,paypal,2,2,N
ORD-101534,27/07/2025,10662,footwear,92.93,2,0,185.86,card,3,0,Y
ORD-101535,20/04/2025,10451,home,51.5,1,0,51.5,card,2,1,N
ORD-101536,07/03/2025,10409,sports,52.69,1,0,52.69,card,6,1,N
ORD-101537,20/04/2025,10421,apparel,34.97,2,0,69.94,card,3,0,N
ORD-101538,08/10/2025,10401,footwear,38.93,1,0,38.93,bnpl,3,0,N
ORD-101540,24/03/2025,10282,electronics,118.53,1,5,112.6,card,1,0,Y
ORD-101541,29/12/2025,10328,sports ,54.22,1,5,51.51,card,4,0,Y
ORD-101542,23/10/2025,10464,beauty,16.94,1,0,16.94,card,8,1,N
ORD-101543,06/10/2025,10229,apparel,29.68,1,0,29.68,card,1,1,N
ORD-101544,15/11/2025,10707,electronics,103.29,2,0,206.58,card,2,1,N
ORD-101545,16/02/2025,10548,apparel,65.51,1,0,65.51,card,4,0,Y
ORD-101546,18/05/2025,10389,home,101.43,1,0,101.43,card,5,3,N
ORD-101547,22/10/2025,10757,apparel,40.53,3,5,115.51,paypal,6,2,N
ORD-101548,25/08/2025,10405,footwear,50.93,1,0,50.93,card,3,1,N
ORD-101549,28/03/2025,10785,apparel,35.86,1,0,35.86,card,5,0,N
ORD-101550,18/12/2025,11057,beauty,34.36,1,0,34.36,card,4,3,N
ORD-101551,06/04/2025,10227,footwear,86.85,2,10,156.33,bnpl,3,1,N
ORD-101552,01/10/2025,10905,apparel,70.04,1,0,70.04,voucher,3,2,N
ORD-101553,14/05/2025,10233,beauty,33.36,2,0,66.72,card,2,1,N
ORD-101554,26/03/2025,10331,apparel,35.98,1,10,32.38,paypal,4,3,N
ORD-101555,26/03/2025,10654,footwear,44.6,3,0,133.8,card,3,0,Y
ORD-101556,27/10/2025,10864,apparel,34.59,1,0,34.59,card,1,1,N
ORD-101557,14/02/2025,10221,apparel,61.96,1,0,61.96,card,2,0,N
ORD-101558,12/12/2025,10538,apparel,32.39,3,10,87.45,card,1,2,N
ORD-101559,04/02/2025,10772,sports,98.51,1,0,98.51,card,1,0,N
ORD-101560,21/12/2025,10489,footwear,51.71,2,0,103.42,card,3,2,N
ORD-101561,19/01/2025,11033,home,57.01,1,0,57.01,card,1,0,N
ORD-101562,27/05/2025,10136,home,34.16,1,20,27.33,paypal,2,0,N
ORD-101563,18/05/2025,10890,footwear,75.42,1,15,64.11,paypal,5,0,N
ORD-101564,30/07/2025,10029,apparel,39.16,4,0,156.64,card,4,0,N
ORD-101565,05/03/2025,10709,home,104.79,1,20,83.83,bnpl,8,0,N
ORD-101566,04/09/2025,10968,home,51.35,2,0,102.7,bnpl,13,4,N
ORD-101567,19/04/2025,10476,electronics,256.04,2,10,460.87,card,3,1,Y
ORD-101568,12/04/2025,10431,apparel,49.64,1,0,49.64,paypal,-999,1,Y
ORD-101569,04/03/2025,10946,apparel,55.97,1,0,55.97,card,5,0,N
ORD-101570,01/07/2025,10072,electronics,282.43,1,0,282.43,card,2,1,N
ORD-101571,07/02/2025,10791,home,62.14,1,5,59.03,card,2,1,N
ORD-101572,05/07/2025,10629,home,82.93,1,0,82.93,card,1,0,N
ORD-101573,21/09/2025,10704,footwear,59.02,2,0,118.04,card,6,0,N
ORD-101574,10/06/2025,10099,sports,32.72,1,0,32.72,voucher,4,0,N
ORD-101575,24/02/2025,10399,beauty,22.41,1,30,15.69,card,4,0,N
ORD-101576,03/04/2025,10454,apparel,40.48,1,0,40.48,card,3,0,N
ORD-101577,03/02/2025,10473,home,98.65,2,5,187.44,paypal,3,0,N
ORD-101578,17/08/2025,10655,home,114.97,1,5,109.22,card,3,0,N
ORD-101579,26/09/2025,10038,home,80.03,2,0,160.06,paypal,3,1,N
ORD-101580,22/05/2025,10111,apparel,46.33,3,0,138.99,voucher,7,1,N
ORD-101581,10/03/2025,10551,sports,53.16,2,0,106.32,paypal,8,0,N
ORD-101582,15/08/2025,10900,apparel,24.78,1,0,24.78,paypal,2,0,N
ORD-101583,20/11/2025,10708,footwear,78.53,1,0,78.53,paypal,2,2,N
ORD-101584,15/07/2025,10511,sports,78.26,1,0,78.26,card,6,2,N
ORD-101585,31/10/2025,10407,footwear,83.98,2,30,117.57,paypal,3,2,Y
ORD-101586,13/11/2025,10945,apparel,49.5,3,5,141.07,paypal,2,2,N
ORD-101588,18/09/2025,10060,home,71.29,3,0,213.87,card,4,1,N
ORD-101589,04/01/2025,10251,apparel,29.15,2,0,58.3,card,2,0,N
ORD-101590,25/08/2025,10010,home,30.89,1,0,30.89,card,1,1,N
ORD-101592,10/05/2025,10240,apparel,30.9,3,0,92.7,card,5,0,N
ORD-101593,09/09/2025,10277,footwear,67.34,1,40,40.4,card,2,4,Y
ORD-101594,30/10/2025,10978,sports,32.02,2,0,-64.04,paypal,2,0,N
ORD-101595,01/05/2025,11021,apparel,38.38,3,0,115.14,bnpl,3,2,N
ORD-101596,24/05/2025,10588,home,72.08,3,0,216.24,card,4,2,N
ORD-101597,07/02/2025,10020,apparel,44.84,2,0,89.68,card,4,0,Y
ORD-101598,13/05/2025,10144,footwear,61.85,1,0,61.85,card,2,2,N
ORD-101599,04/12/2025,10778,home,85.63,1,0,85.63,card,1,1,N
ORD-101600,01/08/2025,10489,home,92.81,1,0,92.81,card,12,0,N
ORD-101601,29/01/2025,10735,apparel ,42.35,1,25,31.76,card,2,0,N
ORD-101602,25/12/2025,10754,home,93.92,1,0,93.92,bnpl,2,1,Y
ORD-101603,30/01/2025,10847,apparel,47.63,1,5,45.25,card,5,0,N
ORD-101604,01/05/2025,10498,home,122.08,1,0,122.08,card,4,0,N
ORD-101606,21/02/2025,10188,apparel,55.2,2,30,77.28,card,2,0,Y
ORD-101607,16/07/2025,10168,apparel,62.54,2,20,100.06,card,3,0,Y
ORD-101608,02/03/2025,10104,home,100.23,1,20,80.18,card,2,1,N
ORD-101609,13/06/2025,10472,apparel,34.71,2,40,41.65,bnpl,3,0,Y
ORD-101610,17/03/2025,11051,footwear,69.54,1,0,69.54,card,3,0,Y
ORD-101612,20/11/2025,10477,apparel,48.08,2,0,96.16,card,2,3,N
ORD-101613,02/04/2025,10062,apparel,54.61,2,5,103.76,paypal,5,1,N
ORD-101614,12/01/2025,10532,apparel,54.45,2,0,108.9,card,2,1,N
ORD-101615,14/10/2025,10310,electronics,418.32,1,10,376.49,card,8,1,N
ORD-101616,20/01/2025,10458,beauty,31.78,2,5,60.38,card,3,0,N
ORD-101617,10/01/2025,10138,footwear,62.55,1,10,56.3,card,1,0,N
ORD-101618,04/11/2025,10882,sports,23.45,1,0,23.45,card,1,0,N
ORD-101619,25/05/2025,10694,apparel,47.97,2,0,95.94,paypal,3,0,N
ORD-101620,19/03/2025,10595,electronics,285.51,2,40,342.61,paypal,1,0,N
ORD-101621,04/04/2025,10078,sports,88.9,1,0,88.9,card,4,1,Y
ORD-101622,28/10/2025,10376,footwear,52.87,3,0,158.61,card,6,1,N
ORD-101623,08/05/2025,10202,electronics,156.16,1,10,140.54,bnpl,2,1,Y
ORD-101624,01/07/2025,10134,beauty,43.71,1,25,32.78,card,4,1,Y
ORD-101626,15/05/2025,10971,electronics,297.56,4,0,1190.24,card,4,0,Y
ORD-101627,16/11/2025,10598,electronics,181.54,2,10,326.77,card,2,1,N
ORD-101628,19/11/2025,10168,beauty,41.95,1,10,37.76,paypal,1,2,N
ORD-101629,08/12/2025,10499,electronics,181.92,2,10,327.46,bnpl,1,3,N
ORD-101630,28/12/2025,10541,apparel ,38.08,1,10,34.27,card,5,1,N
ORD-101631,13/02/2025,10793,sports,77.01,1,10,69.31,card,7,0,N
ORD-101632,31/10/2025,10600,sports,46.53,1,0,46.53,voucher,1,1,N
ORD-101633,20/09/2025,10611,apparel,66.46,2,15,112.98,card,4,0,N
ORD-101634,28/01/2025,10066,footwear,68.33,1,0,68.33,paypal,2,2,N
ORD-101635,10/09/2025,10333,home,18.59,2,0,37.18,card,2,0,N
ORD-101636,21/11/2025,10578,beauty,31.03,3,0,93.09,card,3,3,N
ORD-101637,25/10/2025,10613,beauty,20.03,2,5,38.06,card,5,0,N
ORD-101638,24/12/2025,10763,electronics,162.04,2,10,291.67,card,2,1,Y
ORD-101639,16/12/2025,10119,home ,87.19,2,0,174.38,paypal,3,1,N
ORD-101640,07/03/2025,10894,apparel,26.81,2,0,53.62,card,7,0,Y
ORD-101642,05/01/2025,10524,apparel,23.77,2,0,47.54,card,3,0,N
ORD-101643,01/04/2025,10675,electronics,312.4,1,0,312.4,card,2,0,N
ORD-101644,04/01/2025,10562,apparel,51.04,1,0,51.04,paypal,9,0,N
ORD-101645,22/02/2025,10482,apparel,47.65,2,0,95.3,bnpl,5,1,N
ORD-101646,01/10/2025,10297,footwear,70.15,1,0,70.15,card,4,0,N
ORD-101647,16/02/2025,10111,apparel,79.68,1,25,59.76,paypal,3,0,Y
ORD-101648,30/08/2025,10719,apparel,57.47,2,25,86.2,card,3,0,N
ORD-101649,24/08/2025,10107,home,76.67,1,0,76.67,card,7,2,Y
ORD-101650,01/05/2025,10439,home,40.83,2,0,81.66,card,3,1,N
ORD-101651,20/10/2025,10543,apparel ,33.23,3,0,99.69,paypal,3,1,N
ORD-101652,01/12/2025,10008,footwear,30.09,1,10,27.08,bnpl,5,2,Y
ORD-101653,28/09/2025,11054,electronics,302.78,1,40,181.67,paypal,5,2,Y
ORD-101654,08/12/2025,10890,apparel,29.73,2,5,56.49,card,5,2,N
ORD-101655,06/06/2025,10875,apparel,37.33,1,0,37.33,card,6,2,N
ORD-101656,17/12/2025,10390,home,49.79,1,0,49.79,card,1,2,N
ORD-101657,29/10/2025,10166,home,77.5,1,5,73.62,card,1,2,N
ORD-101658,17/07/2025,10042,sports,96.04,1,5,91.24,bnpl,1,0,N
ORD-101659,25/03/2025,10763,apparel,71.22,3,0,213.66,card,7,0,N
ORD-101660,11/03/2025,10442,home,81.86,1,15,69.58,paypal,4,0,N
ORD-101661,08/12/2025,10943,electronics,117.6,2,0,235.2,card,5,2,N
ORD-101662,12/12/2025,10563,home,89.83,2,0,179.66,bnpl,5,0,N
ORD-101663,20/02/2025,11055,apparel,56.09,2,25,84.14,card,3,3,N
ORD-101664,23/02/2025,10279,beauty,20.18,2,30,28.25,card,2,0,N
ORD-101665,12/12/2025,10967,apparel,45.77,1,20,36.62,bnpl,4,2,N
ORD-101666,10/04/2025,10325,apparel,60.13,1,30,42.09,card,2,0,N
ORD-101667,30/09/2025,10977,sports,163.03,1,0,163.03,card,11,1,N
ORD-101668,21/06/2025,10739,apparel,62.24,1,0,62.24,card,4,0,N
ORD-101669,30/08/2025,10938,beauty,13.29,1,0,13.29,card,1,1,N
ORD-101670,02/07/2025,10570,electronics,109.1,2,0,218.2,card,5,0,N
ORD-101671,20/01/2025,10018,apparel ,45.89,3,0,137.67,card,3,0,N
ORD-101672,03/04/2025,10477,home,106.95,1,30,74.86,bnpl,2,1,N
ORD-101673,21/01/2025,10109,apparel,36.85,1,0,36.85,card,5,0,N
ORD-101674,20/01/2025,10647,apparel,37.05,2,0,74.1,card,2,0,N
ORD-101675,26/03/2025,10437,electronics,95.84,1,20,76.67,card,2,0,N
ORD-101676,23/08/2025,10494,apparel,71.0,1,0,71.0,card,7,0,N
ORD-101677,02/04/2025,10383,footwear,105.49,1,25,79.12,card,8,0,N
ORD-101678,06/10/2025,11059,beauty,14.27,3,5,40.67,voucher,1,0,N
ORD-101679,04/02/2025,10639,apparel,41.4,1,0,41.4,paypal,2,0,N
ORD-101680,28/01/2025,10870,apparel,28.16,1,0,28.16,paypal,7,0,N
ORD-101681,19/03/2025,10630,electronics,88.69,1,15,75.39,card,5,1,Y
ORD-101682,08/12/2025,10462,home,31.62,1,0,31.62,voucher,5,1,N
ORD-101683,21/07/2025,10977,home,52.91,1,0,52.91,voucher,1,0,Y
ORD-101684,29/09/2025,10296,apparel,33.22,1,10,29.9,card,6,0,N
ORD-101685,26/02/2025,10031,footwear,58.7,2,0,117.4,card,1,0,Y
ORD-101686,08/11/2025,10284,beauty,35.06,1,0,35.06,paypal,6,1,N
ORD-101687,23/12/2025,10285,footwear,74.23,1,0,74.23,paypal,6,2,N
ORD-101688,02/02/2025,10677,apparel ,47.54,2,0,95.08,card,4,0,Y
ORD-101689,20/08/2025,10968,footwear,49.76,1,0,49.76,card,4,3,Y
ORD-101690,10/04/2025,10559,sports,67.45,1,0,67.45,card,3,0,N
ORD-101691,06/05/2025,10138,beauty,33.02,1,0,33.02,paypal,2,1,N
ORD-101692,19/06/2025,10706,beauty,11.87,1,15,10.09,paypal,1,0,N
ORD-101693,02/04/2025,10520,sports,55.11,1,25,41.33,card,2,1,N
ORD-101694,28/10/2025,10281,apparel ,32.84,1,5,31.2,card,4,3,N
ORD-101696,16/07/2025,10954,sports,67.72,2,25,101.58,card,2,0,N
ORD-101697,16/04/2025,10367,apparel,47.86,2,0,95.72,card,2,0,Y
ORD-101698,20/02/2025,10492,apparel,33.47,2,5,63.59,card,4,0,Y
ORD-101701,09/06/2025,10111,footwear,85.81,2,0,171.62,card,2,2,N
ORD-101702,22/09/2025,10958,footwear,90.03,2,10,162.05,card,2,0,N
ORD-101703,09/02/2025,10620,home,83.8,2,10,150.84,card,5,0,N
ORD-101704,01/12/2025,10646,electronics,160.81,1,0,160.81,bnpl,1,1,N
ORD-101705,13/03/2025,10350,apparel,22.04,3,0,66.12,card,5,1,Y
ORD-101706,16/01/2025,10395,home,99.51,1,0,99.51,card,3,0,Y
ORD-101707,24/12/2025,11032,electronics,71.8,1,5,68.21,card,5,4,N
ORD-101708,24/01/2025,10350,apparel,28.83,1,5,27.39,paypal,1,0,N
ORD-101709,20/03/2025,10619,apparel,40.21,1,0,40.21,card,4,1,N
ORD-101710,30/10/2025,10290,apparel,32.86,1,0,32.86,paypal,6,1,N
ORD-101711,10/03/2025,10904,home,39.79,2,5,75.6,card,9,1,N
ORD-101712,18/09/2025,10044,apparel,42.98,2,0,85.96,paypal,2,3,N
ORD-101713,05/08/2025,10304,beauty,25.6,1,10,23.04,card,1,1,N
ORD-101714,30/05/2025,11052,sports,119.51,2,0,239.02,voucher,4,0,N
ORD-101715,03/01/2025,10090,beauty,22.18,1,0,22.18,bnpl,3,0,N
ORD-101716,21/06/2025,10603,footwear ,71.13,2,0,142.26,card,2,2,N
ORD-101718,26/08/2025,10315,electronics,186.07,1,0,186.07,card,2,0,N
ORD-101719,06/04/2025,10497,footwear,91.99,1,20,73.59,bnpl,3,0,Y
ORD-101720,16/02/2025,10441,apparel,47.91,2,0,95.82,bnpl,3,0,Y
ORD-101721,28/04/2025,10686,home,84.01,1,0,84.01,paypal,2,0,N
ORD-101722,14/09/2025,10708,sports,39.36,1,40,23.62,card,2,1,N
ORD-101723,27/06/2025,10873,apparel,37.63,1,20,30.1,card,2,0,N
ORD-101724,09/07/2025,10442,apparel,55.28,1,20,44.22,voucher,2,1,N
ORD-101725,13/07/2025,10234,apparel,25.97,1,0,25.97,card,11,0,N
ORD-101727,02/03/2025,10215,apparel,29.79,1,0,29.79,card,2,0,N
ORD-101728,16/03/2025,10054,electronics,149.02,1,0,149.02,card,1,2,N
ORD-101729,08/02/2025,11012,electronics,183.32,2,0,366.64,card,2,0,N
ORD-101731,21/08/2025,10757,home,72.85,1,10,65.56,card,1,1,N
ORD-101733,06/06/2025,10102,home,43.84,1,10,39.46,paypal,3,0,N
ORD-101734,22/06/2025,10968,electronics,263.16,2,0,526.32,card,1,2,Y
ORD-101735,07/05/2025,10035,apparel,38.79,2,0,77.58,card,3,3,N
ORD-101736,02/07/2025,10770,home,92.56,1,5,87.93,card,5,0,N
ORD-101737,20/07/2025,10509,apparel,46.3,1,15,39.35,bnpl,4,1,Y
ORD-101738,25/08/2025,10815,electronics,160.42,1,10,144.38,card,4,1,Y
ORD-101739,06/01/2025,10261,footwear,86.04,3,0,258.12,paypal,7,0,N
ORD-101740,24/04/2025,10474,home,47.4,1,0,47.4,paypal,2,2,N
ORD-101741,17/06/2025,10913,electronics,200.05,0,10,360.09,voucher,6,0,N
ORD-101742,17/01/2025,10974,electronics,249.38,2,25,374.07,card,6,0,N
ORD-101743,26/01/2025,10200,sports,58.85,1,0,58.85,voucher,4,1,N
ORD-101744,03/11/2025,10212,footwear,57.48,1,0,57.48,card,3,1,Y
ORD-101745,11/08/2025,10744,home,134.48,3,25,302.58,paypal,5,1,N
ORD-101746,07/11/2025,10162,electronics,213.4,1,0,213.4,bnpl,3,2,N
ORD-101747,23/06/2025,10932,sports,88.76,2,0,177.52,paypal,1,4,N
ORD-101748,19/04/2025,10244,home,64.1,1,30,44.87,paypal,3,1,N
ORD-101749,14/06/2025,10366,apparel,52.29,1,10,47.06,card,5,0,N
ORD-101750,12/03/2025,10508,home,113.28,1,0,113.28,card,1,0,N
ORD-101751,14/07/2025,10745,sports,29.36,1,0,29.36,card,3,0,N
ORD-101752,19/10/2025,10421,home,104.81,2,0,209.62,voucher,5,3,N
ORD-101753,21/03/2025,10157,beauty,15.96,2,0,31.92,card,6,0,Y
ORD-101754,08/03/2025,10513,apparel,29.26,1,0,29.26,card,5,2,N
ORD-101755,18/12/2025,10720,apparel,78.4,2,0,156.8,bnpl,4,2,Y
ORD-101756,22/06/2025,10312,beauty,21.58,1,5,20.5,bnpl,3,3,N
ORD-101757,22/04/2025,10545,beauty,27.18,1,20,21.74,paypal,5,0,Y
ORD-101758,24/07/2025,10571,home,24.9,1,0,24.9,bnpl,1,0,Y
ORD-101759,21/05/2025,10793,home,50.99,2,10,91.78,card,1,1,N
ORD-101761,01/05/2025,10000,home,126.14,1,0,126.14,paypal,2,0,N
ORD-101762,21/09/2025,10055,footwear,95.01,2,20,152.02,voucher,2,0,N
ORD-101763,26/04/2025,10243,beauty,39.11,1,0,39.11,card,3,1,N
ORD-101764,09/08/2025,10825,electronics,191.31,1,5,181.74,card,4,1,N
ORD-101765,11/06/2025,10841,beauty,25.46,1,15,21.64,bnpl,1,1,Y
ORD-101766,01/06/2025,10645,electronics,299.0,1,10,269.1,card,3,0,Y
ORD-101767,04/09/2025,10795,electronics,77.62,1,5,73.74,paypal,1,1,N
ORD-101768,16/02/2025,10019,sports,84.75,1,0,84.75,paypal,2,0,N
ORD-101769,12/07/2025,10868,apparel,32.44,3,0,97.32,bnpl,2,2,Y
ORD-101770,01/11/2025,10692,electronics,303.45,1,0,303.45,card,7,2,Y
ORD-101771,05/03/2025,10422,apparel,48.43,2,5,92.02,voucher,2,0,Y
ORD-101772,06/09/2025,10941,footwear,96.22,3,10,259.79,voucher,2,1,N
ORD-101773,09/01/2025,10888,footwear,48.22,1,0,48.22,paypal,4,0,N
ORD-101774,23/10/2025,10916,apparel,40.56,1,0,40.56,paypal,3,2,N
ORD-101775,14/04/2025,11060,home,126.29,2,0,252.58,card,5,2,N
ORD-101776,16/07/2025,10372,footwear,67.45,1,0,67.45,paypal,7,1,N
ORD-101777,06/09/2025,10378,apparel,58.24,1,20,46.59,voucher,3,1,Y
ORD-101778,23/10/2025,10761,apparel,29.91,4,0,119.64,card,5,1,N
ORD-101779,03/01/2025,10047,home,86.29,2,0,172.58,card,6,0,N
ORD-101780,02/03/2025,10517,electronics,182.1,3,0,546.3,card,5,0,N
ORD-101781,19/05/2025,10939,apparel,39.13,2,0,78.26,card,2,0,N
ORD-101782,09/09/2025,10228,home,41.37,2,0,82.74,card,4,1,N
ORD-101784,06/09/2025,10326,apparel,48.58,1,0,48.58,paypal,6,1,Y
ORD-101785,20/12/2025,10003,apparel,68.42,1,0,68.42,card,7,0,N
ORD-101786,14/06/2025,10712,home ,82.66,1,5,78.53,card,2,0,N
ORD-101787,04/07/2025,10323,sports,74.09,2,40,88.91,paypal,5,0,N
ORD-101788,12/08/2025,10252,home,27.44,1,0,27.44,card,2,1,N
ORD-101789,24/07/2025,10583,apparel,53.7,1,0,53.7,card,9,2,N
ORD-101790,25/05/2025,10693,footwear,77.05,1,0,77.05,bnpl,4,0,N
ORD-101791,10/07/2025,10843,electronics,165.34,1,25,124.0,card,5,0,Y
ORD-101792,12/10/2025,10675,sports,59.66,1,0,59.66,paypal,3,1,N
ORD-101793,30/10/2025,10339,footwear,47.4,2,15,80.58,card,2,4,N
ORD-101795,12/11/2025,10943,apparel ,23.44,1,5,22.27,card,2,1,Y
ORD-101796,07/06/2025,10105,sports,31.92,3,5,90.97,bnpl,6,0,N
ORD-101797,20/11/2025,10644,apparel,42.56,2,5,80.86,card,4,2,N
ORD-101798,08/04/2025,10337,apparel,42.03,1,0,42.03,card,4,1,N
ORD-101799,08/09/2025,10846,beauty,23.78,1,25,17.84,bnpl,3,2,N
ORD-101800,05/07/2025,10472,beauty,38.2,2,0,76.4,paypal,2,1,N
ORD-101801,28/06/2025,10972,home,37.11,3,25,83.5,bnpl,4,0,N
ORD-101802,09/09/2025,10496,apparel,67.18,1,5,63.82,card,2,4,N
ORD-101803,22/05/2025,10937,footwear,110.01,1,0,110.01,paypal,2,0,N
ORD-101804,25/10/2025,10711,home,97.91,1,0,97.91,card,6,2,N
ORD-101805,20/06/2025,10324,footwear ,87.9,1,25,65.93,paypal,5,1,N
ORD-101806,27/11/2025,10256,footwear,74.1,1,0,74.1,card,2,4,N
ORD-101807,04/01/2025,11014,home,35.25,1,0,35.25,paypal,1,0,N
ORD-101808,07/07/2025,10573,footwear,38.79,0,20,62.06,card,4,1,N
ORD-101809,15/04/2025,10845,footwear ,66.21,2,10,119.18,bnpl,6,0,Y
ORD-101810,01/06/2025,10431,beauty,17.3,1,10,15.57,card,3,2,N
ORD-101811,22/10/2025,10179,footwear,86.72,1,10,78.05,paypal,4,3,N
ORD-101812,08/02/2025,10068,sports,58.58,1,0,58.58,card,5,0,N
ORD-101813,14/10/2025,10270,home,117.12,1,0,117.12,card,1,2,N
ORD-101814,11/07/2025,10759,beauty,24.36,2,0,48.72,paypal,4,1,N
ORD-101815,16/10/2025,10072,apparel,66.72,1,5,63.38,card,5,2,N
ORD-101816,28/01/2025,10447,apparel,72.94,1,0,72.94,paypal,2,0,Y
ORD-101817,27/11/2025,10336,beauty,10.11,1,5,9.6,paypal,6,1,N
ORD-101818,21/10/2025,10576,sports,103.73,1,0,103.73,card,2,2,N
ORD-101819,29/07/2025,10118,electronics,228.98,1,0,228.98,bnpl,3,0,N
ORD-101820,20/09/2025,10118,beauty,16.03,1,0,16.03,card,2,1,N
ORD-101821,04/01/2025,10482,footwear,36.79,1,0,36.79,bnpl,2,0,N
ORD-101822,16/02/2025,11055,beauty,22.43,1,0,22.43,card,4,2,N
ORD-101823,20/11/2025,10271,electronics,340.0,1,0,340.0,paypal,4,1,N
ORD-101824,07/04/2025,10536,home,26.86,2,0,53.72,card,1,1,N
ORD-101825,15/08/2025,10069,footwear,84.35,1,0,84.35,voucher,2,1,Y
ORD-101826,22/10/2025,10561,footwear,71.58,2,30,100.21,card,2,2,N
ORD-101827,18/10/2025,10201,sports,68.7,3,15,175.18,bnpl,5,0,N
ORD-101828,24/10/2025,11017,beauty,23.99,1,0,23.99,card,3,1,N
ORD-101829,10/12/2025,11020,home,67.51,1,40,40.51,voucher,4,1,N
ORD-101830,14/06/2025,10823,electronics,64.54,2,20,103.26,voucher,8,0,N
ORD-101831,27/10/2025,10187,beauty,12.6,1,10,11.34,bnpl,2,1,N
ORD-101832,05/09/2025,10747,home,134.09,1,5,127.39,card,3,1,N
ORD-101833,13/05/2025,10017,electronics,242.99,1,0,242.99,card,1,0,N
ORD-101834,27/03/2025,11021,sports,71.48,2,10,128.66,card,2,1,N
ORD-101835,21/07/2025,10936,apparel,28.77,3,5,81.99,card,3,0,N
ORD-101836,06/11/2025,10798,home,38.21,1,0,38.21,card,4,0,N
ORD-101837,19/12/2025,10860,sports,85.3,1,0,85.3,paypal,3,2,Y
ORD-101838,09/04/2025,10523,electronics,181.69,1,0,181.69,paypal,2,0,Y
ORD-101839,16/08/2025,10217,apparel,59.57,2,0,119.14,card,2,0,N
ORD-101840,07/12/2025,10038,apparel,69.95,1,10,62.96,card,2,2,Y
ORD-101841,20/12/2025,10808,apparel,24.45,2,10,44.01,card,3,1,N
ORD-101842,13/12/2025,10925,apparel,72.34,1,0,72.34,card,1,0,N
ORD-101843,08/07/2025,10306,home,12.88,1,0,12.88,card,1,3,N
ORD-101844,18/02/2025,10054,apparel,35.57,2,10,64.03,paypal,3,0,Y
ORD-101845,18/02/2025,10906,footwear,72.55,1,0,72.55,card,1,0,N
ORD-101846,04/07/2025,10249,electronics,140.31,2,0,280.62,card,1,1,N
ORD-101847,03/08/2025,10192,apparel,72.21,3,0,216.63,card,4,1,N
ORD-101848,16/07/2025,10853,apparel,68.33,1,0,68.33,card,4,0,N
ORD-101850,09/06/2025,10584,apparel,29.42,1,0,29.42,card,3,0,Y
ORD-101851,16/09/2025,10668,apparel,34.14,1,10,30.73,card,2,0,N
ORD-101852,10/06/2025,10007,electronics,264.45,1,5,251.23,voucher,4,1,N
ORD-101853,29/07/2025,10497,home,84.62,1,0,84.62,card,3,3,N
ORD-101854,12/07/2025,10650,apparel,37.14,1,0,37.14,paypal,1,0,Y
ORD-101855,09/10/2025,10995,apparel,50.41,2,15,85.7,card,2,2,Y
ORD-101856,05/11/2025,10573,apparel,53.7,2,0,107.4,paypal,1,3,N
ORD-101857,12/03/2025,10409,home,55.22,2,5,104.92,card,5,2,N
ORD-101858,11/05/2025,10975,apparel,63.68,1,5,60.5,card,1,0,N
ORD-101859,11/07/2025,10337,electronics,85.35,2,0,170.7,card,2,3,N
ORD-101860,19/02/2025,10879,electronics,311.93,1,25,233.95,card,2,0,N
ORD-101861,29/03/2025,10938,footwear,92.65,2,0,185.3,card,4,0,Y
ORD-101862,11/09/2025,10369,apparel ,43.01,1,0,43.01,card,3,1,N
ORD-101863,19/11/2025,10389,footwear,53.89,1,0,53.89,voucher,2,4,N
ORD-101864,17/11/2025,10915,apparel,57.99,1,0,57.99,paypal,8,0,N
ORD-101865,14/09/2025,10513,home,47.6,1,0,47.6,voucher,3,4,N
ORD-101866,18/05/2025,10836,footwear,38.62,1,0,38.62,card,3,1,N
ORD-101867,02/07/2025,10265,apparel ,69.22,1,0,69.22,bnpl,3,0,N
ORD-101868,25/04/2025,11049,electronics,167.59,1,0,167.59,card,1,0,N
ORD-101869,18/11/2025,10555,footwear,81.51,1,5,77.43,card,4,1,N
ORD-101870,15/06/2025,10056,beauty,13.69,1,0,13.69,bnpl,1,1,N
ORD-101871,22/10/2025,10737,beauty,38.44,2,0,76.88,card,2,1,N
ORD-101872,17/06/2025,11044,sports,23.63,1,10,-21.27,card,2,1,N
ORD-101873,13/09/2025,10353,sports ,42.86,2,30,60.0,voucher,5,1,N
ORD-101874,24/09/2025,10059,sports,29.19,2,20,46.7,voucher,5,1,N
ORD-101875,15/12/2025,10476,apparel,63.13,1,0,63.13,card,1,3,N
ORD-101876,15/10/2025,10573,beauty,12.52,1,0,12.52,voucher,2,2,N
ORD-101877,21/03/2025,10631,home,30.41,1,0,30.41,card,7,0,N
ORD-101879,22/05/2025,10035,footwear,35.13,1,0,35.13,card,1,4,N
ORD-101880,12/01/2025,10867,home,104.59,2,30,146.43,card,3,0,N
ORD-101881,26/02/2025,10809,footwear,97.12,2,0,194.24,card,1,1,N
ORD-101882,24/03/2025,10418,apparel,49.47,2,15,84.1,paypal,3,0,Y
ORD-101884,28/07/2025,10395,footwear,55.69,1,0,55.69,card,4,3,N
ORD-101885,11/06/2025,10388,footwear,79.62,1,0,79.62,voucher,7,1,N
ORD-101886,01/04/2025,10676,beauty,19.2,1,5,18.24,card,3,0,N
ORD-101887,11/05/2025,10968,apparel,64.34,2,0,128.68,card,3,1,N
ORD-101888,27/02/2025,10589,home,75.07,2,5,142.63,card,4,0,N
ORD-101889,23/08/2025,10678,apparel,26.6,3,0,79.8,card,5,2,N
ORD-101890,22/12/2025,10294,apparel,39.25,1,0,39.25,voucher,3,1,N
ORD-101891,23/09/2025,10700,beauty,17.81,1,0,17.81,bnpl,4,0,N
ORD-101892,12/08/2025,10904,footwear,87.34,1,0,87.34,paypal,3,2,Y
ORD-101893,16/08/2025,10275,home,96.64,3,0,289.92,card,3,1,N
ORD-101894,17/08/2025,10743,electronics,418.83,1,40,251.3,card,1,0,N
ORD-101895,01/11/2025,10028,beauty,36.41,2,0,72.82,bnpl,4,1,Y
ORD-101896,09/02/2025,10609,home,40.42,1,0,40.42,bnpl,3,0,N
ORD-101897,27/01/2025,10396,apparel,39.27,2,0,78.54,card,4,0,N
ORD-101898,18/05/2025,10963,electronics,183.52,1,0,183.52,card,3,1,Y
ORD-101899,19/01/2025,10724,footwear,74.36,1,40,44.62,card,1,0,Y
ORD-101900,03/03/2025,10921,home,85.9,1,0,85.9,card,3,0,N
ORD-101901,21/07/2025,10052,electronics,131.35,1,25,98.51,card,4,1,Y
ORD-101902,21/03/2025,10179,electronics,224.48,1,0,224.48,card,1,0,N
ORD-101904,17/12/2025,10233,home,16.98,1,0,16.98,card,2,3,N
ORD-101905,09/04/2025,10774,apparel,55.51,2,20,88.82,bnpl,1,1,N
ORD-101906,14/08/2025,10286,footwear,81.52,1,0,81.52,card,6,0,Y
ORD-101907,25/02/2025,10707,apparel,42.1,1,0,42.1,paypal,2,0,N
ORD-101908,03/01/2025,10961,electronics ,250.07,1,30,175.05,card,4,0,N
ORD-101909,28/10/2025,10010,apparel,51.42,1,20,41.14,card,3,2,N
ORD-101910,16/07/2025,10826,apparel,70.3,1,0,70.3,paypal,2,1,N
ORD-101911,14/06/2025,10799,footwear ,58.39,2,5,110.94,card,2,1,N
ORD-101912,18/04/2025,10381,electronics,270.24,1,0,270.24,card,4,1,N
ORD-101913,29/05/2025,11011,electronics,151.54,0,0,151.54,card,3,1,N
ORD-101914,25/10/2025,10904,beauty,20.81,1,25,15.61,bnpl,3,3,N
ORD-101915,05/07/2025,10221,apparel,41.56,1,0,41.56,paypal,13,1,N
ORD-101916,20/11/2025,10482,footwear ,59.4,1,0,59.4,voucher,2,2,N
ORD-101917,31/05/2025,10990,home,81.03,2,0,162.06,bnpl,3,0,N
ORD-101918,20/05/2025,10914,beauty,47.83,1,15,40.66,paypal,9,0,Y
ORD-101919,12/09/2025,10421,footwear,33.78,2,0,67.56,paypal,4,2,N
ORD-101920,26/11/2025,10238,sports,97.75,1,25,73.31,card,3,6,N
ORD-101921,20/04/2025,10849,apparel,59.16,1,0,59.16,voucher,2,0,N
ORD-101922,05/08/2025,10460,apparel,34.85,1,0,34.85,card,2,2,N
ORD-101923,16/03/2025,10867,apparel,59.36,1,0,59.36,card,4,1,N
ORD-101925,23/05/2025,10546,home,72.01,2,0,144.02,bnpl,4,2,N
ORD-101926,26/11/2025,10481,electronics,67.32,2,10,121.18,card,5,3,N
ORD-101927,11/01/2025,10137,home,39.06,4,0,156.24,card,1,0,N
ORD-101928,28/09/2025,10486,footwear,43.4,1,15,36.89,bnpl,3,3,Y
ORD-101929,23/02/2025,10247,apparel,59.56,1,20,47.65,bnpl,3,1,N
ORD-101930,18/04/2025,10647,home,73.67,1,0,73.67,paypal,2,1,N
ORD-101931,25/01/2025,10293,apparel,58.3,2,15,99.11,card,7,0,N
ORD-101932,10/10/2025,10966,beauty,23.17,3,0,69.51,card,2,2,N
ORD-101933,23/12/2025,10237,home,85.62,1,0,85.62,card,1,0,Y
ORD-101934,03/06/2025,10119,apparel,26.24,1,0,26.24,card,3,0,N
ORD-101935,20/01/2025,10538,beauty,34.81,1,0,34.81,card,6,0,N
ORD-101936,01/11/2025,10539,beauty,37.79,1,0,37.79,bnpl,2,1,N
ORD-101937,19/07/2025,10324,home,101.63,1,15,86.39,paypal,2,2,N
ORD-101938,19/03/2025,10357,home,47.23,2,40,56.68,card,1,2,N
ORD-101939,05/11/2025,10444,beauty,41.11,1,0,41.11,paypal,3,2,N
ORD-101940,25/08/2025,10356,electronics,111.24,2,0,222.48,paypal,5,0,Y
ORD-101941,08/08/2025,10034,electronics,258.81,1,0,258.81,card,8,0,N
ORD-101942,11/02/2025,10791,apparel,48.58,1,0,48.58,paypal,5,2,N
ORD-101944,27/03/2025,11045,sports,41.73,1,0,41.73,card,2,0,N
ORD-101945,14/10/2025,10782,electronics,305.89,1,0,305.89,paypal,2,3,N
ORD-101946,12/08/2025,10720,footwear,55.11,1,25,41.33,card,2,1,N
ORD-101947,07/09/2025,10200,apparel,29.08,1,10,26.17,card,1,2,N
ORD-101948,24/03/2025,10625,apparel,35.4,2,0,70.8,card,10,0,N
ORD-101949,13/01/2025,10132,apparel,73.88,1,0,73.88,card,1,0,N
ORD-101950,26/08/2025,10776,apparel,45.56,2,0,91.12,card,3,0,N
ORD-101951,19/07/2025,10729,home,56.4,3,5,160.74,card,2,0,N
ORD-101952,25/04/2025,10081,apparel,44.05,2,25,66.07,card,5,0,Y
ORD-101953,01/08/2025,10631,apparel,21.29,1,0,21.29,card,4,1,N
ORD-101954,24/05/2025,10708,footwear,69.68,2,0,139.36,bnpl,9,0,N
ORD-101955,16/11/2025,10449,apparel,40.37,2,0,80.74,card,5,1,Y
ORD-101956,23/10/2025,10470,apparel,36.59,3,10,98.79,card,2,1,N
ORD-101957,23/09/2025,10381,apparel,26.7,2,40,32.04,card,3,2,N
ORD-101958,10/11/2025,10373,beauty,37.42,1,0,37.42,card,2,2,N
ORD-101959,16/09/2025,10570,apparel,59.17,2,0,118.34,card,3,2,N
ORD-101960,21/10/2025,10829,beauty,29.34,2,15,49.88,card,2,1,N
ORD-101961,16/10/2025,10642,home,103.11,3,0,309.33,card,1,1,N
ORD-101962,02/10/2025,10725,footwear ,57.77,1,20,46.22,bnpl,3,1,N
ORD-101963,11/04/2025,10277,apparel,62.51,1,0,62.51,bnpl,1,1,N
ORD-101964,10/10/2025,10826,footwear,53.54,1,0,53.54,card,5,2,N
ORD-101966,12/05/2025,10912,apparel,22.98,2,0,45.96,card,6,1,N
ORD-101967,08/12/2025,10216,apparel,27.49,2,0,54.98,card,2,1,Y
ORD-101968,15/02/2025,10389,electronics,146.92,4,15,499.53,card,3,1,N
ORD-101969,28/12/2025,10060,home,98.34,1,0,98.34,card,3,2,N
ORD-101970,14/09/2025,10782,apparel,23.76,3,15,60.59,card,5,2,N
ORD-101971,31/05/2025,11032,beauty,26.42,1,25,19.82,paypal,5,1,N
ORD-101972,03/09/2025,10483,home,59.61,1,0,59.61,voucher,5,2,Y
ORD-101973,28/08/2025,10924,home,47.45,1,10,42.71,paypal,1,2,Y
ORD-101974,10/11/2025,10811,home,99.73,3,0,299.19,paypal,1,0,N
ORD-101975,26/06/2025,10747,home,83.95,1,0,83.95,card,2,0,N
ORD-101976,21/06/2025,11031,beauty,18.35,2,5,34.86,bnpl,2,2,N
ORD-101977,29/06/2025,10975,electronics,178.91,2,0,357.82,card,2,3,Y
ORD-101978,17/07/2025,10439,apparel,35.81,1,0,35.81,card,2,2,N
ORD-101979,28/03/2025,10514,home ,50.66,1,0,50.66,card,2,2,N
ORD-101980,29/08/2025,10120,apparel,56.63,1,10,50.97,card,5,1,N
ORD-101981,30/12/2025,10960,apparel,32.86,1,15,27.93,paypal,3,1,N
ORD-101982,10/12/2025,10916,footwear,68.97,1,20,55.18,card,2,3,N
ORD-101983,19/03/2025,10989,apparel,62.23,1,0,62.23,bnpl,4,0,N
ORD-101984,09/07/2025,10511,apparel,56.96,2,0,113.92,card,2,1,N
ORD-101985,25/06/2025,10787,apparel,61.18,2,0,122.36,card,2,1,N
ORD-101986,12/02/2025,10491,electronics,300.4,1,0,300.4,card,4,1,N
ORD-101987,25/05/2025,10355,apparel,57.47,1,5,54.6,card,8,0,N
ORD-101988,27/04/2025,10851,apparel,60.26,2,10,108.47,card,6,0,N
ORD-101989,20/01/2025,10711,footwear,42.11,1,0,42.11,paypal,1,0,Y
ORD-101990,20/10/2025,11028,home,34.93,1,0,34.93,card,1,1,N
ORD-101991,09/09/2025,11051,apparel,41.99,1,10,37.79,voucher,2,2,N
ORD-101992,05/02/2025,10639,home,79.37,1,40,47.62,card,1,1,N
ORD-101993,13/07/2025,10280,sports,91.74,2,0,183.48,card,6,1,N
ORD-101994,31/12/2025,10685,home,46.26,1,25,34.7,bnpl,3,0,N
ORD-101995,02/10/2025,10846,sports,111.64,1,0,111.64,card,1,3,N
