order_id,order_date,customer_id,channel,category,item_price,quantity,discount_pct,order_value,payment_method,delivery_days,customer_region,customer_tenure_days,customer_prior_orders,marketing_opt_in,export_seq,returned
ORD-100000,2025-06-20,10417,web,apparel,41.47,1,0,41.47,bnpl,4,North,460,1,True,1705,0
ORD-100001,2025-12-22,10427,web,beauty,30.41,1,0,30.41,paypal,2,North,67,2,True,874,0
ORD-100002,2025-09-13,10570,web,electronics,234.17,1,0,234.17,card,1,Wales,583,1,True,1611,0
ORD-100003,2025-01-09,10535,web,beauty,13.06,1,0,13.06,card,4,London,750,0,True,933,0
ORD-100004,2025-12-09,10369,web,apparel,39.69,3,15,101.21,card,4,London,453,2,True,48,1
ORD-100005,2025-12-22,10076,phone,home,73.62,1,10,66.26,card,3,Scotland,1014,0,True,1767,0
ORD-100006,2025-08-25,10555,web,beauty,25.61,1,0,25.61,card,3,Midlands,1880,0,False,644,0
ORD-100007,2025-08-24,10711,web,footwear,39.59,2,0,79.18,card,4,London,1243,1,True,1934,0
ORD-100008,2025-06-25,10368,web,beauty,15.39,1,20,12.31,card,4,London,1259,1,False,1337,0
ORD-100009,2025-01-17,10357,web,home,57.05,2,15,96.98,card,3,Midlands,1281,1,True,555,0
ORD-100010,2025-06-24,10960,web,apparel,49.03,1,10,44.13,bnpl,4,South,2218,0,True,974,0
ORD-100011,2025-08-29,10641,web,home,66.96,1,20,53.57,card,2,London,113,2,True,1528,0
ORD-100012,2025-07-05,10359,web,home,55.86,1,10,50.27,bnpl,1,Scotland,411,1,True,1969,0
ORD-100013,2025-10-19,10074,web,electronics,402.95,1,10,362.66,bnpl,4,South,1026,0,True,127,1
ORD-100014,2025-01-24,10514,web,electronics,267.77,1,0,267.77,card,3,South,1498,0,True,1981,0
ORD-100015,2025-07-19,10226,web,home,47.75,2,5,90.72,card,3,North,1052,1,True,1197,0
ORD-100016,2025-05-02,10006,web,electronics,143.71,1,0,143.71,card,4,North,1687,1,False,1173,0
ORD-100017,2025-11-25,10128,web,electronics,113.11,1,0,113.11,paypal,1,Midlands,327,1,True,79,1
ORD-100018,2025-03-09,10144,web,home,62.1,1,0,62.1,paypal,2,Midlands,1114,0,True,487,1
ORD-100019,2025-01-10,10831,web,footwear,39.76,1,10,35.78,card,3,North,1116,0,True,2024,0
ORD-100020,2025-04-11,10165,web,footwear,71.99,1,25,53.99,bnpl,8,London,1903,0,True,850,0
ORD-100021,2025-01-08,10253,web,home,50.23,1,0,50.23,card,5,Midlands,1928,0,False,1115,0
ORD-100022,2025-03-13,10361,web,home,107.5,1,0,107.5,card,3,London,1707,1,False,816,0
ORD-100023,2025-07-22,10965,web,apparel,49.99,2,0,99.98,bnpl,4,North,366,2,True,700,0
ORD-100024,2025-10-29,10653,web,footwear,48.04,1,0,48.04,paypal,4,South,1092,1,False,116,1
ORD-100025,2025-10-21,10611,web,apparel,25.73,1,0,25.73,card,1,London,1876,1,True,136,1
ORD-100026,2025-08-31,10375,web,apparel,71.87,1,15,61.09,card,7,Midlands,868,3,True,208,1
ORD-100027,2025-05-05,10375,web,sports,28.03,3,0,84.09,card,3,Midlands,868,1,True,953,0
ORD-100028,2025-01-06,11060,web,beauty,14.95,1,15,12.71,card,5,South,1396,0,False,1548,0
ORD-100029,2025-04-13,10019,web,sports,44.31,1,5,42.09,card,3,North,2158,1,False,902,0
ORD-100030,2025-02-14,11016,web,electronics,231.96,1,20,185.57,paypal,6,Scotland,940,0,True,781,0
ORD-100031,2025-07-24,10394,web,electronics,149.21,4,0,596.84,paypal,4,Scotland,594,1,False,847,0
ORD-100032,2025-12-11,10988,web,apparel,29.91,2,0,59.82,paypal,4,South,2094,2,False,774,0
ORD-100033,2025-04-22,10593,web,electronics,182.56,2,0,365.12,card,4,South,807,1,True,1303,0
ORD-100034,2025-12-16,10791,web,apparel,67.11,1,0,67.11,card,4,NI,549,8,True,10,0
ORD-100035,2025-05-01,10556,web,footwear,40.16,1,0,40.16,card,1,London,2254,0,True,419,1
ORD-100036,2025-07-26,10254,web,beauty,21.14,1,0,21.14,paypal,3,London,1542,0,False,685,0
ORD-100037,2025-05-01,10481,web,beauty,32.31,1,0,32.31,card,2,Midlands,2170,1,False,1487,0
ORD-100038,2025-10-02,10572,web,apparel,49.37,1,0,49.37,paypal,2,Scotland,2345,2,False,648,0
ORD-100039,2025-07-03,10995,web,beauty,42.88,1,0,42.88,card,6,South,2345,1,True,1118,0
ORD-100040,2025-07-21,10558,web,home,70.29,2,5,133.55,voucher,1,Scotland,643,0,True,1229,0
ORD-100041,2025-09-28,10654,web,electronics,163.57,1,0,163.57,voucher,2,North,1081,1,False,140,0
ORD-100042,2025-03-06,10899,web,electronics,222.76,3,30,467.8,bnpl,6,South,478,1,True,673,0
ORD-100043,2025-10-27,10520,web,apparel,48.85,1,10,43.96,card,3,South,961,3,True,1710,0
ORD-100044,2025-04-17,10075,web,electronics,163.56,1,0,163.56,card,7,North,1410,0,True,1401,0
ORD-100045,2025-03-15,10557,web,home,74.51,1,0,74.51,card,1,Wales,2175,0,False,956,0
ORD-100046,2025-08-30,10172,web,footwear,94.68,1,25,71.01,card,2,London,1010,0,False,194,0
ORD-100047,2025-04-19,10874,web,electronics,167.52,1,5,159.14,card,2,North,2200,0,True,432,1
ORD-100048,2025-10-07,10815,web,apparel,60.79,1,0,60.79,paypal,3,South,1104,2,True,159,1
ORD-100049,2025-07-14,10692,phone,apparel,36.17,1,10,32.55,card,2,South,1119,0,True,1441,0
ORD-100050,2025-11-22,10857,web,beauty,25.89,1,0,25.89,card,3,South,282,0,False,626,0
ORD-100051,2025-05-02,10148,web,sports,79.34,1,20,63.47,card,1,South,633,0,True,1058,0
ORD-100052,2025-09-19,10897,web,sports,56.71,1,5,53.87,card,1,London,1080,0,True,1636,0
ORD-100053,2025-04-14,10598,web,footwear,100.14,3,15,255.36,paypal,5,London,2140,0,True,1321,0
ORD-100054,2025-10-27,10378,web,apparel,51.72,2,0,103.44,card,2,London,2176,2,False,1577,0
ORD-100055,2025-10-10,10962,web,sports,62.94,1,15,53.5,paypal,3,NI,2137,1,True,167,1
ORD-100056,2025-12-01,10645,web,beauty,32.85,2,5,62.42,card,6,Midlands,150,1,False,735,0
ORD-100057,2025-04-14,10113,web,footwear,67.37,1,5,64.0,card,8,London,300,1,False,1888,0
ORD-100057,2025-04-14,10113,web,footwear,67.37,1,5,64.0,card,8,NI,241,1,False,2018,0
ORD-100058,2025-05-10,11022,web,apparel,49.16,1,0,49.16,bnpl,5,South,1933,1,False,390,1
ORD-100059,2025-06-12,10043,web,footwear,100.77,1,0,100.77,card,4,South,303,2,False,353,1
ORD-100060,2025-12-25,10074,web,footwear,58.69,2,0,117.38,paypal,4,South,1026,1,True,14,1
ORD-100061,2025-10-14,10324,web,beauty,17.47,1,25,13.1,card,2,London,1524,4,False,657,0
ORD-100062,2025-04-23,10066,web,electronics,121.83,1,0,121.83,voucher,3,Midlands,709,3,False,430,1
ORD-100063,2025-11-08,11002,web,home,33.44,1,25,25.08,card,3,London,2241,2,True,113,0
ORD-100064,2025-06-10,10932,web,footwear,69.93,3,10,188.81,paypal,1,Scotland,153,2,True,361,1
ORD-100065,2025-09-25,10470,web,sports,128.98,1,0,128.98,card,1,South,1573,0,True,696,0
ORD-100066,2025-01-07,11055,web,sports,54.88,1,0,54.88,paypal,5,South,2154,1,False,589,0
ORD-100067,2025-06-23,10198,web,apparel,62.42,2,0,124.84,card,2,Midlands,191,2,False,1536,0
ORD-100068,2025-12-03,10995,web,home,28.0,1,20,22.4,card,2,South,2345,4,True,1662,0
ORD-100069,2025-12-07,11056,web,home,56.37,2,20,90.19,voucher,3,South,1346,3,True,49,1
ORD-100070,2025-01-28,10086,web,electronics,243.72,1,0,243.72,bnpl,8,South,979,0,False,1287,0
ORD-100071,2025-09-09,10905,web,electronics,187.13,2,30,261.98,paypal,2,Scotland,1055,1,True,1649,0
ORD-100072,2025-02-26,10796,web,sports,95.84,1,15,81.46,card,4,Midlands,728,0,True,1302,0
ORD-100073,2025-12-31,10628,web,electronics,146.19,1,5,138.88,bnpl,2,North,1123,1,False,19,0
ORD-100074,2025-03-23,10194,web,apparel,33.05,1,5,31.4,paypal,1,North,560,0,False,982,0
ORD-100075,2025-10-04,10639,web,apparel,58.62,1,0,58.62,card,2,London,590,3,False,1402,0
ORD-100076,2025-11-16,10952,web,apparel,37.0,1,0,37.0,card,3,South,2039,3,False,1500,0
ORD-100077,2025-03-29,10885,web,sports,81.41,1,15,69.2,bnpl,4,North,1705,1,True,453,0
ORD-100078,2025-07-19,10889,web,sports,67.62,2,0,135.24,card,8,London,2300,1,True,990,0
ORD-100079,2025-10-27,10412,web,beauty,16.38,1,5,15.56,card,1,London,277,0,False,661,0
ORD-100080,2025-10-25,10215,web,apparel,55.9,2,0,111.8,paypal,1,Wales,1317,4,True,97,0
ORD-100081,2025-12-10,11049,web,beauty,16.15,2,0,32.3,card,1,Wales,927,1,False,1125,0
ORD-100082,2025-03-25,10838,web,sports,166.42,1,30,116.49,paypal,4,Wales,639,0,True,1689,0
ORD-100083,2025-02-12,10196,web,electronics,167.84,1,0,167.84,card,3,North,393,0,True,1623,0
ORD-100084,2025-01-16,10951,web,apparel,46.44,1,20,37.15,voucher,2,London,1460,0,True,550,0
ORD-100085,2025-07-18,10745,web,apparel,62.29,2,10,112.12,card,4,London,1111,1,False,773,0
ORD-100086,2025-12-23,10267,web,home,89.47,1,0,89.47,card,2,London,1008,3,False,888,0
ORD-100087,2025-07-26,10510,web,footwear,46.04,1,0,46.04,card,6,North,1587,0,True,1085,0
ORD-100088,2025-04-25,10363,web,home,76.07,1,0,76.07,card,2,London,1727,1,False,891,0
ORD-100089,2025-05-24,10179,web,beauty,18.02,2,0,36.04,bnpl,6,Midlands,836,1,False,776,0
ORD-100090,2025-06-25,10319,web,home,64.31,1,5,61.09,card,6,Midlands,1278,0,True,1017,0
ORD-100091,2025-05-04,10810,web,apparel,39.61,2,5,75.26,card,1,North,2378,0,True,1952,0
ORD-100092,2025-10-02,10883,web,electronics,311.67,1,0,311.67,card,7,Midlands,1393,1,False,1389,0
ORD-100093,2025-05-04,10852,web,apparel,46.48,1,0,46.48,paypal,2,Scotland,324,1,False,421,0
ORD-100094,2025-04-16,10346,web,apparel,42.49,2,10,76.48,card,3,London,76,1,True,1996,0
ORD-100095,2025-04-21,10716,web,apparel,69.78,1,25,52.34,card,4,North,1268,0,True,438,1
ORD-100096,2025-03-08,10457,web,apparel,52.16,3,10,140.83,bnpl,4,North,473,0,True,503,0
ORD-100097,2025-01-15,10530,web,sports,66.06,1,0,66.06,bnpl,4,South,1076,0,True,1081,0
ORD-100098,2025-07-12,10481,web,home,33.88,2,40,40.66,card,5,Midlands,2170,2,False,890,0
ORD-100099,2025-03-21,10732,web,apparel,47.67,1,0,47.67,bnpl,4,North,611,0,False,843,0
ORD-100100,2025-06-04,10387,web,apparel,28.31,2,0,56.62,bnpl,4,North,1217,0,True,1669,0
ORD-100101,2025-09-16,10683,web,home,150.52,1,0,150.52,card,1,South,603,0,False,1293,0
ORD-100102,2025-07-02,10672,web,apparel,63.61,1,0,63.61,card,3,South,1509,1,True,1226,0
ORD-100103,2025-05-14,10805,web,apparel,24.83,1,15,21.11,paypal,1,London,2318,1,True,1119,0
ORD-100104,2025-11-08,10279,web,beauty,18.89,3,10,51.0,card,3,North,1451,1,False,640,0
ORD-100105,2025-11-08,10010,web,electronics,186.66,1,5,177.33,paypal,3,South,1116,3,False,1306,0
ORD-100106,2025-11-06,10781,web,apparel,34.53,2,0,69.06,card,2,North,2254,1,False,1898,0
ORD-100107,2025-04-13,10225,web,footwear,67.22,1,15,57.14,card,4,London,1286,0,True,429,0
ORD-100108,2025-08-11,10595,web,electronics,109.9,3,0,329.7,card,5,Midlands,1632,1,True,2022,0
ORD-100109,2025-12-15,10300,web,home,82.16,1,0,82.16,card,1,Midlands,216,1,False,1547,0
ORD-100110,2025-04-01,10907,web,home,31.7,1,20,25.36,card,2,Midlands,1995,0,True,2028,0
ORD-100111,2025-11-10,10164,web,apparel,29.56,1,10,26.6,card,6,North,170,2,False,103,1
ORD-100112,2025-06-24,10100,web,footwear,73.38,2,5,139.42,card,4,South,2223,1,True,940,0
ORD-100113,2025-07-15,10057,web,home,105.83,1,15,89.96,card,4,South,1822,0,True,1659,0
ORD-100114,2025-01-16,10207,web,electronics,299.08,1,0,299.08,bnpl,3,London,2268,0,True,1426,0
ORD-100115,2025-07-20,10641,web,home,83.91,3,0,251.73,paypal,2,London,113,1,True,651,0
ORD-100116,2025-02-17,10912,web,home,130.78,1,0,130.78,card,3,Midlands,902,0,False,1584,0
ORD-100117,2025-11-16,10538,web,apparel,39.3,2,0,78.6,paypal,1,Midlands,995,1,True,82,1
ORD-100118,2025-11-04,10091,web,apparel,64.91,1,5,61.66,card,3,London,1136,3,True,68,0
ORD-100119,2025-07-24,10053,web,sports,121.49,1,5,115.42,card,5,London,1111,0,False,266,0
ORD-100120,2025-03-18,10671,web,footwear,60.15,2,25,90.22,card,3,Midlands,1169,0,True,758,0
ORD-100121,2025-04-12,10917,web,home,137.64,2,0,275.28,paypal,3,North,1591,0,False,1364,0
ORD-100122,2025-07-13,10227,web,beauty,40.6,2,5,77.14,card,3,Midlands,1841,2,True,824,0
ORD-100123,2025-12-23,10898,web,beauty,24.57,2,0,49.14,card,3,North,1130,1,True,1394,0
ORD-100124,2025-11-15,10518,web,electronics,236.81,1,0,236.81,card,5,Scotland,1699,1,True,1314,0
ORD-100125,2025-12-09,10742,web,beauty,17.21,1,5,16.35,paypal,1,Scotland,1454,1,False,1571,0
ORD-100126,2025-06-01,10959,web,electronics,256.16,1,0,256.16,card,8,Midlands,1362,2,True,1585,0
ORD-100127,2025-11-11,10837,web,electronics,156.71,2,15,266.41,paypal,3,Wales,2146,3,True,1165,0
ORD-100128,2025-12-07,10725,web,apparel,28.46,2,0,56.92,card,3,Midlands,297,2,True,1285,0
ORD-100129,2025-12-29,10037,web,apparel,41.31,1,5,39.24,card,1,Wales,885,1,True,3,0
ORD-100130,2025-10-21,11022,web,home,73.41,1,0,73.41,card,2,South,1933,2,False,145,1
ORD-100131,2025-11-29,10338,web,footwear,49.67,2,40,59.6,card,5,North,487,1,True,1327,0
ORD-100132,2025-06-20,10790,web,beauty,10.68,3,10,28.84,card,2,South,2125,0,True,1787,0
ORD-100133,2025-09-28,10655,web,apparel,67.06,2,10,120.71,card,4,NI,2081,2,False,845,0
ORD-100134,2025-01-14,10434,web,apparel,67.58,1,25,50.68,card,6,London,246,0,False,996,0
ORD-100135,2025-05-07,10284,web,footwear,69.3,1,0,69.3,card,3,South,2153,0,True,1926,0
ORD-100136,2025-01-15,10235,web,footwear,85.15,2,0,170.3,bnpl,6,London,1427,0,True,906,0
ORD-100137,2025-08-01,10520,web,apparel,22.02,1,0,22.02,card,2,South,961,2,True,262,0
ORD-100138,2025-10-10,10416,web,apparel,79.81,1,25,59.86,bnpl,3,NI,905,2,False,156,1
ORD-100139,2025-11-02,10028,web,apparel,35.23,2,0,70.46,paypal,1,London,185,2,False,1109,0
ORD-100140,2025-03-13,10215,web,electronics,253.0,1,0,253.0,card,6,Wales,1317,1,True,684,0
ORD-100141,2025-01-25,10742,web,beauty,33.52,2,0,67.04,paypal,3,Scotland,1454,0,False,1844,0
ORD-100142,2025-12-28,10396,web,beauty,14.35,1,0,14.35,bnpl,1,Midlands,1427,1,True,807,0
ORD-100143,2025-01-29,10514,web,home,32.57,2,10,58.63,card,3,South,1498,1,True,563,1
ORD-100144,2025-05-08,10831,web,electronics,147.07,2,20,235.31,paypal,1,North,1116,1,True,1769,0
ORD-100145,2025-06-01,10748,web,apparel,22.27,1,5,21.16,card,4,North,2035,2,False,359,1
ORD-100146,2025-07-18,10145,web,apparel,37.43,1,10,33.69,paypal,3,London,1489,0,False,277,0
ORD-100147,2025-08-13,10180,web,apparel,67.18,2,0,134.36,card,3,North,319,1,False,236,1
ORD-100148,2025-05-04,10844,web,footwear,45.76,1,0,45.76,paypal,2,South,1156,2,True,1728,0
ORD-100149,2025-08-13,10044,web,sports,60.62,1,0,60.62,card,5,South,170,2,True,780,0
ORD-100150,2025-10-08,10696,web,apparel,59.23,2,15,100.69,card,5,North,1883,1,True,911,0
ORD-100151,2025-08-08,10212,web,apparel,41.08,1,0,41.08,card,6,North,2121,0,False,1368,0
ORD-100152,2025-10-04,10069,phone,electronics,129.14,2,0,258.28,card,2,Midlands,1547,2,True,1954,0
ORD-100153,2025-12-19,10543,web,apparel,64.88,1,10,58.39,card,2,South,227,2,True,6,0
ORD-100154,2025-09-03,10651,web,home,68.27,1,0,68.27,paypal,1,North,163,1,False,627,0
ORD-100155,2025-04-11,10490,web,home,94.1,2,5,178.79,card,3,South,1428,1,True,467,1
ORD-100156,2025-12-12,10233,web,apparel,52.87,2,0,105.74,paypal,1,London,1109,2,True,1366,0
ORD-100157,2025-04-19,10927,web,apparel,49.16,1,0,49.16,card,3,London,736,1,False,1038,0
ORD-100158,2025-05-21,10267,web,home,42.25,2,15,71.82,bnpl,6,London,1008,0,False,391,1
ORD-100159,2025-07-09,10522,web,electronics,147.76,1,0,147.76,card,1,North,548,1,True,307,0
ORD-100160,2025-05-01,10370,web,electronics,306.62,1,10,275.96,card,3,Midlands,1251,0,True,1695,0
ORD-100161,2025-11-11,10167,web,apparel,43.51,1,0,43.51,paypal,3,Wales,493,0,True,114,1
ORD-100162,2025-06-29,10512,web,footwear,43.96,2,0,87.92,paypal,2,South,274,0,False,727,0
ORD-100163,2025-05-23,10653,web,home,88.88,1,0,88.88,card,2,South,1092,0,False,1493,0
ORD-100164,2025-08-07,10160,web,sports,35.25,1,0,35.25,card,4,London,2396,0,False,613,0
ORD-100165,2025-04-27,10639,web,beauty,31.12,1,0,31.12,card,4,London,590,2,False,1881,0
ORD-100166,2025-11-08,10561,web,home,16.37,1,0,16.37,card,3,Midlands,1267,3,True,77,0
ORD-100167,2025-03-07,11011,web,home,84.04,2,0,168.08,card,2,Midlands,619,0,True,499,0
ORD-100168,2025-05-28,10640,web,footwear,35.85,1,10,32.26,bnpl,4,Midlands,632,1,True,372,1
ORD-100169,2025-06-05,10065,web,electronics,249.04,2,0,498.08,card,5,London,1601,0,True,1279,0
ORD-100170,2025-01-07,10667,web,footwear,107.47,1,0,107.47,card,1,North,1500,0,False,809,0
ORD-100171,2025-08-01,10626,phone,sports,88.26,3,10,238.3,card,6,North,666,1,False,755,0
ORD-100172,2025-02-13,10541,web,home,74.53,2,20,119.25,bnpl,4,London,1058,0,False,799,0
ORD-100173,2025-05-11,10209,web,electronics,246.29,1,0,246.29,card,1,Wales,949,0,False,1090,0
ORD-100174,2025-06-20,10500,web,footwear,53.59,1,0,53.59,bnpl,7,London,925,0,True,294,0
ORD-100175,2025-05-10,10407,web,apparel,36.82,3,0,110.46,card,2,NI,1688,1,False,401,1
ORD-100176,2025-08-04,10459,web,electronics,228.73,2,20,365.97,card,4,London,435,0,True,251,1
ORD-100177,2025-04-13,10852,web,electronics,180.01,1,40,108.01,card,2,Scotland,324,0,False,448,0
ORD-100178,2025-06-21,10868,web,sports,89.54,1,10,80.59,card,4,Midlands,481,1,False,1471,0
ORD-100179,2025-07-23,10993,web,footwear,35.29,1,0,35.29,card,1,Midlands,593,0,False,254,0
ORD-100179,2025-07-23,10993,web,footwear,35.29,1,0,35.29,card,1,London,564,0,False,860,0
ORD-100180,2025-09-18,10172,web,beauty,27.32,2,25,40.98,paypal,6,London,1010,1,False,1943,0
ORD-100181,2025-11-12,10441,web,apparel,34.19,1,15,29.06,card,2,Midlands,72,2,False,78,1
ORD-100182,2025-12-11,10682,web,electronics,353.98,2,10,637.16,card,-999,North,229,1,False,52,1
ORD-100183,2025-12-09,10434,web,footwear,52.54,1,10,47.29,card,1,London,246,4,False,37,0
ORD-100184,2025-08-20,11054,web,footwear,45.38,2,5,86.22,paypal,1,London,150,0,True,1716,0
ORD-100185,2025-10-13,10751,web,electronics,183.8,1,30,128.66,card,3,Midlands,2250,0,False,125,0
ORD-100186,2025-07-26,10779,web,footwear,49.29,1,0,49.29,bnpl,3,Midlands,1537,1,False,267,0
ORD-100187,2025-02-10,10312,web,home,54.55,1,0,54.55,card,7,London,470,1,True,1041,0
ORD-100188,2025-03-16,10173,web,sports,83.06,1,0,83.06,paypal,2,London,1643,0,True,1655,0
ORD-100189,2025-07-20,10533,web,apparel,73.08,1,0,73.08,bnpl,2,Midlands,1875,0,True,1105,0
ORD-100190,2025-01-16,10537,web,electronics,331.27,3,0,993.81,paypal,4,London,1920,0,True,649,0
ORD-100191,2025-05-15,10496,web,footwear,53.45,2,20,85.52,card,3,North,435,2,True,1328,0
ORD-100192,2025-03-28,10006,web,electronics,380.89,2,0,761.78,card,1,North,1687,0,False,1897,0
ORD-100193,2025-06-02,10986,web,footwear,41.48,1,10,37.33,card,7,North,1595,0,True,371,1
ORD-100194,2025-05-09,10292,web,apparel,38.19,1,10,34.37,card,8,Midlands,1470,1,False,1049,0
ORD-100195,2025-10-31,10980,web,beauty,24.69,2,0,49.38,paypal,6,London,386,1,False,1273,0
ORD-100196,2025-11-17,10152,web,electronics,138.92,1,0,138.92,card,6,London,753,0,True,1551,0
ORD-100197,2025-04-15,10992,web,apparel,57.33,1,5,54.46,bnpl,6,South,1009,0,False,415,0
ORD-100198,2025-04-20,10561,web,beauty,23.02,1,15,19.57,card,1,Midlands,1267,0,True,1329,0
ORD-100199,2025-01-24,10885,web,apparel,28.46,2,20,45.54,card,7,North,1705,0,True,560,1
ORD-100200,2025-05-21,10791,web,apparel,60.6,2,20,96.96,card,4,NI,549,5,True,374,1
ORD-100201,2025-06-21,10560,web,footwear,69.48,1,0,69.48,paypal,6,North,2071,0,False,1890,0
ORD-100202,2025-06-19,10434,web,apparel,66.6,2,15,113.22,paypal,4,London,246,2,False,322,1
ORD-100203,2025-07-10,10577,web,home,70.2,1,0,70.2,paypal,4,Scotland,1379,0,False,318,1
ORD-100204,2025-11-04,10364,web,sports,105.36,1,20,84.29,card,2,South,131,0,True,842,0
ORD-100205,2025-05-02,10454,web,apparel,37.2,2,0,74.4,card,1,North,1918,1,True,411,1
ORD-100206,2025-10-11,10404,web,electronics,135.11,1,25,101.33,bnpl,1,Scotland,1808,1,False,144,1
ORD-100207,2025-05-06,10311,web,home,83.99,1,0,83.99,card,3,North,1022,1,True,1693,0
ORD-100208,2025-04-21,10419,web,apparel,20.86,2,5,39.63,card,4,North,2112,0,False,443,1
ORD-100209,2025-02-07,10290,web,footwear,111.29,1,0,111.29,card,2,Midlands,1927,0,True,569,0
ORD-100210,2025-03-13,10083,web,footwear,77.9,1,0,77.9,card,7,London,131,0,True,1794,0
ORD-100211,2025-12-19,10642,phone,sports,94.08,2,0,188.16,bnpl,5,Wales,149,2,False,1989,0
ORD-100212,2025-07-29,10642,web,electronics,213.36,1,0,213.36,card,6,Wales,149,0,False,253,0
ORD-100213,2025-06-10,10793,web,apparel,43.73,1,0,43.73,card,3,London,694,2,True,1821,0
ORD-100214,2025-05-03,10785,web,beauty,40.57,2,0,81.14,card,11,South,2072,1,False,663,0
ORD-100215,2025-05-24,10902,web,apparel,20.92,1,0,20.92,bnpl,4,South,205,0,False,1430,0
ORD-100216,2025-01-19,10096,web,apparel,24.23,1,0,24.23,card,3,North,2388,0,False,1070,0
ORD-100217,2025-04-29,10107,web,apparel,30.98,2,0,61.96,card,3,Midlands,2333,0,False,404,1
ORD-100218,2025-05-22,10001,web,apparel,55.17,1,0,55.17,paypal,4,North,2156,0,True,366,0
ORD-100219,2025-03-10,10224,web,electronics,279.08,1,0,279.08,card,3,Scotland,2354,0,True,1427,0
ORD-100220,2025-07-28,10142,web,beauty,12.01,1,0,12.01,bnpl,2,NI,46,0,False,1171,0
ORD-100221,2025-03-20,10391,web,home,104.55,1,0,104.55,card,1,Scotland,1635,0,False,452,0
ORD-100222,2025-05-08,10358,web,electronics,325.53,1,25,244.15,paypal,1,Scotland,279,0,True,1450,0
ORD-100223,2025-06-03,10339,web,apparel,42.05,1,0,42.05,paypal,6,London,2073,1,True,1120,0
ORD-100224,2025-02-27,10735,web,footwear,85.75,1,20,68.6,bnpl,2,Midlands,1973,1,False,1468,0
ORD-100225,2025-07-22,10146,web,apparel,71.15,1,0,71.15,paypal,3,South,563,2,True,1877,0
ORD-100226,2025-05-17,10228,web,footwear,91.42,1,0,91.42,card,2,London,1260,0,False,805,0
ORD-100227,2025-08-15,10091,web,footwear,51.43,1,0,51.43,card,5,London,1136,2,True,1019,0
ORD-100228,2025-03-13,10649,web,home,81.52,1,10,73.37,card,10,Midlands,930,0,True,1212,0
ORD-100229,2025-04-12,10397,web,apparel,60.91,1,0,60.91,card,7,North,122,1,True,1490,0
ORD-100230,2025-09-11,10691,web,apparel,68.9,1,10,62.01,card,5,London,435,0,False,1412,0
ORD-100231,2025-10-27,10733,web,apparel,30.7,2,10,55.26,bnpl,1,Scotland,1317,1,True,907,0
ORD-100232,2025-08-09,10145,web,beauty,6.73,2,0,13.46,card,3,London,1489,1,False,2013,0
ORD-100233,2025-06-30,10120,web,electronics,173.85,1,15,147.77,card,3,Wales,1122,0,False,1645,0
ORD-100234,2025-07-12,10030,web,apparel,43.71,1,20,-34.97,card,5,Scotland,417,0,False,289,1
ORD-100235,2025-08-30,10596,web,sports,125.32,3,0,375.96,card,2,Midlands,266,0,False,189,0
ORD-100236,2025-01-26,10637,phone,home,44.06,2,0,88.12,bnpl,4,London,174,0,True,553,1
ORD-100237,2025-07-01,10109,web,apparel,23.41,1,0,23.41,bnpl,1,NI,2224,2,True,1362,0
ORD-100238,2025-12-01,10594,web,footwear,111.84,1,25,83.88,paypal,5,London,1816,2,True,44,1
ORD-100239,2025-06-04,10872,web,home,52.62,1,5,49.99,card,6,London,591,1,True,1025,0
ORD-100240,2025-11-16,10776,web,home,62.49,2,0,124.98,card,4,North,113,1,True,622,0
ORD-100241,2025-03-17,10484,web,home,52.13,2,0,104.26,card,1,Midlands,905,0,False,1935,0
ORD-100242,2025-11-27,10826,web,apparel,37.06,1,0,37.06,card,5,NI,1010,3,True,74,1
ORD-100243,2025-01-18,10684,web,footwear,60.12,1,0,60.12,bnpl,3,North,1102,0,True,1915,0
ORD-100244,2025-12-22,10794,web,apparel,39.41,2,0,78.82,card,3,London,978,3,False,1578,0
ORD-100245,2025-12-21,10792,web,electronics,182.25,1,40,109.35,card,2,London,180,2,True,929,0
ORD-100246,2025-04-16,10821,web,footwear,72.62,1,5,68.99,card,5,London,750,0,False,815,0
ORD-100247,2025-06-25,10327,web,apparel,28.15,1,0,28.15,card,1,North,1066,0,True,1855,0
ORD-100248,2025-05-14,10759,web,electronics,131.77,2,25,197.66,card,1,NI,704,0,False,362,0
ORD-100249,2025-03-18,10354,phone,home,63.58,1,15,54.04,card,3,NI,842,0,True,1837,0
ORD-100250,2025-09-14,10146,web,beauty,14.63,1,0,14.63,voucher,-999,South,563,3,True,202,1
ORD-100251,2025-02-11,10091,web,electronics,167.45,1,0,167.45,paypal,2,London,1136,0,True,1637,0
ORD-100252,2025-01-30,10536,web,home,37.07,1,0,37.07,card,5,South,579,0,True,2006,0
ORD-100253,2025-04-25,10434,web,beauty,18.0,1,0,18.0,card,3,London,246,1,False,420,1
ORD-100254,2025-07-09,10677,web,home,103.97,1,0,103.97,card,3,London,2287,1,True,872,0
ORD-100255,2025-12-19,10073,web,apparel,54.67,2,10,98.41,card,2,Wales,569,1,True,1360,0
ORD-100256,2025-08-27,10087,web,beauty,23.96,2,25,35.94,card,3,London,504,0,True,1398,0
ORD-100257,2025-06-02,11023,web,electronics,405.63,1,0,405.63,voucher,4,North,973,0,False,1632,0
ORD-100258,2025-05-28,10924,web,apparel,57.69,1,15,49.04,card,2,Midlands,252,1,False,375,1
ORD-100259,2025-10-17,10004,web,apparel,88.04,2,30,123.26,card,3,North,297,2,True,1886,0
ORD-100260,2025-10-26,11016,web,footwear,33.39,3,15,85.14,paypal,4,Scotland,940,2,True,2008,0
ORD-100261,2025-05-29,10506,web,electronics,179.65,1,5,170.67,paypal,3,Midlands,971,0,False,763,0
ORD-100262,2025-06-28,10881,web,home,65.98,2,0,131.96,bnpl,3,Midlands,1428,0,False,2012,0
ORD-100263,2025-04-17,10035,web,home,120.78,1,20,96.62,paypal,3,London,2104,1,False,1882,0
ORD-100264,2025-04-20,10043,web,home,70.44,1,0,70.44,card,4,South,303,1,False,966,0
ORD-100265,2025-12-12,10444,web,electronics,261.62,1,0,261.62,card,2,Midlands,249,3,False,1060,0
ORD-100266,2025-08-29,10615,web,sports,97.99,2,0,195.98,card,2,London,1328,1,False,221,1
ORD-100267,2025-07-29,10911,web,electronics,226.45,1,5,215.13,card,3,London,1883,0,True,1354,0
ORD-100268,2025-01-10,10485,web,beauty,13.42,1,0,13.42,paypal,6,London,2036,0,False,1107,0
ORD-100269,2025-05-01,10855,web,beauty,18.16,1,0,18.16,card,3,London,992,3,False,1224,0
ORD-100270,2025-06-07,10345,web,apparel,22.61,1,5,21.48,card,3,Midlands,1853,0,True,1567,0
ORD-100271,2025-08-24,10544,web,home,31.49,3,20,75.58,card,5,Midlands,1168,0,False,1656,0
ORD-100272,2025-12-19,10375,web,electronics,61.22,1,0,61.22,card,1,Midlands,868,4,True,24,1
ORD-100273,2025-04-26,10875,web,footwear,30.71,1,0,30.71,card,2,Midlands,1509,1,True,1130,0
ORD-100274,2025-02-24,10532,phone,home,35.5,1,0,35.5,card,5,South,2352,2,True,1725,0
ORD-100275,2025-07-30,10238,web,apparel,62.01,1,5,58.91,card,2,NI,184,4,False,1063,0
ORD-100276,2025-12-11,10863,web,footwear,61.36,1,0,61.36,card,7,South,658,2,True,1393,0
ORD-100277,2025-05-01,10126,web,apparel,84.37,1,0,84.37,bnpl,3,London,2158,1,True,679,0
ORD-100278,2025-12-29,10342,web,apparel,38.32,1,15,32.57,card,6,London,1296,0,True,1077,0
ORD-100279,2025-03-14,10806,web,home,79.04,2,0,158.08,bnpl,3,Scotland,1194,0,True,691,0
ORD-100280,2025-08-20,10892,web,home,52.28,1,0,52.28,paypal,1,South,1087,0,False,201,0
ORD-100281,2025-02-17,10808,web,home,72.45,1,0,72.45,card,2,South,2135,0,True,1482,0
ORD-100282,2025-08-04,10302,web,electronics,112.22,2,0,224.44,paypal,9,Midlands,275,0,False,1919,0
ORD-100283,2025-03-15,10735,web,apparel,65.28,2,0,130.56,bnpl,2,Midlands,1973,2,False,1647,0
ORD-100284,2025-08-05,10689,web,beauty,11.66,1,25,8.75,card,2,South,1194,2,True,1556,0
ORD-100285,2025-03-20,10014,web,sports,21.41,1,0,21.41,card,2,North,788,0,False,1256,0
ORD-100286,2025-11-19,10843,web,footwear,41.07,4,0,164.28,card,6,Wales,1694,1,True,1835,0
ORD-100287,2025-07-23,10749,web,home,37.04,1,0,37.04,card,3,North,1734,1,True,873,0
ORD-100288,2025-04-07,10623,web,sports,60.21,1,5,57.2,bnpl,4,North,2122,2,False,1583,0
ORD-100289,2025-12-28,10574,web,sports,20.87,1,15,17.74,card,1,London,81,0,False,20,0
ORD-100290,2025-10-13,10608,web,apparel,66.67,1,0,66.67,card,1,Midlands,607,0,True,1400,0
ORD-100291,2025-02-05,10270,web,home,96.26,1,0,96.26,card,2,North,1841,0,False,814,0
ORD-100292,2025-08-22,10669,web,footwear,92.23,1,0,92.23,paypal,2,Midlands,1249,1,True,1048,0
ORD-100293,2025-03-14,10898,web,apparel,23.75,1,0,23.75,card,1,North,1130,0,True,1413,0
ORD-100294,2025-10-21,10860,web,home,45.19,1,10,40.67,card,3,Midlands,2021,1,True,1744,0
ORD-100295,2025-09-28,10374,web,home,66.66,2,40,79.99,bnpl,4,NI,1814,0,False,182,1
ORD-100296,2025-01-25,10490,web,electronics,197.45,2,15,335.66,card,4,South,1428,0,True,1580,0
ORD-100297,2025-05-11,10496,web,footwear,74.87,2,0,149.74,card,4,North,435,1,True,1638,0
ORD-100298,2025-07-18,11007,web,apparel,36.19,1,15,30.76,paypal,4,South,1453,1,True,1903,0
ORD-100299,2025-06-27,11008,web,footwear,113.94,1,0,113.94,card,6,Scotland,1120,0,False,1408,0
ORD-100300,2025-07-27,10398,web,apparel,29.47,3,0,88.41,paypal,1,North,779,0,False,273,1
ORD-100301,2025-06-22,10712,web,footwear,76.95,1,20,61.56,card,6,London,1160,1,True,316,1
ORD-100302,2025-08-20,10379,web,home,56.54,1,10,50.89,bnpl,3,South,1743,1,True,243,0
ORD-100303,2025-05-21,10483,web,apparel,49.03,1,25,36.77,card,8,South,232,1,False,868,0
ORD-100304,2025-06-29,10499,web,electronics,147.28,2,0,294.56,paypal,1,Midlands,1468,1,False,1404,0
ORD-100305,2025-11-11,10559,web,electronics,96.1,1,0,96.1,card,8,South,1142,4,False,1003,0
ORD-100306,2025-03-27,10199,web,apparel,44.66,1,0,44.66,paypal,3,South,1985,0,True,1949,0
ORD-100307,2025-05-18,10199,web,apparel,49.62,2,0,99.24,card,1,South,1985,1,True,389,1
ORD-100308,2025-08-31,10507,web,apparel,30.75,1,25,23.06,paypal,5,London,341,1,True,954,0
ORD-100309,2025-07-06,10497,web,home,50.6,2,0,101.2,card,2,Scotland,2294,2,True,1028,0
ORD-100310,2025-04-01,10092,web,electronics,230.28,1,0,230.28,paypal,3,South,996,0,True,469,0
ORD-100311,2025-01-28,10895,phone,apparel,55.28,1,0,55.28,card,3,Midlands,749,0,False,819,0
ORD-100312,2025-12-28,10923,web,footwear,76.5,1,30,53.55,card,2,South,2018,0,True,4,0
ORD-100313,2025-07-23,10403,web,apparel,48.92,1,10,44.03,card,5,North,2279,1,True,265,0
ORD-100314,2025-09-15,10112,phone,sports,112.38,1,0,112.38,card,3,South,36,2,True,177,0
ORD-100315,2025-12-12,10403,web,electronics,202.45,1,0,202.45,card,4,North,2279,2,True,26,0
ORD-100316,2025-03-31,10572,web,home,84.13,1,30,58.89,paypal,2,Scotland,2345,1,False,794,0
ORD-100317,2025-01-08,10950,phone,beauty,29.7,4,20,95.04,paypal,4,London,546,0,True,1127,0
ORD-100318,2025-04-29,10256,web,home,23.75,3,0,71.25,card,5,South,1816,1,True,398,1
ORD-100319,2025-03-22,10782,web,home,22.39,1,0,22.39,paypal,3,London,1722,1,False,478,1
ORD-100320,2025-12-10,11025,web,footwear,0.0,2,0,79.2,voucher,5,London,639,1,False,1678,0
ORD-100321,2025-11-20,10367,web,apparel,38.35,1,20,30.68,paypal,3,South,1626,1,True,66,0
ORD-100322,2025-03-09,10576,web,apparel,38.54,2,15,65.52,card,4,NI,1745,0,False,1554,0
ORD-100323,2025-06-12,10715,web,apparel,75.46,2,0,150.92,card,5,North,93,0,True,344,1
ORD-100324,2025-09-27,10695,web,home,65.28,1,0,65.28,card,2,London,2336,0,True,790,0
ORD-100325,2025-12-22,10145,web,beauty,19.37,1,0,19.37,card,2,London,1489,4,False,1145,0
ORD-100326,2025-07-22,10183,web,apparel,63.91,2,0,127.82,card,3,London,2078,1,True,271,1
ORD-100327,2025-10-18,10073,web,sports,126.83,1,15,107.81,paypal,2,Wales,569,0,True,155,0
ORD-100328,2025-05-12,10487,web,electronics,177.73,2,0,355.46,card,3,London,763,1,False,1878,0
ORD-100329,2025-02-14,10950,web,apparel,26.31,1,0,26.31,card,2,London,546,1,True,510,0
ORD-100330,2025-04-20,10035,web,beauty,19.25,1,15,16.36,voucher,1,London,2104,2,False,1044,0
ORD-100331,2025-04-12,10690,web,apparel,40.79,2,0,81.58,card,3,London,320,0,False,1268,0
ORD-100332,2025-02-02,10389,web,home,62.6,2,0,125.2,card,2,Wales,1603,0,True,1589,0
ORD-100333,2025-05-27,10008,web,apparel,42.97,1,0,42.97,card,3,Midlands,2346,1,True,856,0
ORD-100334,2025-06-01,10632,web,apparel,37.47,1,10,33.72,paypal,4,North,392,0,False,355,1
ORD-100335,2025-05-27,10256,web,beauty,21.83,1,0,21.83,card,2,South,1816,2,True,1093,0
ORD-100336,2025-12-07,10972,web,electronics,116.66,1,5,110.83,voucher,2,London,749,2,True,737,0
ORD-100337,2025-09-02,10972,web,apparel,47.42,1,0,47.42,card,3,London,749,1,True,209,1
ORD-100338,2025-11-17,10896,web,apparel,30.47,2,20,48.75,voucher,1,London,1626,1,False,895,0
ORD-100339,2025-11-24,11035,web,apparel,32.48,2,0,64.96,card,1,South,2234,0,False,723,0
ORD-100340,2025-07-28,11042,web,beauty,36.45,1,0,36.45,paypal,2,Scotland,1351,1,False,1323,0
ORD-100341,2025-02-18,10643,web,footwear,55.91,1,20,44.73,card,5,South,2145,0,False,515,1
ORD-100341,2025-02-18,10643,web,footwear,55.91,1,20,44.73,card,5,Wales,2151,0,False,541,1
ORD-100342,2025-02-28,10233,web,footwear,66.8,1,0,66.8,bnpl,3,London,1109,0,True,519,1
ORD-100343,2025-04-23,10932,web,apparel,35.68,1,0,35.68,card,5,Scotland,153,1,True,1900,0
ORD-100344,2025-02-28,10339,web,home,45.1,1,0,45.1,card,7,London,2073,0,True,1262,0
ORD-100345,2025-11-22,10827,web,home,61.0,1,40,36.6,card,2,Scotland,421,0,True,660,0
ORD-100346,2025-08-05,10324,web,footwear,56.85,1,0,56.85,card,4,London,1524,3,False,1792,0
ORD-100347,2025-02-26,11019,web,apparel,43.79,2,5,83.2,bnpl,3,South,1430,0,False,524,0
ORD-100348,2025-01-25,10943,web,home,51.04,1,0,51.04,paypal,2,Midlands,1386,0,False,973,0
ORD-100349,2025-02-06,10809,web,sports,95.01,2,0,190.02,card,3,Midlands,375,0,False,1562,0
ORD-100350,2025-10-26,10946,web,apparel,32.25,1,15,27.41,voucher,5,London,2260,1,False,791,0
ORD-100351,2025-09-21,10515,web,footwear,62.45,1,0,62.45,paypal,3,South,2388,3,True,173,1
ORD-100352,2025-01-19,10378,web,beauty,13.62,1,10,12.26,voucher,3,London,2176,0,False,1473,0
ORD-100353,2025-03-17,10991,web,home,59.84,2,0,119.68,card,1,North,439,0,True,1857,0
ORD-100354,2025-09-22,10475,web,apparel,33.69,3,0,101.07,card,3,South,1492,0,False,605,0
ORD-100355,2025-10-22,10434,web,electronics,120.98,1,0,120.98,card,3,London,246,3,False,920,0
ORD-100356,2025-06-26,10033,phone,apparel,29.07,2,0,58.14,card,5,Midlands,2345,0,True,335,1
ORD-100357,2025-07-13,10723,web,sports,118.47,1,0,118.47,paypal,4,London,339,1,False,662,0
ORD-100358,2025-04-27,10371,web,apparel,24.11,1,30,16.88,paypal,4,London,449,1,False,1415,0
ORD-100359,2025-09-15,10135,web,home,46.8,1,20,37.44,card,6,Scotland,1042,1,True,1454,0
ORD-100360,2025-07-30,10801,web,sports,65.09,1,0,65.09,card,2,London,829,0,True,757,0
ORD-100361,2025-06-04,10179,web,electronics,197.06,1,5,187.21,card,3,Midlands,836,2,False,841,0
ORD-100362,2025-06-17,10256,web,footwear,120.45,1,10,108.4,card,1,South,1816,3,True,340,1
ORD-100363,2025-01-29,10543,web,electronics,233.72,1,5,222.03,bnpl,5,South,227,0,True,576,1
ORD-100364,2025-09-24,10126,web,home,28.36,1,0,28.36,card,1,London,2158,2,True,1378,0
ORD-100365,2025-01-29,10615,phone,home,56.12,2,0,112.24,card,6,London,1328,0,False,1113,0
ORD-100366,2025-04-03,10375,web,footwear,87.71,1,0,87.71,card,2,Midlands,868,0,True,466,1
ORD-100367,2025-03-04,10987,web,home,51.69,1,15,43.94,card,4,North,336,0,False,1051,0
ORD-100368,2025-08-25,10099,web,electronics,79.34,1,25,59.5,card,4,Midlands,516,2,False,1088,0
ORD-100369,2025-03-17,10416,web,apparel,46.78,2,0,93.56,card,3,NI,905,0,False,785,0
ORD-100370,2025-12-14,10002,web,apparel,60.86,1,0,60.86,card,6,Midlands,1920,0,True,32,0
ORD-100371,2025-07-28,10540,web,sports,163.02,1,5,154.87,bnpl,1,London,1899,0,True,245,0
ORD-100372,2025-05-29,11029,web,electronics,125.52,1,25,94.14,voucher,6,London,1878,1,True,1650,0
ORD-100373,2025-06-13,10099,web,home,36.39,1,0,36.39,card,2,Midlands,516,1,False,1442,0
ORD-100374,2025-12-16,10845,web,electronics,208.34,1,0,208.34,card,2,Scotland,1529,1,True,1178,0
ORD-100375,2025-07-07,10722,web,electronics,229.14,1,5,217.68,voucher,7,Wales,1170,1,True,1333,0
ORD-100376,2025-10-18,10627,phone,apparel,59.1,1,0,59.1,voucher,2,London,1384,0,False,149,1
ORD-100377,2025-08-09,10606,web,electronics,214.06,1,0,214.06,voucher,7,Wales,1909,0,False,227,1
ORD-100378,2025-06-14,10100,web,home,69.17,2,0,-138.34,card,3,South,2223,0,True,1464,0
ORD-100379,2025-06-13,10063,web,apparel,56.42,1,10,50.78,card,3,Midlands,1173,0,True,373,0
ORD-100380,2025-01-27,10049,web,electronics,256.54,1,25,192.41,card,1,South,909,0,True,570,1
ORD-100381,2025-07-07,10644,web,apparel,49.71,1,0,49.71,paypal,9,Midlands,1656,1,True,1582,0
ORD-100382,2025-04-11,10180,web,sports,121.24,3,0,363.72,bnpl,5,North,319,0,False,441,1
ORD-100383,2025-05-02,10242,web,apparel,52.95,1,0,52.95,card,5,North,921,0,False,1675,0
ORD-100384,2025-04-04,10009,web,apparel,59.69,2,0,119.38,card,5,South,2083,1,False,1276,0
ORD-100385,2025-12-01,10941,web,footwear,35.16,2,25,52.74,card,2,London,1722,2,False,1745,0
ORD-100386,2025-04-19,10508,web,footwear,82.97,1,5,78.82,card,5,London,573,1,True,397,0
ORD-100387,2025-02-06,10872,web,beauty,17.23,2,0,34.46,card,2,London,591,0,True,523,0
ORD-100388,2025-07-12,10066,web,beauty,12.17,1,10,10.95,card,2,Midlands,709,4,False,1594,0
ORD-100389,2025-12-10,11009,web,sports,21.91,1,0,21.91,card,3,Wales,1431,1,True,56,1
ORD-100390,2025-10-01,10817,web,sports,52.3,1,10,47.07,voucher,3,South,474,4,False,788,0
ORD-100391,2025-09-22,10226,web,electronics,272.17,1,0,272.17,card,5,North,1052,2,True,199,1
ORD-100392,2025-10-21,11051,web,electronics,214.55,1,0,214.55,card,5,London,358,3,True,1687,0
ORD-100393,2025-04-13,10721,web,footwear,93.23,2,25,139.84,card,1,Wales,1822,0,True,1914,0
ORD-100394,2025-02-02,10238,web,apparel,35.07,2,30,49.1,card,5,NI,184,1,False,1887,0
ORD-100395,2025-01-12,10546,web,home,35.74,1,10,32.17,card,3,South,1322,1,False,1067,0
ORD-100396,2025-09-02,11033,web,footwear,73.47,1,0,73.47,card,2,Scotland,804,1,False,628,0
ORD-100397,2025-06-14,10789,web,home,32.61,3,0,97.83,card,4,North,230,1,True,923,0
ORD-100398,2025-01-11,10737,phone,electronics,203.62,2,5,386.88,card,3,South,1300,0,False,793,0
ORD-100399,2025-07-04,10253,web,apparel,28.18,1,0,28.18,paypal,1,Midlands,1928,2,False,304,0
ORD-100400,2025-09-18,10636,phone,apparel,64.94,1,0,64.94,card,6,London,1459,0,True,1576,0
ORD-100401,2025-01-12,10855,web,footwear,39.1,1,30,27.37,card,2,London,992,1,False,1486,0
ORD-100402,2025-10-23,10559,web,home,91.98,1,30,64.39,card,3,South,1142,3,False,1872,0
ORD-100403,2025-12-24,10424,web,footwear,44.23,2,0,88.46,paypal,2,South,2378,1,True,42,1
ORD-100404,2025-07-04,10821,web,electronics,178.17,1,0,178.17,paypal,3,London,750,1,False,1142,0
ORD-100405,2025-12-15,11034,web,electronics,369.51,1,0,369.51,card,2,South,1643,1,True,1797,0
ORD-100406,2025-07-16,10674,web,home,91.93,2,25,137.9,bnpl,2,South,1420,1,True,293,1
ORD-100407,2025-06-01,10317,web,footwear,60.22,1,0,60.22,card,6,North,827,1,True,743,0
ORD-100408,2025-01-18,10243,web,home,33.05,1,0,33.05,bnpl,2,South,1415,0,False,590,0
ORD-100409,2025-12-15,10039,web,apparel,62.23,1,0,62.23,card,2,London,1188,1,False,46,0
ORD-100410,2025-06-01,10730,web,sports,71.87,1,10,64.68,paypal,6,South,675,0,False,338,0
ORD-100411,2025-06-19,10032,web,electronics,99.2,1,15,84.32,bnpl,2,London,1198,0,True,1161,0
ORD-100412,2025-09-05,10817,web,footwear,107.14,1,0,107.14,card,3,South,474,3,False,1867,0
ORD-100413,2025-08-04,10499,web,sports,110.62,1,0,110.62,paypal,1,Midlands,1468,2,False,1773,0
ORD-100414,2025-02-07,11041,web,footwear,39.45,1,0,39.45,paypal,1,North,1141,1,True,866,0
ORD-100415,2025-01-17,10952,web,footwear,98.4,1,0,98.4,bnpl,1,South,2039,0,False,581,1
ORD-100416,2025-12-15,10223,web,apparel,22.83,3,0,68.49,card,5,North,1358,1,True,1111,0
ORD-100417,2025-02-08,10206,web,electronics,99.57,2,20,159.31,card,4,NI,365,1,False,556,1
ORD-100418,2025-07-14,10604,web,beauty,14.54,2,0,29.08,card,2,Scotland,820,0,True,792,0
ORD-100419,2025-01-27,10377,web,apparel,61.55,3,0,184.65,card,4,North,1711,1,True,566,1
ORD-100420,2025-11-19,10982,web,apparel,46.76,1,5,44.42,bnpl,8,North,1556,1,False,1818,0
ORD-100421,2025-04-10,10766,web,home,100.4,1,0,100.4,card,3,South,1397,1,False,1667,0
ORD-100422,2025-06-10,11024,web,home,62.43,1,0,62.43,bnpl,4,North,1637,0,True,943,0
ORD-100423,2025-08-03,10193,web,sports,63.54,2,0,127.08,card,5,London,1792,0,False,1357,0
ORD-100424,2025-08-30,11031,phone,footwear,46.88,1,0,46.88,card,3,Midlands,172,3,True,1905,0
ORD-100425,2025-06-11,10733,web,beauty,32.26,2,0,64.52,card,3,Scotland,1317,0,True,1610,0
ORD-100426,2025-07-16,10735,web,apparel,35.88,1,15,30.5,bnpl,5,Midlands,1973,4,False,264,1
ORD-100427,2025-08-27,10913,web,apparel,30.37,2,0,60.74,paypal,4,London,1278,1,False,1154,0
ORD-100428,2025-10-16,11056,web,apparel,69.41,2,0,138.82,card,4,South,1346,1,True,674,0
ORD-100429,2025-09-13,10159,web,apparel,34.47,1,0,34.47,paypal,1,Scotland,743,0,True,1559,0
ORD-100430,2025-11-09,10100,web,apparel,36.26,1,0,36.26,paypal,2,South,2223,2,True,119,1
ORD-100431,2025-03-16,10634,web,sports,37.19,2,15,63.22,paypal,4,North,380,1,True,481,0
ORD-100432,2025-12-05,10844,web,apparel,33.71,4,0,134.84,card,5,South,1156,3,True,806,0
ORD-100433,2025-07-05,10508,web,apparel,36.86,1,10,33.17,card,4,London,573,2,True,319,0
ORD-100434,2025-04-26,10486,web,apparel,74.86,1,0,74.86,card,5,North,558,0,True,1677,0
ORD-100435,2025-12-17,10100,phone,apparel,22.86,1,15,19.43,card,4,South,2223,3,True,1052,0
ORD-100436,2025-08-09,10341,web,home,41.66,1,0,41.66,card,3,London,135,0,True,1218,0
ORD-100437,2025-01-08,11039,web,electronics,204.0,1,0,204.0,paypal,2,South,536,0,True,568,0
ORD-100438,2025-06-29,10614,web,beauty,0.0,2,0,18.56,paypal,6,London,649,0,True,1749,0
ORD-100439,2025-03-24,10603,web,footwear,35.57,1,0,35.57,card,6,South,1030,0,False,473,1
ORD-100440,2025-03-04,10869,web,sports,63.78,1,0,63.78,paypal,2,Scotland,2335,0,False,1330,0
ORD-100441,2025-02-06,10491,web,apparel,42.72,2,0,85.44,card,10,Wales,1754,0,True,1040,0
ORD-100442,2025-04-08,10049,web,footwear,63.54,1,30,44.48,card,4,South,909,1,True,446,1
ORD-100443,2025-08-26,10559,web,footwear,93.46,0,0,186.92,bnpl,4,South,1142,1,False,215,1
ORD-100444,2025-11-19,11038,web,home,77.19,1,15,65.61,bnpl,2,Midlands,2013,1,False,885,0
ORD-100445,2025-11-21,10609,web,home,67.62,2,0,135.24,paypal,3,NI,855,1,True,1777,0
ORD-100446,2025-05-17,10610,web,apparel,63.88,1,0,63.88,card,2,North,837,0,False,363,0
ORD-100447,2025-06-08,11053,web,apparel,37.72,2,0,75.44,paypal,3,Midlands,902,1,True,1187,0
ORD-100448,2025-01-11,10757,web,sports,31.92,1,0,31.92,bnpl,4,NI,2038,0,True,1940,0
ORD-100449,2025-12-08,11019,web,beauty,39.93,4,0,159.72,card,4,South,1430,1,False,747,0
ORD-100450,2025-01-13,11037,web,home,92.08,1,20,73.66,card,3,London,861,0,True,1869,0
ORD-100451,2025-02-25,10474,web,electronics,171.4,1,0,171.4,card,1,South,1301,1,True,1967,0
ORD-100452,2025-08-08,10448,web,electronics,211.89,1,25,158.92,paypal,2,London,1033,0,True,1523,0
ORD-100453,2025-03-01,10253,web,apparel,38.2,1,0,38.2,card,4,Midlands,1928,1,False,1225,0
ORD-100454,2025-12-19,10494,web,apparel,43.96,1,0,43.96,card,2,London,1269,1,True,40,1
ORD-100455,2025-09-24,10246,web,home,85.67,2,5,162.77,card,1,North,1480,1,False,1540,0
ORD-100456,2025-10-22,10806,web,sports,116.99,1,0,116.99,voucher,2,Scotland,1194,3,True,848,0
ORD-100457,2025-05-03,10081,web,home,134.11,2,0,268.22,paypal,4,London,1443,1,True,922,0
ORD-100458,2025-03-31,10794,web,apparel,27.95,1,30,19.56,card,4,London,978,1,False,1960,0
ORD-100459,2025-09-23,10788,web,apparel,58.64,2,0,117.28,card,2,London,1526,0,True,197,0
ORD-100460,2025-01-22,10390,web,electronics,310.48,1,0,310.48,card,2,North,979,0,True,855,0
ORD-100461,2025-02-08,10061,web,sports,16.6,1,0,16.6,card,3,Midlands,1304,0,True,1736,0
ORD-100462,2025-06-08,10940,web,home,112.3,1,0,112.3,card,6,Midlands,2219,0,False,916,0
ORD-100462,2025-06-08,10940,web,home,112.3,1,0,112.3,card,6,London,2288,0,False,354,0
ORD-100463,2025-05-01,10241,web,home,98.74,1,30,69.12,paypal,2,Midlands,843,0,False,1202,0
ORD-100464,2025-06-11,10199,web,sports,141.05,1,20,112.84,bnpl,2,South,1985,2,True,961,0
ORD-100465,2025-01-03,10348,web,home,98.34,1,0,98.34,bnpl,8,North,708,0,False,1056,0
ORD-100466,2025-10-16,10852,phone,sports,56.35,2,0,112.7,card,3,Scotland,324,2,False,109,0
ORD-100467,2025-06-11,10480,web,home,89.91,1,0,89.91,voucher,6,London,1074,0,True,1613,0
ORD-100468,2025-05-30,10975,web,apparel,47.26,1,0,47.26,paypal,3,South,857,2,True,1267,0
ORD-100469,2025-12-15,10645,phone,apparel,41.62,1,15,35.38,paypal,6,Midlands,150,2,False,1847,0
ORD-100470,2025-02-22,10607,web,apparel,55.25,1,0,55.25,card,2,South,669,0,False,534,0
ORD-100471,2025-04-22,10317,web,home,49.25,1,0,49.25,card,5,North,827,0,True,796,0
ORD-100472,2025-05-06,10376,web,electronics,174.57,1,0,174.57,bnpl,4,London,942,0,False,2017,0
ORD-100473,2025-09-13,10578,web,electronics,92.76,2,0,185.52,card,2,London,2220,1,True,1624,0
ORD-100474,2025-08-26,10791,web,apparel,54.1,1,20,43.28,card,8,NI,549,6,True,224,0
ORD-100475,2025-05-10,10817,phone,apparel,84.73,2,30,118.62,card,8,South,474,1,False,400,0
ORD-100476,2025-08-13,10553,web,apparel,33.91,1,0,33.91,card,1,Midlands,324,0,False,1893,0
ORD-100477,2025-10-19,10910,web,home,38.4,1,0,38.4,card,2,Wales,1310,0,False,642,0
ORD-100478,2025-03-02,10269,web,electronics,324.18,1,0,324.18,card,2,Midlands,33,0,False,1565,0
ORD-100479,2025-07-27,10164,web,apparel,50.97,1,0,50.97,bnpl,1,North,170,0,False,1875,0
ORD-100480,2025-08-11,10250,web,beauty,16.66,2,15,28.32,card,1,South,1769,0,False,1884,0
ORD-100481,2025-11-14,10174,web,home,42.36,2,0,84.72,card,6,London,1253,0,True,1776,0
ORD-100482,2025-12-08,10803,web,apparel,39.53,2,15,67.2,card,2,South,825,1,True,54,1
ORD-100483,2025-04-03,11044,web,home,105.89,2,20,169.42,card,4,Midlands,1419,0,True,608,0
ORD-100484,2025-06-28,10024,web,apparel,52.72,1,10,47.45,card,2,North,909,1,True,331,1
ORD-100484,2025-06-28,10024,web,apparel,52.72,1,10,47.45,card,2,Scotland,966,1,True,303,1
ORD-100485,2025-05-29,10479,web,apparel,37.49,1,0,37.49,card,1,South,2244,0,True,1978,0
ORD-100486,2025-06-13,10230,web,home,41.73,1,25,31.3,card,3,North,404,1,True,655,0
ORD-100487,2025-07-15,10696,web,electronics,218.6,2,0,437.2,card,2,North,1883,0,True,1586,0
ORD-100488,2025-10-25,10684,web,apparel,43.61,2,0,87.22,card,5,North,1102,1,True,110,0
ORD-100489,2025-12-14,10983,web,sports,151.56,1,10,136.4,card,5,North,501,3,True,38,1
ORD-100490,2025-03-19,10310,web,sports,110.5,2,0,221.0,card,2,Midlands,507,0,True,1995,0
ORD-100491,2025-12-24,10373,web,apparel,76.99,2,0,153.98,card,2,London,1161,3,False,1910,0
ORD-100492,2025-08-24,11029,web,home,74.02,2,0,148.04,bnpl,6,London,1878,2,True,1661,0
ORD-100493,2025-08-14,10824,web,apparel,53.32,3,20,127.97,card,3,Midlands,2081,1,False,240,1
ORD-100494,2025-02-19,10766,web,apparel,45.85,1,10,41.26,paypal,3,South,1397,0,False,535,1
ORD-100495,2025-04-13,10385,web,footwear,44.86,2,5,85.23,card,1,London,2047,0,False,1895,0
ORD-100496,2025-01-06,10443,web,apparel,70.67,1,0,70.67,paypal,1,London,1863,0,False,846,0
ORD-100497,2025-11-11,10728,web,apparel,57.59,2,0,115.18,card,4,Midlands,683,1,True,731,0
ORD-100498,2025-03-27,10957,web,apparel,45.62,1,5,43.34,bnpl,3,North,1415,0,False,462,1
ORD-100499,2025-06-14,10741,web,sports,63.35,1,0,63.35,card,5,North,2096,0,True,889,0
ORD-100500,2025-10-30,10145,web,apparel,47.3,2,0,94.6,card,3,London,1489,2,False,1294,0
ORD-100501,2025-10-26,10155,web,electronics,300.65,2,0,601.3,card,4,London,1993,1,True,124,1
ORD-100502,2025-08-22,10593,web,sports,97.74,2,0,195.48,voucher,6,South,807,2,True,1310,0
ORD-100503,2025-10-13,10404,web,home,50.66,3,15,129.18,card,4,Scotland,1808,2,False,143,1
ORD-100504,2025-10-05,10935,web,electronics,198.49,1,0,198.49,card,6,London,1193,0,True,813,0
ORD-100505,2025-07-04,10842,web,footwear,81.73,1,10,73.56,bnpl,5,Midlands,66,0,False,1311,0
ORD-100506,2025-09-09,10057,phone,apparel,42.96,1,0,42.96,paypal,5,South,1822,2,True,1832,0
ORD-100507,2025-09-28,11060,web,home,92.36,2,0,184.72,voucher,1,South,1396,4,False,185,1
ORD-100508,2025-03-16,10720,phone,apparel,57.37,1,0,57.37,bnpl,4,London,293,0,True,912,0
ORD-100509,2025-10-05,10626,web,apparel,72.42,1,0,72.42,card,4,North,666,3,False,183,0
ORD-100510,2025-08-20,10677,web,sports,113.2,1,20,90.56,card,1,London,2287,3,True,228,1
ORD-100511,2025-06-02,10372,phone,home,55.02,1,25,41.26,card,3,North,2166,0,False,1688,0
ORD-100512,2025-05-09,10369,web,beauty,26.21,1,0,26.21,bnpl,1,London,453,0,True,381,0
ORD-100513,2025-01-21,10066,web,footwear,53.74,1,0,53.74,paypal,5,Midlands,709,1,False,1836,0
ORD-100514,2025-09-02,10956,web,home,21.01,2,0,42.02,card,4,South,520,1,True,1988,0
ORD-100515,2025-06-25,10666,phone,home,103.86,1,5,98.67,paypal,3,North,583,0,False,2016,0
ORD-100516,2025-03-30,10154,web,home,67.77,2,0,135.54,card,1,North,1417,0,True,703,0
ORD-100517,2025-07-28,10860,web,beauty,33.34,1,15,28.34,card,2,Midlands,2021,0,True,1242,0
ORD-100518,2025-10-05,10502,web,beauty,9.71,1,0,9.71,paypal,5,Scotland,1340,1,True,1143,0
ORD-100519,2025-04-19,10225,web,home,85.56,3,0,256.68,card,2,London,1286,1,True,431,1
ORD-100520,2025-01-09,10768,web,beauty,12.03,1,0,12.03,bnpl,1,Midlands,1361,0,True,573,0
ORD-100521,2025-08-20,10692,web,apparel,69.88,1,10,62.89,voucher,2,South,1119,1,True,948,0
ORD-100522,2025-04-17,10840,web,home,89.29,1,5,84.83,card,4,South,1205,1,False,1709,0
ORD-100523,2025-08-08,10588,web,electronics,158.67,3,0,476.01,voucher,1,Scotland,1040,3,False,1800,0
ORD-100524,2025-06-26,10964,web,apparel,77.3,2,0,154.6,voucher,3,Midlands,2121,3,True,1388,0
ORD-100525,2025-06-02,10067,web,apparel,68.48,1,0,68.48,paypal,5,Midlands,84,0,False,1796,0
ORD-100526,2025-09-07,10334,web,sports,64.37,2,15,109.43,card,6,Scotland,303,0,True,1086,0
ORD-100526,2025-09-07,10334,web,sports,64.37,2,15,109.43,card,6,North,348,0,True,1098,0
ORD-100527,2025-01-22,10312,web,apparel,32.89,2,0,65.78,bnpl,6,London,470,0,True,823,0
ORD-100528,2025-09-30,11044,web,apparel,54.84,1,10,49.36,card,4,Midlands,1419,2,True,1856,0
ORD-100529,2025-07-09,10835,web,electronics,179.5,1,20,143.6,card,4,Midlands,663,1,True,633,0
ORD-100530,2025-01-19,10722,web,footwear,76.6,2,5,145.54,card,2,Wales,1170,0,True,1254,0
ORD-100531,2025-10-27,10990,web,electronics,274.02,2,0,548.04,bnpl,2,South,1021,1,True,1057,0
ORD-100532,2025-10-13,10445,web,apparel,22.41,1,0,22.41,card,1,North,1098,0,True,176,0
ORD-100533,2025-10-09,10381,web,apparel,25.51,1,0,25.51,card,5,Wales,760,3,False,1033,0
ORD-100534,2025-03-17,10039,web,footwear,42.64,1,15,36.24,card,2,London,1188,0,False,479,1
ORD-100535,2025-01-09,10774,web,apparel,50.35,1,0,50.35,bnpl,2,London,1306,0,True,1713,0
ORD-100536,2025-01-26,10794,web,electronics,189.74,1,10,170.77,card,1,London,978,0,False,770,0
ORD-100537,2025-03-07,10755,web,beauty,14.71,2,10,26.48,voucher,3,North,2050,1,True,712,0
ORD-100538,2025-12-01,10196,web,footwear,80.17,2,0,160.34,card,2,North,393,4,True,72,1
ORD-100539,2025-09-01,10493,web,apparel,40.19,1,30,28.13,voucher,8,London,220,1,False,212,1
ORD-100540,2025-11-23,10699,web,apparel,76.42,1,25,57.32,card,4,Scotland,838,1,True,89,0
ORD-100541,2025-10-11,10813,web,beauty,19.33,1,0,19.33,card,1,London,965,0,True,1336,0
ORD-100542,2025-05-13,10812,phone,apparel,56.32,1,0,56.32,card,6,North,325,1,False,403,1
ORD-100543,2025-08-25,10805,web,footwear,47.79,1,10,43.01,paypal,1,London,2318,2,True,231,1
ORD-100544,2025-12-30,10219,web,sports,50.29,1,10,45.26,card,3,London,1941,0,True,1126,0
ORD-100545,2025-05-03,10124,web,home,84.51,1,0,84.51,card,3,South,1770,0,False,1233,0
ORD-100546,2025-10-19,10229,web,footwear,38.71,2,5,73.55,card,2,Wales,1205,2,False,157,0
ORD-100547,2025-01-27,10430,web,home,80.42,2,0,160.84,paypal,6,London,1769,0,True,1466,0
ORD-100548,2025-06-19,10815,web,apparel,34.61,2,0,69.22,card,2,South,1104,0,True,360,1
ORD-100549,2025-02-15,10390,web,electronics,161.53,2,0,323.06,card,4,North,979,1,True,1514,0
ORD-100550,2025-05-10,10985,web,sports,109.19,2,15,185.62,card,4,North,1554,1,True,1339,0
ORD-100551,2025-05-29,10092,web,home,62.59,3,0,187.77,card,3,South,996,2,True,681,0
ORD-100552,2025-06-02,10332,web,beauty,33.26,1,0,33.26,card,1,London,1083,0,False,880,0
ORD-100553,2025-01-26,10516,web,electronics,109.56,1,5,104.08,voucher,3,Midlands,1497,0,True,1753,0
ORD-100554,2025-06-19,10964,web,home,58.69,1,0,58.69,bnpl,3,Midlands,2121,2,True,1253,0
ORD-100555,2025-05-27,10850,web,apparel,49.93,2,0,99.86,card,3,Wales,1383,0,False,1315,0
ORD-100556,2025-08-12,11047,web,electronics,193.47,1,0,193.47,card,3,London,1158,0,False,726,0
ORD-100557,2025-12-02,10436,phone,apparel,56.32,1,15,47.87,card,4,North,199,1,True,811,0
ORD-100558,2025-08-21,10957,web,apparel,39.15,1,0,39.15,paypal,13,North,1415,2,False,226,1
ORD-100559,2025-12-16,10327,web,apparel,51.59,2,15,87.7,card,3,North,1066,2,True,28,0
ORD-100560,2025-10-01,10806,phone,footwear,52.94,1,0,52.94,card,4,Scotland,1194,2,True,1778,0
ORD-100561,2025-08-21,10086,web,apparel,31.08,1,30,21.76,voucher,4,South,979,1,False,1114,0
ORD-100562,2025-07-31,10706,web,electronics,347.61,2,25,521.42,card,2,Scotland,838,1,True,676,0
ORD-100563,2025-11-03,10196,web,home,84.96,2,5,161.42,bnpl,3,North,393,3,True,709,0
ORD-100564,2025-08-22,10886,web,electronics,80.56,2,25,120.84,card,2,South,520,0,False,1864,0
ORD-100565,2025-12-11,10830,web,electronics,199.98,2,20,319.97,card,1,London,440,2,False,33,1
ORD-100566,2025-08-21,10537,web,apparel,31.47,1,0,31.47,bnpl,5,London,1920,1,True,234,1
ORD-100567,2025-09-29,10020,web,electronics,282.49,1,10,254.24,card,5,South,320,2,False,172,1
ORD-100568,2025-10-19,10025,web,footwear,57.58,1,10,51.82,bnpl,2,South,815,2,True,1335,0
ORD-100569,2025-08-01,10713,web,electronics,114.05,2,0,228.1,card,2,North,1818,0,False,1955,0
ORD-100570,2025-12-03,10083,phone,footwear,85.05,2,15,144.58,card,3,London,131,2,True,75,0
ORD-100571,2025-07-23,10976,web,electronics,56.77,1,0,56.77,bnpl,8,Midlands,1219,0,True,235,0
ORD-100572,2025-12-30,10821,web,footwear,62.64,1,15,53.24,card,2,London,750,2,False,1880,0
ORD-100573,2025-04-17,10899,web,beauty,25.66,1,0,25.66,bnpl,2,South,478,2,True,1916,0
ORD-100574,2025-12-04,10983,web,apparel,33.0,2,5,62.7,card,2,North,501,2,True,55,1
ORD-100575,2025-04-07,10135,web,footwear,103.07,1,0,103.07,card,3,Scotland,1042,0,True,1034,0
ORD-100576,2025-03-27,10085,web,apparel,40.28,1,0,40.28,bnpl,4,North,1780,0,True,666,0
ORD-100576,2025-03-27,10085,web,apparel,40.28,1,0,40.28,bnpl,4,South,1849,0,True,615,0
ORD-100577,2025-06-22,10965,web,home,99.43,1,20,79.54,voucher,3,North,366,0,True,327,1
ORD-100578,2025-03-30,11012,web,apparel,31.64,1,20,25.31,bnpl,2,Scotland,2092,1,False,460,1
ORD-100579,2025-06-27,10252,web,sports,85.01,1,0,85.01,voucher,4,London,681,0,False,1043,0
ORD-100580,2025-06-05,10355,web,beauty,17.16,1,5,16.3,bnpl,3,South,125,1,False,342,1
ORD-100581,2025-01-05,11055,web,apparel,50.47,2,0,100.94,card,2,South,2154,0,False,1941,0
ORD-100582,2025-07-15,10657,web,apparel,34.05,3,0,102.15,card,1,London,2162,0,True,967,0
ORD-100583,2025-05-03,10303,web,electronics,183.6,1,0,183.6,card,2,Wales,1166,0,True,410,1
ORD-100584,2025-07-07,10817,web,electronics,259.53,3,0,778.59,card,2,South,474,2,False,1244,0
ORD-100585,2025-04-10,10551,web,apparel,63.5,1,25,47.62,paypal,4,North,1307,1,True,457,1
ORD-100586,2025-01-18,10527,web,home,58.17,1,25,43.63,card,2,North,328,0,False,1723,0
ORD-100587,2025-11-11,10478,phone,apparel,43.61,1,0,43.61,card,2,London,1636,1,False,1009,0
ORD-100588,2025-02-17,10463,web,apparel,35.19,1,15,29.91,card,2,North,442,0,False,692,0
ORD-100589,2025-07-02,10306,web,footwear,44.06,1,0,44.06,card,6,North,2268,2,False,981,0
ORD-100590,2025-12-17,10266,web,beauty,23.83,1,0,23.83,paypal,8,Midlands,688,2,True,772,0
ORD-100591,2025-10-28,10585,phone,apparel,34.63,1,0,34.63,card,4,North,1504,2,False,1579,0
ORD-100592,2025-03-15,10281,web,apparel,47.28,1,5,44.92,card,3,London,469,0,False,490,1
ORD-100593,2025-08-17,10035,web,apparel,48.44,1,0,48.44,card,2,London,2104,5,False,1641,0
ORD-100594,2025-04-02,10431,web,apparel,35.44,1,0,35.44,card,2,London,141,0,False,1207,0
ORD-100595,2025-11-15,10042,web,home,138.54,1,0,138.54,card,5,London,2308,1,True,1654,0
ORD-100596,2025-01-21,10916,web,apparel,37.57,1,5,35.69,card,2,London,1450,0,False,557,1
ORD-100597,2025-10-01,10706,web,home,146.18,2,0,292.36,card,5,Scotland,838,2,True,614,0
ORD-100598,2025-07-05,10460,web,apparel,66.19,1,0,66.19,paypal,5,Scotland,1883,1,True,717,0
ORD-100599,2025-04-16,10222,web,home,45.51,1,10,40.96,paypal,4,London,1860,0,True,1423,0
ORD-100599,2025-04-16,10222,web,home,45.51,1,10,40.96,paypal,4,Wales,1922,0,True,749,0
ORD-100600,2025-02-24,10492,web,home,41.51,1,0,41.51,card,7,NI,1656,1,False,1082,0
ORD-100601,2025-07-04,10194,web,apparel,54.32,1,0,54.32,card,4,North,560,1,False,315,1
ORD-100602,2025-09-29,10676,web,home,25.09,1,25,18.82,card,1,North,223,1,True,1405,0
ORD-100603,2025-09-14,10663,web,beauty,31.37,1,0,31.37,paypal,1,Wales,1314,1,True,1885,0
ORD-100604,2025-01-28,10782,web,home,42.07,1,0,42.07,card,5,London,1722,0,False,1122,0
ORD-100605,2025-04-11,10552,web,apparel,21.97,1,0,21.97,bnpl,1,NI,47,0,False,1436,0
ORD-100606,2025-05-12,10156,web,apparel,55.35,1,0,55.35,paypal,2,London,2381,0,True,1788,0
ORD-100607,2025-05-27,10203,web,beauty,37.93,2,0,75.86,card,1,North,1274,0,True,1245,0
ORD-100608,2025-12-19,11046,web,beauty,29.24,1,0,29.24,card,5,Midlands,2165,0,True,620,0
ORD-100609,2025-05-04,10044,web,electronics,145.69,1,20,116.55,card,5,South,170,1,True,1979,0
ORD-100610,2025-10-14,10298,web,apparel,28.34,2,0,56.68,card,3,Scotland,2347,0,True,1015,0
ORD-100611,2025-10-08,10220,web,sports,127.14,2,25,190.71,bnpl,1,London,1478,1,True,154,1
ORD-100612,2025-04-14,10403,web,apparel,43.11,2,5,81.91,card,2,North,2279,0,True,1361,0
ORD-100613,2025-09-11,10746,web,electronics,211.32,1,10,190.19,paypal,3,North,1274,2,False,1206,0
ORD-100614,2025-04-30,10485,phone,electronics,172.41,1,0,172.41,paypal,5,London,2036,1,False,1409,0
ORD-100615,2025-07-05,10965,web,electronics,216.02,1,0,216.02,card,6,North,366,1,True,975,0
ORD-100616,2025-02-12,10262,web,footwear,35.47,1,0,35.47,card,3,London,1473,0,True,549,1
ORD-100617,2025-01-19,10227,web,apparel,61.66,3,5,175.73,card,3,Midlands,1841,0,True,1087,0
ORD-100618,2025-05-12,10405,web,sports,36.72,1,10,33.05,paypal,1,NI,1761,0,False,396,0
ORD-100619,2025-08-09,10112,web,beauty,11.02,1,25,8.26,card,2,South,36,1,True,665,0
ORD-100620,2025-01-20,10724,web,home,72.53,1,20,58.02,card,6,South,1076,1,True,1240,0
ORD-100621,2025-06-29,10016,web,footwear,47.86,1,0,47.86,card,6,South,232,0,True,1230,0
ORD-100622,2025-07-16,10327,web,electronics,237.69,1,0,237.69,paypal,5,North,1066,1,True,1264,0
ORD-100623,2025-05-07,10603,phone,home,104.16,1,25,78.12,card,9,South,1030,1,False,1737,0
ORD-100624,2025-11-30,10122,web,electronics,404.26,1,0,404.26,voucher,4,NI,900,2,True,984,0
ORD-100625,2025-10-14,10049,web,sports,68.48,1,10,61.63,card,3,South,909,2,True,138,1
ORD-100626,2025-08-25,10059,web,electronics,63.56,1,20,50.85,bnpl,4,Wales,1594,0,True,1485,0
ORD-100627,2025-02-02,10271,web,footwear,74.77,1,0,74.77,card,2,London,1540,0,True,721,0
ORD-100628,2025-09-30,10308,phone,apparel,58.63,1,5,55.7,card,3,London,1130,1,True,1925,0
ORD-100629,2025-02-05,10062,web,home,36.56,1,0,36.56,paypal,1,South,1642,0,False,528,0
ORD-100630,2025-06-27,10930,web,footwear,46.77,2,0,93.54,card,9,South,458,0,False,296,1
ORD-100631,2025-03-15,10855,web,sports,61.19,1,0,61.19,card,3,London,992,2,False,1930,0
ORD-100632,2025-03-31,10961,web,home,112.79,1,0,112.79,card,2,Midlands,2114,1,True,1512,0
ORD-100633,2025-09-04,10726,web,apparel,51.17,2,0,102.34,card,3,North,558,0,True,223,1
ORD-100634,2025-04-24,10549,web,apparel,36.03,1,0,36.03,paypal,2,London,2364,0,True,1080,0
ORD-100635,2025-06-06,10578,web,footwear,80.58,1,15,68.49,card,3,London,2220,0,True,840,0
ORD-100636,2025-04-28,10420,web,apparel,53.74,1,0,53.74,card,2,Midlands,828,0,True,1099,0
ORD-100636,2025-04-28,10420,web,apparel,53.74,1,0,53.74,card,2,North,785,0,True,1219,0
ORD-100637,2025-10-01,10579,web,home,68.57,1,10,61.71,card,5,North,1627,1,False,1879,0
ORD-100638,2025-03-26,10864,web,home,130.3,2,0,260.6,card,1,London,519,0,True,1159,0
ORD-100639,2025-03-14,10681,web,electronics,229.52,1,5,218.04,card,3,Scotland,1126,0,False,1006,0
ORD-100640,2025-07-14,11016,web,electronics,358.67,1,0,358.67,card,3,Scotland,940,1,True,1524,0
ORD-100641,2025-11-28,10629,web,home,53.31,1,10,47.98,card,5,Wales,945,2,False,1873,0
ORD-100642,2025-04-07,11017,web,electronics,235.4,1,10,211.86,paypal,5,Midlands,1514,0,False,861,0
ORD-100643,2025-02-28,10162,web,apparel,50.46,2,0,100.92,card,1,London,381,0,False,1870,0
ORD-100644,2025-09-09,10457,web,home,81.54,1,0,81.54,card,3,North,473,1,True,955,0
ORD-100645,2025-08-27,10769,web,electronics,268.52,1,20,214.82,card,3,Wales,154,1,True,1200,0
ORD-100646,2025-07-03,10803,web,electronics,111.58,2,0,223.16,card,2,South,825,0,True,328,1
ORD-100647,2025-01-09,10904,web,footwear,0.0,1,0,62.26,voucher,2,South,825,0,True,1414,0
ORD-100648,2025-09-24,10823,web,apparel,23.25,1,20,18.6,bnpl,2,South,1200,1,True,1134,0
ORD-100649,2025-01-15,10256,web,apparel,50.81,1,10,45.73,bnpl,2,South,1816,0,True,579,1
ORD-100650,2025-03-15,10834,web,sports,40.69,2,25,61.04,card,4,London,256,0,False,786,0
ORD-100651,2025-10-11,10596,web,apparel,34.38,2,0,68.76,voucher,9,Midlands,266,1,False,1169,0
ORD-100652,2025-03-16,10945,web,apparel,24.98,1,0,24.98,paypal,2,Wales,108,0,False,1072,0
ORD-100653,2025-12-07,10964,web,apparel,66.6,1,0,66.6,paypal,3,Midlands,2121,4,True,1664,0
ORD-100654,2025-06-15,10956,web,electronics,191.3,2,0,382.6,card,2,South,520,0,True,333,1
ORD-100655,2025-05-29,10375,web,electronics,345.29,1,10,310.76,card,3,Midlands,868,2,True,1377,0
ORD-100656,2025-10-28,10114,web,apparel,38.55,1,15,32.77,card,3,South,169,1,False,1694,0
ORD-100657,2025-12-06,10680,web,home,100.34,2,0,200.68,paypal,4,Wales,1595,1,True,1320,0
ORD-100658,2025-04-28,10177,web,electronics,402.74,1,0,402.74,bnpl,3,North,422,1,True,1715,0
ORD-100659,2025-10-09,10549,web,footwear,47.71,1,0,47.71,card,7,London,2364,2,True,147,1
ORD-100660,2025-10-09,10766,web,apparel,51.32,1,0,51.32,paypal,2,South,1397,3,False,142,1
ORD-100661,2025-01-31,10069,web,home,121.76,1,10,109.58,card,2,Midlands,1547,0,True,631,0
ORD-100662,2025-12-16,10129,web,apparel,67.26,2,5,127.79,card,4,Scotland,1438,0,False,47,1
ORD-100662,2025-12-16,10129,web,apparel,67.26,2,5,127.79,card,4,North,1467,0,False,45,1
ORD-100663,2025-01-20,10982,web,beauty,30.69,2,5,58.31,card,9,North,1556,0,False,1300,0
ORD-100664,2025-04-13,10761,web,sports,130.74,1,0,130.74,paypal,2,London,2022,0,True,1620,0
ORD-100665,2025-09-11,10655,web,home,90.0,2,0,180.0,card,4,NI,2081,1,False,1913,0
ORD-100666,2025-03-29,10927,web,electronics,336.43,2,0,672.86,card,1,London,736,0,False,1076,0
ORD-100667,2025-11-03,10020,web,footwear,66.65,1,10,59.99,paypal,3,South,320,4,False,1701,0
ORD-100668,2025-01-31,10859,phone,sports,59.77,1,0,59.77,card,4,North,1075,0,True,1862,0
ORD-100669,2025-06-14,10959,web,beauty,23.66,2,0,47.32,card,5,Midlands,1362,3,True,1470,0
ORD-100670,2025-12-25,10288,web,apparel,27.83,3,0,83.49,paypal,4,South,384,0,True,1228,0
ORD-100671,2025-03-28,10337,web,sports,36.65,2,0,73.3,card,2,Wales,2093,0,True,1348,0
ORD-100672,2025-08-03,10468,web,footwear,75.01,1,0,75.01,card,4,South,1585,0,True,248,0
ORD-100673,2025-12-08,10283,web,sports,69.44,1,0,69.44,card,1,South,769,0,True,1144,0
ORD-100674,2025-08-17,10486,web,apparel,44.75,1,0,44.75,bnpl,2,North,558,2,True,1234,0
ORD-100675,2025-03-21,10673,web,apparel,55.61,1,0,55.61,card,5,London,2193,0,False,1455,0
ORD-100676,2025-05-31,10794,web,beauty,32.19,1,0,32.19,card,4,London,978,2,False,1544,0
ORD-100677,2025-05-18,10497,web,electronics,244.97,3,5,698.16,card,5,Scotland,2294,1,True,989,0
ORD-100678,2025-07-10,10534,web,footwear,68.19,1,20,54.55,paypal,2,Midlands,1370,0,False,292,1
ORD-100679,2025-11-10,10058,web,apparel,26.57,1,0,26.57,card,3,London,1043,1,True,1257,0
ORD-100680,2025-01-07,10855,web,home,56.0,1,0,56.0,card,3,London,992,0,False,2021,0
ORD-100681,2025-01-25,10456,web,home,87.93,2,0,175.86,card,2,South,1240,0,True,1352,0
ORD-100682,2025-01-11,10028,web,electronics,269.09,2,0,538.18,card,4,London,185,0,False,595,1
ORD-100683,2025-05-30,10502,web,home,47.55,2,0,95.1,card,2,Scotland,1340,0,True,623,0
ORD-100684,2025-10-02,10509,web,apparel,36.96,1,0,36.96,paypal,2,South,327,2,False,170,0
ORD-100685,2025-12-10,11032,web,apparel,31.74,1,0,31.74,card,1,Midlands,2007,3,True,1572,0
ORD-100686,2025-12-28,10813,web,footwear,109.28,2,0,218.56,card,3,London,965,1,True,1373,0
ORD-100687,2025-01-16,10230,web,footwear,38.36,3,0,115.08,card,5,North,404,0,True,1174,0
ORD-100688,2025-05-08,10792,web,apparel,36.84,4,10,132.62,card,4,London,180,0,True,395,0
ORD-100689,2025-06-18,10887,phone,sports,53.1,1,30,37.17,card,6,London,1464,0,True,357,0
ORD-100690,2025-08-19,10299,web,footwear,38.49,2,5,73.13,card,5,Midlands,562,0,True,1748,0
ORD-100691,2025-08-16,10998,web,home,123.29,1,25,92.47,paypal,4,London,1736,0,True,1598,0
ORD-100692,2025-01-28,10238,web,electronics,150.75,1,5,143.21,bnpl,1,NI,184,0,False,546,0
ORD-100693,2025-10-06,10513,web,apparel,71.58,1,10,64.42,bnpl,3,South,233,6,False,1819,0
ORD-100694,2025-11-11,10522,web,electronics,186.89,1,15,158.86,card,3,North,548,2,True,101,0
ORD-100695,2025-02-17,10439,web,home,58.31,2,20,93.3,bnpl,1,South,814,0,True,500,0
ORD-100696,2025-11-11,10628,web,footwear,111.39,1,10,100.25,card,2,North,1123,0,False,1762,0
ORD-100697,2025-02-19,10079,web,electronics,129.92,1,10,116.93,card,2,South,385,0,True,536,1
ORD-100698,2025-06-10,10084,web,beauty,40.25,1,25,30.19,card,3,South,2024,1,False,349,1
ORD-100699,2025-09-27,10319,web,home,59.11,1,0,59.11,voucher,4,Midlands,1278,1,True,1447,0
ORD-100700,2025-02-03,10499,web,electronics,122.83,1,0,122.83,card,2,Midlands,1468,0,False,1733,0
ORD-100701,2025-08-13,10368,phone,apparel,37.04,1,0,37.04,card,3,London,1259,2,False,950,0
ORD-100702,2025-03-02,10791,web,home,52.33,1,25,39.25,card,2,NI,549,3,True,1830,0
ORD-100703,2025-05-30,10841,web,electronics,337.88,1,5,320.99,card,3,London,1699,0,False,818,0
ORD-100704,2025-08-01,10793,web,home,35.46,2,10,63.83,card,4,London,694,3,True,680,0
ORD-100705,2025-01-10,10247,web,apparel,65.35,1,0,65.35,card,2,South,61,0,True,1774,0
ORD-100706,2025-04-10,10955,web,footwear,55.95,1,0,55.95,paypal,1,North,1954,1,False,1291,0
ORD-100707,2025-06-16,10330,web,home,51.85,1,0,51.85,paypal,1,Midlands,523,0,False,968,0
ORD-100708,2025-04-28,10008,web,apparel,79.39,2,15,134.96,paypal,3,Midlands,2346,0,True,1116,0
ORD-100709,2025-11-15,10107,web,apparel,48.92,1,0,48.92,bnpl,3,Midlands,2333,3,False,107,1
ORD-100710,2025-08-07,10210,web,apparel,73.08,1,0,73.08,card,3,Scotland,1170,0,True,603,0
ORD-100711,2025-05-06,10795,web,beauty,23.98,1,10,21.58,card,7,NI,222,0,True,777,0
ORD-100712,2025-03-23,10146,phone,electronics,238.51,1,0,238.51,card,4,South,563,0,True,480,1
ORD-100713,2025-10-04,10531,web,electronics,168.52,1,0,168.52,card,5,NI,299,0,False,146,0
ORD-100714,2025-10-10,10578,web,apparel,40.19,1,15,34.16,voucher,5,London,2220,2,True,952,0
ORD-100715,2025-05-11,10308,web,footwear,104.94,1,0,104.94,card,5,London,1130,0,True,941,0
ORD-100716,2025-06-24,10224,web,electronics,203.54,1,0,203.54,card,3,Scotland,2354,1,True,1188,0
ORD-100717,2025-09-26,10281,web,electronics,341.88,1,0,341.88,card,4,London,469,2,False,1628,0
ORD-100718,2025-05-24,10846,web,beauty,12.59,2,0,25.18,card,3,Scotland,2212,1,False,1849,0
ORD-100719,2025-11-30,10995,web,apparel,35.87,2,0,71.74,voucher,3,South,2345,3,True,1288,0
ORD-100720,2025-06-20,10266,web,electronics,86.38,1,0,86.38,card,3,Midlands,688,0,True,946,0
ORD-100721,2025-02-03,10035,web,home,105.02,2,0,210.04,paypal,6,London,2104,0,False,993,0
ORD-100722,2025-06-12,10146,web,home,74.14,1,5,70.43,paypal,2,South,563,1,True,944,0
ORD-100723,2025-12-26,10751,web,beauty,20.94,1,0,20.94,card,3,Midlands,2250,2,False,1223,0
ORD-100724,2025-01-27,10764,web,sports,122.51,2,0,245.02,paypal,3,London,1623,0,True,1055,0
ORD-100725,2025-07-16,10226,web,beauty,14.97,2,0,29.94,card,4,North,1052,0,True,751,0
ORD-100726,2025-03-12,10183,web,home,47.92,1,0,47.92,card,4,London,2078,0,True,883,0
ORD-100727,2025-07-27,10689,web,electronics,181.76,1,0,181.76,card,8,South,1194,1,True,1845,0
ORD-100728,2025-01-11,10277,web,home,77.53,1,0,77.53,card,3,London,609,0,True,598,1
ORD-100729,2025-11-15,10423,web,apparel,56.62,1,10,50.96,card,-999,London,364,0,True,705,0
ORD-100730,2025-09-27,10215,web,beauty,36.28,1,10,32.65,card,3,Wales,1317,3,True,1827,0
ORD-100731,2025-03-16,10806,web,footwear,68.9,1,0,68.9,card,1,Scotland,1194,1,True,456,0
ORD-100732,2025-06-28,10064,web,footwear,66.15,1,0,66.15,card,3,London,2144,1,True,1467,0
ORD-100733,2025-12-07,10502,web,apparel,35.35,2,15,60.1,card,5,Scotland,1340,3,True,1096,0
ORD-100734,2025-02-10,10727,web,home,40.29,2,10,72.52,card,3,South,1929,1,True,1951,0
ORD-100735,2025-03-08,10476,web,home,17.59,1,0,17.59,card,2,Midlands,584,0,True,752,0
ORD-100736,2025-01-02,10966,web,apparel,61.09,3,0,183.27,card,4,Midlands,1666,0,True,1790,0
ORD-100737,2025-03-15,10634,web,apparel,53.68,2,25,80.52,card,2,North,380,0,True,1859,0
ORD-100738,2025-04-11,10884,web,electronics,317.23,1,5,301.37,card,1,Midlands,314,2,True,459,1
ORD-100739,2025-01-15,10176,web,footwear,65.81,1,0,65.81,voucher,2,Midlands,1702,0,False,1478,0
ORD-100739,2025-01-15,10176,web,footwear,65.81,1,0,65.81,voucher,2,Midlands,1773,0,False,1953,0
ORD-100740,2025-03-04,10769,web,apparel,55.64,1,0,55.64,card,3,Wales,154,0,True,817,0
ORD-100741,2025-04-21,10421,web,beauty,22.97,1,5,21.82,card,4,Scotland,2364,1,True,1770,0
ORD-100742,2025-09-10,11003,web,electronics,271.6,1,0,271.6,voucher,1,London,563,0,False,1367,0
ORD-100743,2025-04-19,10091,web,beauty,27.9,1,0,27.9,card,4,London,1136,1,True,1502,0
ORD-100744,2025-11-06,10424,web,home,64.04,2,25,96.06,card,4,South,2378,0,True,1908,0
ORD-100745,2025-08-21,10809,web,footwear,42.76,2,0,85.52,voucher,2,Midlands,375,3,False,915,0
ORD-100746,2025-12-02,10577,web,footwear,67.72,2,10,121.9,card,4,Scotland,1379,3,False,1825,0
ORD-100747,2025-01-30,10619,web,apparel,54.81,1,15,46.59,card,10,Scotland,946,0,True,932,0
ORD-100748,2025-01-31,10451,web,apparel,75.8,1,5,72.01,card,4,London,731,0,False,1592,0
ORD-100749,2025-04-03,10817,web,apparel,67.85,2,20,108.56,card,3,South,474,0,False,1260,0
ORD-100750,2025-01-17,10371,web,apparel,65.94,1,15,56.05,card,5,London,449,0,False,1663,0
ORD-100751,2025-12-06,10895,web,apparel,22.65,1,5,21.52,bnpl,2,Midlands,749,2,False,36,1
ORD-100752,2025-11-01,10579,web,sports,75.29,1,0,75.29,card,2,North,1627,2,False,1553,0
ORD-100753,2025-12-23,11026,web,electronics,146.71,2,15,249.41,voucher,4,South,1180,1,True,1911,0
ORD-100754,2025-12-03,10877,web,apparel,39.85,1,0,39.85,card,4,Wales,1337,0,False,1533,0
ORD-100755,2025-11-13,10248,web,footwear,46.48,1,0,46.48,paypal,6,Midlands,1802,0,True,81,0
ORD-100756,2025-04-01,10833,web,apparel,62.33,1,0,62.33,card,6,Midlands,254,0,True,416,0
ORD-100757,2025-08-12,10489,phone,electronics,199.55,1,0,199.55,card,2,London,2174,1,True,1570,0
ORD-100758,2025-08-24,10705,web,footwear,83.31,2,0,166.62,card,3,South,1902,1,True,1558,0
ORD-100759,2025-12-09,10590,web,sports,61.59,1,10,55.43,card,3,South,1561,0,True,1132,0
ORD-100760,2025-01-07,10968,web,footwear,60.63,1,0,60.63,paypal,8,NI,1977,0,True,1804,0
ORD-100761,2025-11-29,10306,phone,apparel,42.21,2,0,84.42,card,5,North,2268,4,False,1971,0
ORD-100762,2025-07-19,11030,web,apparel,41.72,1,0,41.72,card,3,Midlands,1700,0,True,298,1
ORD-100763,2025-07-23,10023,web,apparel,64.97,2,0,129.94,card,4,North,1103,0,False,1761,0
ORD-100764,2025-10-18,10754,web,home,40.52,3,10,109.4,paypal,2,South,383,0,True,1462,0
ORD-100765,2025-11-15,10021,web,electronics,223.99,2,10,403.18,bnpl,2,London,193,0,False,859,0
ORD-100766,2025-05-02,10477,web,apparel,55.17,1,0,55.17,bnpl,6,Wales,1249,2,False,1962,0
ORD-100767,2025-09-29,10829,web,sports,151.9,1,0,151.9,paypal,1,South,2219,0,False,160,1
ORD-100768,2025-07-25,10965,web,footwear,44.49,2,30,62.29,bnpl,2,North,366,3,True,1889,0
ORD-100769,2025-11-03,10316,web,electronics,313.27,3,0,939.81,card,13,London,545,0,False,85,1
ORD-100770,2025-08-06,10182,web,footwear,125.41,2,30,175.57,card,6,Midlands,774,0,True,671,0
ORD-100770,2025-08-06,10182,web,footwear,125.41,2,30,175.57,card,6,North,752,0,True,1439,0
ORD-100771,2025-08-26,10984,web,beauty,35.64,1,0,35.64,paypal,3,Wales,798,0,True,1707,0
ORD-100772,2025-10-18,10991,web,apparel,53.31,2,0,106.62,card,5,North,439,2,True,928,0
ORD-100773,2025-05-14,10187,web,home,45.12,1,0,45.12,card,2,North,281,0,False,1196,0
ORD-100774,2025-04-15,10784,web,home,28.29,2,15,48.09,card,4,South,1430,0,False,437,0
ORD-100775,2025-12-04,10414,web,apparel,47.55,1,0,47.55,card,2,London,1467,1,True,1805,0
ORD-100776,2025-03-18,10995,web,apparel,52.46,4,0,209.84,card,1,South,2345,0,True,492,1
ORD-100777,2025-12-11,10536,web,beauty,44.85,2,20,71.76,card,3,South,579,2,True,812,0
ORD-100778,2025-10-06,10313,web,apparel,35.57,1,20,28.46,card,2,North,2009,2,True,1912,0
ORD-100779,2025-09-30,10449,web,apparel,25.27,1,0,25.27,card,2,North,935,0,True,161,0
ORD-100780,2025-06-17,10698,web,electronics,87.36,1,40,52.42,card,4,North,152,0,True,1164,0
ORD-100781,2025-10-31,10750,web,beauty,20.08,1,0,20.08,paypal,4,North,786,2,False,137,0
ORD-100782,2025-06-09,10486,web,home,84.75,1,0,84.75,bnpl,6,North,558,1,True,905,0
ORD-100783,2025-09-10,10160,web,electronics,381.21,1,10,343.09,paypal,4,London,2396,1,False,1422,0
ORD-100784,2025-08-13,10724,web,footwear,74.14,1,25,55.6,card,4,South,1076,2,True,1117,0
ORD-100785,2025-01-28,10150,web,apparel,67.92,1,0,67.92,card,8,Midlands,1555,0,True,1075,0
ORD-100785,2025-01-28,10150,web,apparel,67.92,1,0,67.92,card,8,North,1586,0,True,1011,0
ORD-100786,2025-10-30,10495,web,footwear,95.06,1,0,95.06,card,1,London,2103,1,True,858,0
ORD-100787,2025-07-17,10056,web,beauty,32.34,1,0,32.34,bnpl,3,South,1717,2,True,1798,0
ORD-100788,2025-01-13,10513,web,sports,116.84,1,0,116.84,paypal,1,South,233,0,False,647,0
ORD-100789,2025-04-11,10901,web,home,13.03,1,0,13.03,card,4,South,1685,0,True,2025,0
ORD-100790,2025-04-05,11053,web,apparel,49.62,2,0,99.24,paypal,3,Midlands,902,0,True,1483,0
ORD-100791,2025-12-25,10963,web,footwear,86.29,1,0,86.29,bnpl,7,South,1147,2,True,25,1
ORD-100792,2025-10-05,11007,web,beauty,34.0,3,5,96.9,card,2,South,1453,2,True,1917,0
ORD-100793,2025-10-12,10690,web,sports,120.37,2,0,240.74,card,7,London,320,1,False,795,0
ORD-100794,2025-09-22,10070,web,beauty,12.36,2,0,24.72,paypal,4,Midlands,481,0,False,1035,0
ORD-100795,2025-10-04,10340,web,apparel,23.31,1,20,18.65,paypal,1,North,1359,1,True,1484,0
ORD-100796,2025-07-17,10238,web,electronics,139.98,1,0,139.98,card,4,NI,184,3,False,278,0
ORD-100797,2025-03-22,10153,web,sports,81.98,2,20,131.17,bnpl,2,Midlands,885,0,False,1238,0
ORD-100798,2025-02-03,10583,web,apparel,65.34,1,0,65.34,card,1,London,1999,0,True,554,1
ORD-100799,2025-12-04,10042,web,electronics,212.72,1,20,170.18,card,2,London,2308,2,True,637,0
ORD-100800,2025-07-10,10896,web,footwear,42.26,2,0,84.52,card,4,London,1626,0,False,810,0
ORD-100801,2025-12-21,10720,web,footwear,87.14,2,5,165.57,card,5,London,293,3,True,29,1
ORD-100802,2025-12-05,11044,web,electronics,256.06,1,0,256.06,card,1,Midlands,1419,3,True,1605,0
ORD-100803,2025-05-22,10664,web,apparel,56.58,3,25,127.3,card,1,South,2134,0,True,1343,0
ORD-100804,2025-01-03,10177,web,apparel,76.77,1,0,76.77,card,3,North,422,0,True,1177,0
ORD-100805,2025-05-25,10717,web,apparel,54.32,1,20,43.46,bnpl,4,Scotland,1778,1,False,343,0
ORD-100806,2025-04-19,10746,web,footwear,97.2,1,0,97.2,paypal,4,North,1274,0,False,439,1
ORD-100807,2025-01-05,10200,web,apparel,55.7,2,0,111.4,paypal,1,North,784,0,False,1976,0
ORD-100808,2025-07-23,10321,web,apparel,55.09,1,15,46.83,card,3,South,811,0,False,687,0
ORD-100809,2025-12-02,10495,web,beauty,32.52,3,0,97.56,card,1,London,2103,2,True,1064,0
ORD-100810,2025-04-23,10773,web,apparel,69.76,1,0,69.76,bnpl,9,Midlands,1715,0,False,1629,0
ORD-100811,2025-06-24,10522,phone,beauty,33.28,2,10,59.9,card,7,North,548,0,True,917,0
ORD-100812,2025-11-17,10832,web,electronics,262.74,1,0,262.74,card,3,Midlands,1040,0,True,927,0
ORD-100813,2025-04-03,10477,web,home,134.47,1,10,121.02,card,3,Wales,1249,0,False,1784,0
ORD-100814,2025-08-10,10168,phone,beauty,32.25,1,0,32.25,card,4,South,458,1,True,1766,0
ORD-100815,2025-09-11,10012,web,footwear,56.73,1,0,56.73,paypal,5,London,1134,0,True,211,0
ORD-100816,2025-08-12,10480,phone,footwear,66.04,2,20,105.66,card,3,London,1074,1,True,252,1
ORD-100817,2025-10-31,10863,web,apparel,49.51,1,0,49.51,paypal,3,South,658,1,True,1371,0
ORD-100818,2025-08-02,10257,web,footwear,48.1,1,0,48.1,card,5,South,2337,1,False,1929,0
ORD-100819,2025-07-01,10343,web,electronics,90.26,1,0,90.26,card,5,London,203,1,True,1820,0
ORD-100820,2025-08-04,11055,web,sports,39.69,1,0,39.69,card,1,South,2154,4,False,695,0
ORD-100821,2025-11-04,10938,web,apparel,27.04,2,15,45.97,bnpl,4,Wales,766,2,False,122,1
ORD-100822,2025-12-15,10393,web,apparel,22.96,2,5,43.62,card,6,London,2275,0,False,1519,0
ORD-100823,2025-04-18,10735,web,electronics,200.22,1,0,200.22,bnpl,7,Midlands,1973,3,False,1936,0
ORD-100824,2025-05-20,10377,web,sports,64.96,1,0,64.96,card,6,North,1711,2,True,1518,0
ORD-100825,2025-02-21,10380,web,apparel,54.66,1,0,54.66,voucher,3,London,1848,0,True,1312,0
ORD-100826,2025-02-14,10924,web,sports,128.14,1,0,128.14,card,3,Midlands,252,0,False,502,0
ORD-100827,2025-08-22,10209,web,electronics,144.35,2,5,274.26,card,4,Wales,949,1,False,1384,0
ORD-100828,2025-09-27,10743,web,electronics,184.67,3,20,443.21,card,3,Scotland,1531,1,True,166,1
ORD-100829,2025-09-16,10869,phone,apparel,23.61,1,0,23.61,bnpl,7,Scotland,2335,1,False,1046,0
ORD-100830,2025-11-19,10365,web,electronics,301.52,1,10,271.37,card,5,South,1269,2,False,86,1
ORD-100831,2025-11-03,10025,web,electronics,342.91,1,0,342.91,paypal,3,South,815,3,True,1190,0
ORD-100832,2025-09-19,10111,web,sports,98.84,1,20,79.07,paypal,14,London,1449,4,False,1047,0
ORD-100833,2025-11-23,10885,web,apparel,56.76,2,0,113.52,paypal,5,North,1705,2,True,1741,0
ORD-100834,2025-12-10,10791,web,home,95.0,2,5,180.5,bnpl,5,NI,549,7,True,1734,0
ORD-100835,2025-10-22,10294,web,apparel,50.39,1,0,50.39,card,4,Scotland,1672,0,True,1746,0
ORD-100836,2025-12-20,10988,phone,footwear,63.08,1,30,44.16,card,4,South,2094,3,False,31,1
ORD-100837,2025-04-09,10043,web,footwear,82.66,2,0,165.32,voucher,4,South,303,0,False,1282,0
ORD-100838,2025-07-12,10781,web,apparel,73.01,1,0,73.01,card,3,North,2254,0,False,1110,0
ORD-100839,2025-01-03,10481,web,electronics,323.11,2,0,646.22,paypal,1,Midlands,2170,0,False,1433,0
ORD-100840,2025-04-21,10388,phone,sports,81.61,1,0,81.61,card,2,South,1479,0,False,1603,0
ORD-100841,2025-07-01,10836,web,beauty,24.59,2,25,36.88,card,4,Scotland,1882,2,False,285,0
ORD-100842,2025-08-16,10220,web,home,73.15,3,0,219.45,paypal,3,London,1478,0,True,233,1
ORD-100843,2025-11-18,10901,web,electronics,96.27,1,20,77.02,card,4,South,1685,1,True,1338,0
ORD-100844,2025-10-23,10451,web,electronics,113.02,2,0,226.04,paypal,1,London,731,2,False,1521,0
ORD-100845,2025-10-23,10550,phone,electronics,119.07,1,0,119.07,card,3,London,1558,0,False,148,0
ORD-100846,2025-12-07,10832,web,home,94.49,2,0,188.98,card,4,Midlands,1040,1,True,1103,0
ORD-100847,2025-07-28,10107,web,apparel,24.97,1,0,24.97,card,5,Midlands,2333,1,False,244,1
ORD-100848,2025-03-06,10189,web,apparel,50.62,1,0,50.62,voucher,1,London,148,0,True,1284,0
ORD-100849,2025-11-01,10238,web,footwear,70.19,2,15,119.32,voucher,7,NI,184,5,False,1781,0
ORD-100850,2025-09-06,10214,web,sports,138.6,1,20,110.88,card,3,North,673,0,True,174,0
ORD-100851,2025-11-08,10967,phone,apparel,40.61,1,0,40.61,card,3,South,1303,1,False,91,1
ORD-100852,2025-05-24,10826,web,apparel,60.1,2,0,120.2,bnpl,3,NI,1010,0,True,1740,0
ORD-100853,2025-12-29,10642,web,apparel,56.01,2,5,106.42,card,7,Wales,149,3,False,22,1
ORD-100854,2025-09-19,10041,web,footwear,76.83,2,0,153.66,paypal,3,North,2156,1,False,205,0
ORD-100855,2025-11-07,10646,web,electronics,307.37,2,0,614.74,card,3,Scotland,1922,0,True,1808,0
ORD-100856,2025-01-28,10348,web,electronics,263.22,1,25,197.42,card,3,North,708,1,False,1813,0
ORD-100857,2025-02-21,10353,web,apparel,52.39,1,15,44.53,voucher,3,South,519,0,True,1990,0
ORD-100858,2025-10-06,10184,web,apparel,53.66,1,0,53.66,card,3,South,323,1,False,169,0
ORD-100859,2025-11-04,10765,web,apparel,29.45,2,0,58.9,bnpl,5,London,288,0,False,894,0
ORD-100860,2025-03-29,10905,web,electronics,177.41,1,10,159.67,bnpl,2,Scotland,1055,0,True,1754,0
ORD-100861,2025-11-28,10926,web,footwear,74.5,1,0,74.5,card,4,North,1458,0,False,771,0
ORD-100862,2025-12-22,10895,web,beauty,26.63,1,0,26.63,card,2,Midlands,749,3,False,1259,0
ORD-100863,2025-12-03,10264,web,home,90.16,1,25,67.62,card,3,Scotland,1637,1,False,1305,0
ORD-100864,2025-05-25,10444,web,sports,144.26,1,5,137.05,bnpl,4,Midlands,249,1,False,346,0
ORD-100865,2025-03-01,10889,web,electronics,186.75,1,0,186.75,card,3,London,2300,0,True,643,0
ORD-100866,2025-03-23,10674,web,sports,52.0,1,30,36.4,card,3,South,1420,0,True,472,1
ORD-100867,2025-01-14,11010,web,home,128.67,1,5,122.24,bnpl,3,North,999,0,False,1986,0
ORD-100868,2025-05-13,11020,phone,apparel,58.45,1,0,58.45,card,11,North,1160,0,False,1998,0
ORD-100869,2025-10-27,10784,web,footwear,98.59,2,20,157.74,card,4,South,1430,1,False,134,1
ORD-100870,2025-04-18,10306,web,footwear,31.96,1,0,31.96,card,4,North,2268,1,False,436,1
ORD-100871,2025-05-28,10092,web,sports,164.85,3,15,420.37,bnpl,5,South,996,1,True,863,0
ORD-100872,2025-10-23,10865,web,footwear,50.47,1,0,50.47,paypal,1,Midlands,1814,2,True,1510,0
ORD-100873,2025-09-27,10137,web,apparel,33.27,2,15,56.56,card,5,North,1672,2,True,839,0
ORD-100874,2025-11-20,10197,web,footwear,80.18,1,0,80.18,voucher,1,London,1289,0,False,963,0
ORD-100875,2025-12-18,10042,web,home,54.04,3,0,162.12,card,4,London,2308,3,True,1274,0
ORD-100876,2025-02-16,11026,web,footwear,62.24,1,0,62.24,card,2,South,1180,0,True,998,0
ORD-100877,2025-08-12,10326,web,apparel,69.0,2,0,138.0,card,4,Scotland,1721,0,False,686,0
ORD-100878,2025-07-27,10032,web,apparel,31.89,1,10,28.7,voucher,1,London,1198,1,True,1587,0
ORD-100879,2025-10-22,11052,web,home,104.26,1,25,78.2,card,3,Midlands,1196,1,True,1189,0
ORD-100880,2025-04-08,10020,web,apparel,44.8,1,0,44.8,card,6,South,320,1,False,1269,0
ORD-100881,2025-06-18,10027,web,footwear,87.41,3,40,157.34,paypal,1,Midlands,2310,1,False,336,1
ORD-100882,2025-07-07,10166,web,sports,41.54,1,20,33.23,card,2,Midlands,1376,1,True,702,0
ORD-100883,2025-09-08,10579,web,footwear,124.82,1,0,124.82,card,4,North,1627,0,False,2030,0
ORD-100884,2025-05-14,10483,web,electronics,190.76,1,30,133.53,paypal,3,South,232,0,False,1530,0
ORD-100885,2025-07-14,10013,web,electronics,190.96,1,10,171.86,card,1,South,1894,0,True,280,0
ORD-100886,2025-08-31,10459,web,home,103.01,2,0,206.02,card,3,London,435,1,True,1640,0
ORD-100887,2025-03-10,10929,web,home,89.81,2,15,152.68,card,6,Midlands,1616,2,False,768,0
ORD-100888,2025-09-08,10266,web,apparel,78.56,1,0,78.56,paypal,5,Midlands,688,1,True,1501,0
ORD-100889,2025-03-20,10509,web,apparel,22.45,1,5,21.33,paypal,5,South,327,0,False,611,0
ORD-100890,2025-06-19,10277,web,home,21.32,2,20,34.11,card,4,London,609,2,True,1596,0
ORD-100891,2025-01-22,10592,web,electronics,202.41,2,0,404.82,card,1,Midlands,72,0,True,887,0
ORD-100892,2025-10-05,10040,web,apparel,72.13,1,15,61.31,card,1,Wales,852,0,True,1920,0
ORD-100893,2025-12-19,10250,web,home,49.05,1,0,49.05,paypal,2,South,1769,1,False,1004,0
ORD-100894,2025-09-30,10270,web,apparel,33.93,1,20,27.14,paypal,6,North,1841,1,False,175,1
ORD-100895,2025-04-05,10640,web,home,47.17,1,20,37.74,voucher,5,Midlands,632,0,True,886,0
ORD-100896,2025-09-12,10526,web,footwear,43.81,1,0,43.81,bnpl,4,Midlands,810,0,False,1222,0
ORD-100897,2025-04-19,10244,web,footwear,92.71,2,0,185.42,card,1,North,1372,0,False,445,1
ORD-100898,2025-03-30,10493,web,electronics,306.63,1,0,306.63,card,3,London,220,0,False,983,0
ORD-100899,2025-09-05,10163,web,apparel,26.12,2,10,47.02,voucher,5,North,1355,0,False,219,1
ORD-100900,2025-10-28,10120,web,apparel,33.53,2,20,53.65,card,5,Wales,1122,2,False,1516,0
ORD-100901,2025-06-28,10621,web,apparel,19.17,1,0,19.17,card,4,London,546,0,True,1768,0
ORD-100901,2025-06-28,10621,web,apparel,19.17,1,0,19.17,card,4,London,506,0,True,308,0
ORD-100902,2025-05-18,10389,web,electronics,168.14,1,5,159.73,voucher,8,Wales,1603,2,True,345,0
ORD-100903,2025-04-15,10313,web,sports,65.79,1,0,65.79,card,1,North,2009,0,True,1802,0
ORD-100904,2025-02-16,10959,web,home,17.46,1,0,17.46,bnpl,2,Midlands,1362,0,True,527,1
ORD-100905,2025-08-23,10433,web,electronics,270.05,1,0,270.05,card,6,South,383,1,True,1050,0
ORD-100906,2025-06-18,10932,web,apparel,51.55,1,15,43.82,card,6,Scotland,153,3,True,1719,0
ORD-100907,2025-11-13,10599,web,footwear,57.64,2,0,115.28,card,3,London,558,1,True,708,0
ORD-100908,2025-06-18,10006,web,apparel,39.1,2,15,66.47,card,5,North,1687,2,False,1747,0
ORD-100909,2025-09-10,10778,web,electronics,112.96,1,30,79.07,card,5,Scotland,1684,0,False,1742,0
ORD-100910,2025-08-21,10725,web,apparel,61.49,3,0,184.47,card,5,Midlands,297,0,True,1176,0
ORD-100911,2025-12-26,10792,web,beauty,35.9,1,0,35.9,paypal,1,London,180,3,True,789,0
ORD-100912,2025-03-24,10465,web,sports,55.17,2,0,110.34,card,1,South,2293,0,True,498,0
ORD-100913,2025-12-23,10836,web,apparel,49.91,1,0,49.91,card,2,Scotland,1882,3,False,1704,0
ORD-100914,2025-03-24,10044,web,footwear,33.16,2,25,49.74,card,6,South,170,0,True,1896,0
ORD-100915,2025-08-31,10955,web,apparel,69.96,1,10,62.96,voucher,2,North,1954,2,False,220,1
ORD-100916,2025-04-18,10015,web,electronics,246.4,2,30,344.96,card,5,London,1854,0,True,423,1
ORD-100917,2025-07-08,10110,web,home,53.88,1,10,48.49,card,3,Scotland,308,0,False,1184,0
ORD-100918,2025-06-29,10006,web,footwear,75.62,1,0,75.62,card,4,North,1687,3,False,938,0
ORD-100919,2025-02-11,10623,web,sports,20.84,1,0,20.84,voucher,10,North,2122,0,False,504,0
ORD-100920,2025-02-15,10513,web,home,84.95,2,0,169.9,card,3,South,233,1,False,518,1
ORD-100921,2025-02-05,10593,web,home,43.59,1,0,43.59,paypal,3,South,807,0,True,1506,0
ORD-100922,2025-12-17,10435,web,footwear,90.97,2,5,172.84,card,6,London,1135,0,False,5,0
ORD-100923,2025-02-15,10626,web,apparel,47.31,1,0,47.31,bnpl,7,North,666,0,False,930,0
ORD-100924,2025-12-22,10158,web,electronics,275.87,1,0,275.87,card,5,North,329,0,True,13,0
ORD-100925,2025-02-13,10025,web,apparel,69.03,1,0,69.03,paypal,5,South,815,0,True,1492,0
ORD-100926,2025-09-21,10365,web,footwear,53.93,1,15,45.84,card,3,South,1269,1,False,200,0
ORD-100927,2025-04-13,10511,web,apparel,43.04,1,0,43.04,card,3,North,1461,0,False,1942,0
ORD-100928,2025-09-13,10834,web,electronics,328.21,2,10,590.78,bnpl,1,London,256,2,False,192,0
ORD-100929,2025-06-14,10529,web,home,48.17,3,0,144.51,bnpl,2,South,2306,0,False,1891,0
ORD-100930,2025-11-01,11002,web,apparel,39.45,2,20,63.12,card,3,London,2241,1,True,95,1
ORD-100931,2025-07-16,11051,web,apparel,35.75,2,0,71.5,card,3,London,358,1,True,288,1
ORD-100932,2025-02-26,10844,web,electronics,129.71,1,0,129.71,card,1,South,1156,0,True,831,0
ORD-100933,2025-06-05,10789,web,apparel,34.41,1,0,34.41,card,8,North,230,0,True,368,1
ORD-100934,2025-04-14,10799,web,beauty,32.59,2,0,65.18,card,8,Wales,975,0,True,1606,0
ORD-100935,2025-06-28,10594,web,electronics,142.08,1,5,134.98,paypal,3,London,1816,1,True,1037,0
ORD-100936,2025-06-20,10338,web,home,89.3,1,0,89.3,card,7,North,487,0,True,1395,0
ORD-100937,2025-10-14,10148,web,apparel,48.19,1,10,43.37,card,1,South,633,1,True,1246,0
ORD-100938,2025-01-27,10594,web,footwear,72.5,1,20,58.0,card,4,London,1816,0,True,1379,0
ORD-100939,2025-04-15,10703,web,beauty,26.12,2,0,52.24,card,3,Midlands,79,0,True,1616,0
ORD-100940,2025-01-27,10775,web,apparel,46.07,2,0,92.14,card,6,Midlands,1947,0,True,567,1
ORD-100941,2025-09-17,10643,web,electronics,289.43,2,20,463.09,bnpl,1,South,2145,1,False,178,0
ORD-100941,2025-09-17,10643,web,electronics,289.43,2,20,463.09,bnpl,1,Wales,2151,1,False,1403,0
ORD-100942,2025-11-22,10144,web,apparel,40.15,1,0,40.15,paypal,3,Midlands,1114,3,True,1557,0
ORD-100943,2025-01-05,10941,web,home,37.88,1,0,37.88,card,2,London,1722,0,False,1236,0
ORD-100944,2025-08-18,10712,web,apparel,52.3,1,0,52.3,paypal,3,London,1160,2,True,1460,0
ORD-100945,2025-01-19,10644,phone,electronics,270.33,2,0,540.66,paypal,9,Midlands,1656,0,True,533,0
ORD-100946,2025-07-23,10664,web,apparel,43.5,1,0,43.5,voucher,3,South,2134,1,True,290,1
ORD-100947,2025-09-17,10313,web,apparel,70.7,2,0,141.4,card,1,North,2009,1,True,1534,0
ORD-100948,2025-08-13,10566,web,apparel,64.14,2,0,128.28,card,5,South,832,2,True,247,1
ORD-100949,2025-01-12,10155,web,sports,192.29,2,0,384.58,paypal,2,London,1993,0,True,574,1
ORD-100950,2025-04-29,10967,web,home,72.69,1,0,72.69,card,4,South,1303,0,False,1732,0
ORD-100951,2025-03-26,10535,web,electronics,274.34,1,0,274.34,card,2,London,750,1,True,1271,0
ORD-100952,2025-06-16,10669,web,beauty,14.47,1,0,14.47,bnpl,8,Midlands,1249,0,True,1005,0
ORD-100953,2025-12-16,10198,web,footwear,77.96,1,30,54.57,voucher,10,Midlands,191,3,False,1496,0
ORD-100954,2025-09-27,10745,web,apparel,22.89,3,0,68.67,card,4,London,1111,3,False,986,0
ORD-100955,2025-03-27,10701,web,home,46.44,1,0,46.44,card,3,South,774,0,True,1539,0
ORD-100956,2025-01-21,10276,web,home,39.64,1,0,39.64,card,2,South,1385,0,True,1391,0
ORD-100957,2025-07-17,10991,web,apparel,66.39,1,0,66.39,paypal,3,North,439,1,True,1068,0
ORD-100958,2025-09-18,10559,web,apparel,57.92,2,0,115.84,card,4,South,1142,2,False,1866,0
ORD-100959,2025-04-29,10705,web,electronics,343.9,1,0,343.9,card,2,South,1902,0,True,426,1
ORD-100960,2025-10-31,10648,web,home,98.28,1,0,98.28,bnpl,2,London,1120,0,True,878,0
ORD-100961,2025-02-17,10835,web,apparel,32.1,1,10,28.89,paypal,2,Midlands,663,0,True,893,0
ORD-100962,2025-01-11,10929,phone,home,59.31,2,0,118.62,card,5,Midlands,1616,0,False,744,0
ORD-100963,2025-05-16,10031,web,apparel,32.36,2,0,64.72,card,7,Wales,1463,1,False,854,0
ORD-100964,2025-06-02,10123,web,beauty,40.19,1,0,40.19,bnpl,6,Midlands,1167,2,False,1424,0
ORD-100965,2025-10-12,10190,web,home,82.65,1,0,82.65,paypal,3,South,21,1,True,1542,0
ORD-100966,2025-01-14,10585,web,apparel,70.69,3,0,212.07,card,2,North,1504,0,False,1158,0
ORD-100967,2025-08-15,11042,web,beauty,24.72,1,0,24.72,paypal,3,Scotland,1351,2,False,1266,0
ORD-100968,2025-06-15,10469,web,beauty,11.4,1,0,11.4,card,4,London,1401,0,True,978,0
ORD-100969,2025-03-13,10678,web,home,41.66,1,0,41.66,card,3,Midlands,507,0,True,1752,0
ORD-100970,2025-11-13,10258,web,home,42.78,1,0,42.78,voucher,2,London,2307,0,True,1858,0
ORD-100971,2025-10-18,11056,web,apparel,49.29,1,5,46.83,card,7,South,1346,2,True,802,0
ORD-100972,2025-09-20,10236,web,electronics,161.12,1,30,112.78,card,3,NI,89,1,True,1520,0
ORD-100973,2025-12-06,10935,web,sports,69.33,1,0,69.33,paypal,2,London,1193,1,True,1783,0
ORD-100974,2025-03-04,11060,web,sports,28.05,2,0,56.1,bnpl,2,South,1396,1,False,871,0
ORD-100975,2025-05-27,10064,web,beauty,19.27,1,0,19.27,paypal,2,London,2144,0,True,1381,0
ORD-100976,2025-11-27,10952,web,sports,71.17,1,0,71.17,card,2,South,2039,4,False,670,0
ORD-100977,2025-11-25,10975,web,home,45.82,3,0,137.46,card,7,South,857,5,True,41,0
ORD-100978,2025-12-15,10965,web,apparel,40.15,2,0,80.3,paypal,4,North,366,4,True,1387,0
ORD-100979,2025-07-13,10603,web,electronics,79.08,1,30,55.36,paypal,4,South,1030,3,False,918,0
ORD-100980,2025-05-01,10714,web,apparel,54.34,1,0,54.34,card,2,Midlands,2259,0,True,1522,0
ORD-100981,2025-06-15,10450,web,electronics,116.56,3,0,349.68,card,7,London,1480,1,True,1265,0
ORD-100982,2025-03-13,10192,web,beauty,16.68,1,0,16.68,card,3,Midlands,2377,0,True,1810,0
ORD-100983,2025-03-26,10083,web,beauty,34.22,2,0,68.44,paypal,1,London,131,1,True,486,1
ORD-100984,2025-05-28,10195,web,electronics,166.76,1,20,133.41,bnpl,2,London,1736,1,True,1593,0
ORD-100985,2025-02-04,10979,web,apparel,41.25,1,15,35.06,voucher,1,North,1402,0,True,729,0
ORD-100986,2025-01-28,10830,web,sports,57.35,2,15,97.5,card,3,London,440,1,False,1497,0
ORD-100987,2025-10-27,10983,web,beauty,28.7,1,15,24.4,card,6,North,501,1,True,83,0
ORD-100988,2025-05-10,10630,web,electronics,358.4,1,0,358.4,paypal,3,Scotland,988,2,True,413,1
ORD-100989,2025-05-11,10473,phone,footwear,52.92,2,10,95.26,paypal,2,NI,2385,1,False,606,0
ORD-100990,2025-09-11,10013,web,apparel,29.51,1,20,23.61,card,2,South,1894,1,True,1123,0
ORD-100991,2025-02-13,10962,web,home,99.65,1,10,89.68,card,1,NI,2137,0,True,509,0
ORD-100992,2025-02-12,10515,web,electronics,186.3,1,30,130.41,voucher,3,South,2388,0,True,1135,0
ORD-100993,2025-12-22,10509,web,apparel,42.09,1,0,42.09,card,7,South,327,3,False,1660,0
ORD-100994,2025-06-29,10766,web,footwear,84.96,1,0,84.96,card,1,South,1397,2,False,849,0
ORD-100995,2025-01-03,11004,web,beauty,16.84,2,0,33.68,paypal,10,Midlands,1274,0,True,778,0
ORD-100996,2025-11-30,10417,web,home,46.6,2,0,93.2,card,8,North,460,2,True,762,0
ORD-100997,2025-10-18,11011,web,home,82.04,1,0,82.04,paypal,3,Midlands,619,2,True,1712,0
ORD-100998,2025-09-01,10196,web,electronics,218.11,1,10,196.3,bnpl,2,North,393,2,True,1727,0
ORD-100999,2025-04-20,10527,web,home,62.53,1,0,62.53,paypal,6,North,328,2,False,1002,0
ORD-101000,2025-04-02,10812,web,sports,125.03,1,0,125.03,voucher,3,North,325,0,False,1141,0
ORD-101001,2025-12-21,10427,web,electronics,127.2,1,0,127.2,card,2,North,67,1,True,1937,0
ORD-101002,2025-09-08,10626,web,home,82.07,1,5,77.97,card,9,North,666,2,False,1020,0
ORD-101003,2025-05-04,10814,web,home,83.17,1,0,83.17,paypal,3,London,1706,0,True,767,0
ORD-101004,2025-04-24,10051,web,beauty,30.08,1,0,30.08,card,1,London,168,0,False,1385,0
ORD-101005,2025-05-31,10161,web,footwear,91.27,1,0,91.27,card,1,Scotland,371,1,False,672,0
ORD-101006,2025-05-21,10395,web,electronics,170.58,2,0,341.16,card,3,North,2250,2,False,383,0
ORD-101007,2025-10-25,10670,phone,apparel,63.05,2,0,126.1,paypal,5,Midlands,436,0,False,1204,0
ORD-101008,2025-04-19,10056,web,home,94.93,1,0,94.93,card,3,South,1717,0,True,1341,0
ORD-101009,2025-03-12,10966,web,footwear,47.71,3,0,143.13,bnpl,2,Midlands,1666,1,True,501,1
ORD-101010,2025-04-28,10746,web,home,124.67,2,0,249.34,paypal,3,North,1274,1,False,1938,0
ORD-101011,2025-01-25,10916,web,sports,25.43,3,5,72.48,card,2,London,1450,1,False,1065,0
ORD-101012,2025-07-09,10128,web,footwear,30.05,1,15,25.54,card,1,Midlands,327,0,True,287,0
ORD-101013,2025-11-13,10577,web,electronics,165.73,2,0,331.46,card,5,Scotland,1379,2,False,775,0
ORD-101014,2025-09-09,10339,web,electronics,238.22,1,0,238.22,card,14,London,2073,3,True,196,1
ORD-101015,2025-11-06,11055,web,beauty,38.25,1,0,38.25,card,2,South,2154,5,False,1987,0
ORD-101016,2025-10-17,10160,web,footwear,70.81,2,15,120.38,paypal,4,London,2396,2,False,133,1
ORD-101017,2025-12-23,10434,web,home,49.29,1,5,46.83,card,3,London,246,5,False,1921,0
ORD-101018,2025-01-20,10985,web,home,66.47,2,0,132.94,card,9,North,1554,0,True,825,0
ORD-101019,2025-11-28,10716,web,apparel,67.17,1,20,53.74,card,1,North,1268,1,True,1531,0
ORD-101020,2025-09-09,10588,web,apparel,32.41,1,0,32.41,card,4,Scotland,1040,4,False,179,0
ORD-101021,2025-05-25,10109,web,home,80.62,1,0,80.62,card,4,NI,2224,1,True,379,1
ORD-101022,2025-03-01,10868,web,home,29.76,1,0,29.76,bnpl,3,Midlands,481,0,False,508,1
ORD-101023,2025-09-24,11040,web,apparel,50.53,2,0,101.06,card,2,Scotland,1308,0,True,180,0
ORD-101024,2025-08-29,10513,web,apparel,37.27,1,0,37.27,paypal,1,South,233,3,False,207,0
ORD-101025,2025-11-08,10850,web,home,60.16,2,0,120.32,paypal,2,Wales,1383,1,False,699,0
ORD-101026,2025-03-10,10875,web,apparel,35.95,1,0,35.95,card,5,Midlands,1509,0,True,1138,0
ORD-101027,2025-02-18,10052,web,home,31.62,2,20,50.59,card,3,North,867,0,False,1012,0
ORD-101028,2025-04-04,10619,web,sports,134.22,1,0,134.22,card,6,Scotland,946,2,True,1535,0
ORD-101029,2025-01-08,10306,web,footwear,75.0,1,15,63.75,card,6,North,2268,0,False,2002,0
ORD-101030,2025-10-18,10471,web,beauty,22.07,2,0,44.14,card,7,North,1889,0,False,635,0
ORD-101031,2025-04-03,10173,web,sports,185.27,2,0,370.54,paypal,6,London,1643,1,True,1772,0
ORD-101032,2025-10-03,10695,web,footwear,77.91,1,0,77.91,card,4,London,2336,1,True,1826,0
ORD-101033,2025-09-28,10101,web,apparel,50.62,1,5,48.09,bnpl,2,NI,898,0,True,135,0
ORD-101034,2025-08-14,10001,web,apparel,64.53,4,0,258.12,card,4,North,2156,1,True,694,0
ORD-101035,2025-12-30,10537,web,footwear,56.4,2,20,90.24,card,6,London,1920,2,True,23,1
ORD-101036,2025-11-11,10882,web,footwear,116.4,2,0,232.8,bnpl,3,North,1848,1,True,1355,0
ORD-101037,2025-12-02,10048,web,home,102.96,1,0,102.96,bnpl,3,North,673,0,True,1106,0
ORD-101038,2025-01-03,10464,web,apparel,37.37,1,0,37.37,card,1,North,209,0,False,591,1
ORD-101039,2025-02-18,11042,web,footwear,59.78,1,5,56.79,card,2,Scotland,1351,0,False,514,0
ORD-101040,2025-08-23,10834,web,electronics,91.86,2,20,146.98,card,3,London,256,1,False,1618,0
ORD-101041,2025-04-11,10231,web,beauty,20.99,1,0,20.99,card,1,North,400,0,True,690,0
ORD-101042,2025-12-18,10965,web,home,56.89,1,0,56.89,card,2,North,366,5,True,1444,0
ORD-101043,2025-04-09,10007,web,apparel,21.2,1,20,16.96,bnpl,5,South,777,0,True,1032,0
ORD-101044,2025-08-13,10147,web,apparel,37.11,2,0,74.22,bnpl,6,London,1878,0,True,204,0
ORD-101045,2025-03-09,10775,web,home,57.27,2,5,108.81,card,3,Midlands,1947,1,True,625,0
ORD-101046,2025-03-11,10865,web,home,60.43,1,0,60.43,card,5,Midlands,1814,0,True,507,1
ORD-101047,2025-08-18,11060,web,home,128.69,1,10,115.82,card,2,South,1396,3,False,1672,0
ORD-101048,2025-03-08,10463,web,sports,47.48,1,10,42.73,card,2,North,442,1,False,1140,0
ORD-101049,2025-08-13,10945,web,home,126.46,1,20,101.17,card,3,Wales,108,1,False,862,0
ORD-101050,2025-06-09,10324,web,beauty,42.75,1,10,38.48,card,4,London,1524,0,False,352,0
ORD-101051,2025-03-23,10406,web,sports,39.9,1,20,31.92,card,8,North,1966,0,True,910,0
ORD-101052,2025-10-01,10931,web,apparel,20.01,2,0,40.02,paypal,4,London,2028,0,True,1838,0
ORD-101053,2025-11-23,10850,web,electronics,225.52,1,0,225.52,voucher,6,Wales,1383,2,False,1743,0
ORD-101054,2025-10-30,10165,web,apparel,27.98,1,0,27.98,card,1,London,1903,2,True,2015,0
ORD-101055,2025-09-15,10619,web,electronics,281.93,1,0,281.93,paypal,3,Scotland,946,3,True,1018,0
ORD-101056,2025-02-28,10837,web,apparel,37.5,2,0,75.0,paypal,3,Wales,2146,1,True,1097,0
ORD-101057,2025-05-27,10267,web,electronics,116.42,4,0,465.68,paypal,3,London,1008,1,False,392,1
ORD-101058,2025-03-01,10929,web,electronics,233.84,2,0,467.68,paypal,2,Midlands,1616,1,False,512,1
ORD-101059,2025-07-01,10257,web,footwear,48.04,1,0,48.04,card,1,South,2337,0,False,321,1
ORD-101060,2025-08-03,11014,web,beauty,28.38,1,0,28.38,paypal,1,London,764,2,True,1756,0
ORD-101061,2025-07-12,10312,web,footwear,59.21,1,40,35.53,card,4,London,470,4,True,682,0
ORD-101062,2025-12-01,10816,web,electronics,206.64,1,0,206.64,card,6,NI,1364,0,True,61,1
ORD-101063,2025-10-31,10457,web,apparel,72.0,2,40,86.4,card,6,North,473,2,True,105,1
ORD-101064,2025-05-09,10025,web,apparel,41.47,1,0,41.47,card,2,South,815,1,True,1128,0
ORD-101065,2025-08-26,11056,web,sports,125.19,1,0,125.19,card,4,South,1346,0,True,1863,0
ORD-101066,2025-08-05,10979,web,electronics,284.27,1,10,255.84,card,4,North,1402,1,True,1167,0
ORD-101067,2025-04-09,11028,web,home,48.98,1,15,41.63,bnpl,3,North,1851,0,False,1612,0
ORD-101068,2025-11-27,10026,web,home,101.48,2,0,202.96,paypal,9,London,181,0,True,742,0
ORD-101069,2025-11-26,10377,web,apparel,52.94,1,0,52.94,paypal,5,North,1711,3,True,53,0
ORD-101070,2025-12-19,10320,web,apparel,37.97,1,0,37.97,bnpl,3,North,511,0,False,30,1
ORD-101071,2025-05-28,10359,web,sports,141.99,1,0,141.99,card,4,Scotland,411,0,True,1806,0
ORD-101072,2025-02-26,10895,web,footwear,58.45,1,0,58.45,card,4,Midlands,749,1,False,511,1
ORD-101073,2025-08-22,10213,web,beauty,9.36,1,0,9.36,paypal,5,London,1647,0,True,1316,0
ORD-101074,2025-08-11,10337,web,apparel,60.61,1,0,60.61,card,1,Wales,2093,4,True,1166,0
ORD-101075,2025-01-16,10377,web,home,110.64,1,0,110.64,voucher,3,North,1711,0,True,724,0
ORD-101076,2025-06-13,10165,web,electronics,242.36,1,10,218.12,card,4,London,1903,1,True,1001,0
ORD-101077,2025-05-25,10652,web,apparel,21.64,2,10,38.95,paypal,1,NI,339,1,False,2014,0
ORD-101078,2025-09-22,10795,web,home,128.81,2,0,257.62,paypal,6,NI,222,2,True,1635,0
ORD-101079,2025-05-14,10975,web,home,52.04,1,0,52.04,card,3,South,857,1,True,1631,0
ORD-101080,2025-03-16,10054,web,apparel,33.85,1,0,33.85,card,4,South,548,1,True,1860,0
ORD-101081,2025-01-07,10381,web,home,97.11,1,20,77.69,card,3,Wales,760,0,False,1622,0
ORD-101082,2025-06-11,10410,web,sports,144.87,3,15,369.42,paypal,10,London,879,0,False,1968,0
ORD-101083,2025-07-06,10132,web,home,43.95,1,10,39.56,voucher,7,Midlands,1651,1,False,1416,0
ORD-101084,2025-04-03,10602,web,beauty,23.2,1,10,20.88,bnpl,5,Scotland,1011,0,True,1139,0
ORD-101085,2025-07-18,10975,web,footwear,81.32,3,10,219.56,voucher,1,South,857,4,True,1100,0
ORD-101086,2025-03-17,10084,web,beauty,31.06,1,10,27.95,voucher,2,South,2024,0,False,1397,0
ORD-101087,2025-11-04,10376,web,beauty,39.07,1,5,37.12,card,5,London,942,2,False,881,0
ORD-101088,2025-12-17,10017,web,electronics,214.29,1,0,214.29,card,1,Wales,52,1,True,50,1
ORD-101089,2025-02-25,11032,web,apparel,42.45,1,15,36.08,paypal,7,Midlands,2007,0,True,1703,0
ORD-101090,2025-06-05,10361,web,apparel,66.36,1,20,53.09,card,3,London,1707,2,False,1399,0
ORD-101091,2025-03-24,10195,web,apparel,33.83,1,25,25.37,paypal,2,London,1736,0,True,1214,0
ORD-101092,2025-11-12,10192,web,home,43.26,1,15,36.77,card,11,Midlands,2377,2,True,1309,0
ORD-101093,2025-03-15,11021,web,sports,86.65,1,0,86.65,card,3,London,1760,0,False,1991,0
ORD-101094,2025-04-12,10524,web,apparel,53.68,1,25,40.26,card,3,Midlands,2114,1,True,428,1
ORD-101095,2025-07-21,10215,web,electronics,365.03,1,20,292.02,card,3,Wales,1317,2,True,1407,0
ORD-101096,2025-06-05,10371,web,apparel,50.55,1,0,50.55,voucher,2,London,449,2,False,951,0
ORD-101097,2025-09-20,10652,web,apparel,28.0,1,0,28.0,card,4,NI,339,2,False,171,1
ORD-101098,2025-05-17,10395,web,home,51.54,1,10,46.39,card,1,North,2250,1,False,1527,0
ORD-101099,2025-11-19,10059,web,sports,113.34,1,20,90.67,bnpl,4,Wales,1594,2,True,70,1
ORD-101100,2025-05-01,10198,phone,apparel,68.35,1,0,68.35,paypal,3,Midlands,191,1,False,417,1
ORD-101101,2025-09-18,10879,web,home,18.81,1,0,18.81,card,3,London,186,1,False,1255,0
ORD-101102,2025-08-04,10018,web,home,53.43,1,0,53.43,paypal,4,South,430,1,True,740,0
ORD-101103,2025-09-23,10395,web,apparel,33.62,1,0,33.62,card,2,North,2250,4,False,1573,0
ORD-101104,2025-11-10,10452,web,apparel,75.67,1,0,75.67,card,3,North,1775,1,True,1803,0
ORD-101105,2025-03-27,10041,web,footwear,79.69,1,0,79.69,card,5,North,2156,0,False,1807,0
ORD-101106,2025-08-09,10132,web,beauty,12.28,1,25,9.21,paypal,3,Midlands,1651,2,False,1231,0
ORD-101107,2025-11-11,10977,phone,electronics,209.25,2,0,418.5,card,3,London,835,2,True,664,0
ORD-101108,2025-05-01,10458,web,apparel,72.37,2,15,123.03,card,1,South,2073,1,False,406,1
ORD-101109,2025-01-02,10837,web,apparel,58.58,1,10,52.72,paypal,3,Wales,2146,0,True,578,0
ORD-101110,2025-03-09,10361,web,apparel,58.58,2,20,93.73,paypal,4,London,1707,0,False,497,1
ORD-101111,2025-07-25,10291,web,footwear,125.81,1,0,125.81,bnpl,2,South,1326,0,True,268,1
ORD-101112,2025-06-08,10495,web,sports,121.41,2,0,242.82,card,6,London,2103,0,True,1833,0
ORD-101113,2025-07-07,10137,web,apparel,63.28,1,30,44.3,card,3,North,1672,1,True,1639,0
ORD-101114,2025-03-05,10846,web,apparel,43.57,1,0,43.57,card,3,Scotland,2212,0,False,1923,0
ORD-101115,2025-04-01,10170,web,apparel,34.34,2,0,68.68,card,4,London,1106,0,True,616,0
ORD-101116,2025-08-12,10344,web,home,33.93,1,15,28.84,bnpl,3,Midlands,2239,1,True,1564,0
ORD-101117,2025-01-02,10949,web,home,119.8,3,5,341.43,paypal,7,South,1435,0,True,1868,0
ORD-101118,2025-01-27,10386,web,footwear,91.4,1,0,91.4,card,5,Scotland,62,0,True,545,1
ORD-101119,2025-12-13,10862,web,electronics,258.69,2,0,517.38,bnpl,5,London,1531,0,False,656,0
ORD-101120,2025-05-24,10027,web,electronics,186.4,2,10,335.52,card,1,Midlands,2310,0,False,367,0
ORD-101121,2025-07-12,10677,web,beauty,18.76,2,15,31.89,paypal,5,London,2287,2,True,302,0
ORD-101122,2025-01-02,10078,web,sports,52.54,1,0,52.54,bnpl,2,Wales,2350,0,False,596,1
ORD-101123,2025-07-30,10681,web,electronics,212.85,3,0,638.55,card,4,Scotland,1126,3,False,270,1
ORD-101124,2025-07-15,10810,web,electronics,133.38,1,0,133.38,card,-999,North,2378,1,True,260,1
ORD-101125,2025-09-22,10399,web,home,69.34,1,0,69.34,bnpl,5,North,869,1,True,1764,0
ORD-101126,2025-04-12,10153,web,home,86.54,1,0,86.54,paypal,3,Midlands,885,1,False,844,0
ORD-101127,2025-04-01,10884,web,apparel,33.72,1,0,33.72,card,4,Midlands,314,1,True,612,0
ORD-101128,2025-09-09,10575,web,apparel,83.76,2,40,100.51,card,2,South,1185,0,True,1078,0
ORD-101129,2025-04-07,10652,web,home,76.26,1,0,76.26,card,2,NI,339,0,False,1129,0
ORD-101130,2025-05-16,10112,web,apparel,25.38,1,0,25.38,card,4,South,36,0,True,380,1
ORD-101131,2025-01-16,10123,web,apparel,61.18,1,0,61.18,paypal,2,Midlands,1167,0,False,571,1
ORD-101132,2025-10-01,10886,web,apparel,39.49,1,10,35.54,card,2,South,520,1,False,190,1
ORD-101133,2025-01-04,10830,web,home,51.38,2,0,102.76,bnpl,2,London,440,0,False,1208,0
ORD-101134,2025-06-11,10350,web,footwear,57.54,2,20,92.06,paypal,1,London,1733,3,True,1194,0
ORD-101135,2025-12-07,10223,web,electronics,86.82,3,25,195.34,bnpl,2,North,1358,0,True,1966,0
ORD-101136,2025-07-11,10903,web,apparel,67.78,2,0,135.56,bnpl,5,Wales,960,1,True,1699,0
ORD-101137,2025-11-16,10185,web,footwear,38.08,2,30,53.31,card,2,South,1128,0,False,1608,0
ORD-101138,2025-10-01,10275,web,apparel,33.1,1,0,33.1,card,3,Midlands,1799,2,False,730,0
ORD-101139,2025-03-16,11022,web,home,68.54,3,0,205.62,card,5,South,1933,0,False,921,0
ORD-101140,2025-03-01,10520,web,apparel,50.29,1,0,50.29,card,2,South,961,0,True,997,0
ORD-101141,2025-08-28,10176,web,home,44.5,2,20,71.2,card,2,Midlands,1702,1,False,965,0
ORD-101141,2025-08-28,10176,web,home,44.5,2,20,71.2,card,2,Midlands,1773,1,False,1933,0
ORD-101142,2025-08-31,10524,web,apparel,37.52,2,30,52.53,card,1,Midlands,2114,2,True,191,0
ORD-101143,2025-11-13,10568,web,apparel,30.0,2,10,54.0,card,2,North,552,0,False,88,0
ORD-101144,2025-11-30,10621,web,apparel,50.27,2,0,100.54,card,3,London,546,1,True,884,0
ORD-101144,2025-11-30,10621,web,apparel,50.27,2,0,100.54,card,3,London,506,1,True,1566,0
ORD-101145,2025-08-31,10546,web,electronics,79.84,1,5,75.85,card,1,South,1322,3,False,738,0
ORD-101146,2025-11-26,11008,web,apparel,62.79,2,0,125.58,card,3,Scotland,1120,1,False,1248,0
ORD-101147,2025-09-04,11047,web,home,76.39,2,0,152.78,card,4,London,1158,1,False,2019,0
ORD-101148,2025-08-02,10267,web,footwear,39.11,2,0,78.22,card,2,London,1008,2,False,257,0
ORD-101149,2025-12-29,10486,web,home,141.45,3,25,318.26,card,4,North,558,5,True,11,1
ORD-101150,2025-04-24,10304,web,apparel,61.83,3,0,185.49,voucher,5,North,2359,0,True,1112,0
ORD-101151,2025-08-21,10352,web,apparel,64.46,1,10,58.01,voucher,1,Midlands,911,0,True,908,0
ORD-101152,2025-02-07,10113,web,apparel,43.94,1,15,37.35,card,3,London,300,0,False,746,0
ORD-101152,2025-02-07,10113,web,apparel,43.94,1,15,37.35,card,3,NI,241,0,False,1153,0
ORD-101153,2025-08-03,10305,web,footwear,90.4,1,20,72.32,card,5,London,621,0,True,609,0
ORD-101154,2025-03-15,10661,web,beauty,20.46,1,0,20.46,card,9,South,2037,1,False,1027,0
ORD-101155,2025-06-03,11009,web,home,122.43,1,0,122.43,card,2,Wales,1431,0,True,365,1
ORD-101156,2025-10-06,10216,web,home,40.12,1,0,40.12,voucher,2,London,2274,0,False,1465,0
ORD-101157,2025-09-20,10103,web,apparel,42.54,2,0,85.08,card,10,South,1221,1,True,164,1
ORD-101158,2025-04-10,10980,web,beauty,30.31,1,0,30.31,card,2,London,386,0,False,471,0
ORD-101159,2025-12-08,10785,web,sports,77.29,2,20,123.66,card,8,South,2072,2,False,1199,0
ORD-101160,2025-03-25,10859,web,beauty,22.23,1,10,20.01,card,6,North,1075,1,True,1449,0
ORD-101161,2025-01-22,10501,web,apparel,34.65,2,0,69.3,voucher,2,South,1079,0,False,1763,0
ORD-101162,2025-03-01,10566,web,footwear,95.73,2,0,191.46,card,3,South,832,0,True,1340,0
ORD-101163,2025-07-11,10236,web,apparel,39.21,1,0,39.21,paypal,3,NI,89,0,True,1213,0
ORD-101164,2025-03-08,10884,web,apparel,45.19,2,5,85.86,card,3,Midlands,314,0,True,1168,0
ORD-101165,2025-06-03,10681,web,sports,97.99,1,0,97.99,card,1,Scotland,1126,2,False,370,1
ORD-101166,2025-02-28,10955,phone,apparel,63.13,2,0,126.26,card,7,North,1954,0,False,521,1
ORD-101167,2025-08-21,10969,web,electronics,132.09,1,0,132.09,card,4,Midlands,2089,0,True,1811,0
ORD-101168,2025-11-20,11047,web,beauty,37.21,2,0,74.42,card,7,London,1158,2,False,1494,0
ORD-101169,2025-12-08,10045,web,footwear,90.74,2,0,181.48,card,4,South,2280,0,False,63,1
ORD-101170,2025-06-30,10728,web,footwear,82.4,3,15,210.12,card,3,Midlands,683,0,True,1251,0
ORD-101171,2025-02-03,10344,web,footwear,81.78,3,0,245.34,card,2,Midlands,2239,0,True,969,0
ORD-101172,2025-08-22,10515,web,footwear,76.87,3,20,184.49,card,5,South,2388,2,True,801,0
ORD-101173,2025-05-11,10791,web,footwear,106.19,1,15,90.26,card,7,NI,549,4,True,402,1
ORD-101174,2025-12-18,10751,web,beauty,19.76,1,0,19.76,paypal,6,Midlands,2250,1,False,2,0
ORD-101175,2025-12-09,10249,web,electronics,156.09,1,0,156.09,bnpl,3,Midlands,1480,2,True,1457,0
ORD-101176,2025-01-19,10932,web,footwear,87.53,2,10,157.55,card,5,Scotland,153,0,True,585,0
ORD-101177,2025-06-01,10561,web,home,77.88,1,0,77.88,paypal,2,Midlands,1267,1,True,652,0
ORD-101178,2025-04-05,10749,web,electronics,249.87,1,0,249.87,card,4,North,1734,0,True,409,0
ORD-101179,2025-08-08,10539,web,beauty,37.58,1,25,28.18,card,3,Midlands,2166,0,True,1504,0
ORD-101180,2025-10-13,10983,web,apparel,39.71,2,5,75.45,card,4,North,501,0,True,1775,0
ORD-101181,2025-07-18,10671,web,sports,103.33,1,0,103.33,card,4,Midlands,1169,1,True,279,1
ORD-101182,2025-09-09,10810,web,apparel,41.98,1,0,41.98,paypal,2,North,2378,2,True,203,1
ORD-101183,2025-03-12,10117,web,apparel,69.98,1,0,69.98,card,4,South,1266,0,True,476,0
ORD-101184,2025-10-16,10462,web,home,100.31,1,0,100.31,card,10,NI,943,0,True,1170,0
ORD-101185,2025-10-09,10255,web,apparel,37.51,1,0,37.51,bnpl,2,London,1299,0,False,2029,0
ORD-101186,2025-02-11,10363,web,home,70.0,1,5,66.5,paypal,1,London,1727,0,False,725,0
ORD-101187,2025-06-21,10123,web,electronics,161.87,1,0,161.87,card,6,Midlands,1167,3,False,1780,0
ORD-101188,2025-11-06,10868,web,apparel,62.48,1,15,53.11,card,3,Midlands,481,3,False,120,1
ORD-101189,2025-04-20,10963,web,footwear,59.13,1,0,59.13,paypal,3,South,1147,0,True,1718,0
ORD-101190,2025-01-21,10263,web,electronics,215.47,1,5,204.7,card,3,NI,1333,0,False,583,1
ORD-101191,2025-08-10,10760,web,home,0.0,2,30,148.57,card,1,Wales,1479,0,False,715,0
ORD-101192,2025-10-02,10801,web,apparel,35.21,1,15,29.93,voucher,6,London,829,1,True,1346,0
ORD-101193,2025-01-11,10301,web,apparel,19.98,1,0,19.98,card,5,North,1340,0,True,1183,0
ORD-101194,2025-03-17,10844,web,beauty,36.68,2,0,73.36,voucher,1,South,1156,1,True,1793,0
ORD-101195,2025-02-17,10871,web,home,98.41,2,30,137.77,card,2,London,139,0,False,1121,0
ORD-101196,2025-12-07,10214,web,home,67.93,1,15,57.74,paypal,3,North,673,1,True,62,0
ORD-101197,2025-06-10,10208,web,apparel,47.57,1,20,38.06,card,5,NI,1782,0,False,332,0
ORD-101198,2025-07-24,10528,web,apparel,49.83,1,0,49.83,card,1,Wales,225,0,True,1993,0
ORD-101198,2025-07-24,10528,web,apparel,49.83,1,0,49.83,card,1,NI,159,0,True,1617,0
ORD-101199,2025-12-10,10145,web,apparel,44.29,1,0,44.29,card,3,London,1489,3,False,718,0
ORD-101200,2025-11-25,10985,web,apparel,38.16,1,0,38.16,paypal,4,North,1554,2,True,756,0
ORD-101201,2025-10-30,10565,web,apparel,49.75,1,5,47.26,card,1,South,1761,0,False,925,0
ORD-101202,2025-07-07,10890,web,home,55.56,1,0,55.56,paypal,4,South,545,1,False,1349,0
ORD-101203,2025-11-30,10452,web,electronics,305.81,2,0,611.62,card,2,North,1775,2,True,1972,0
ORD-101204,2025-09-03,10992,web,sports,38.6,2,0,77.2,bnpl,3,South,1009,1,False,1965,0
ORD-101205,2025-04-18,10723,web,beauty,20.82,1,15,17.7,card,1,London,339,0,False,1549,0
ORD-101206,2025-07-07,10125,web,footwear,43.41,1,0,43.41,card,8,Wales,1553,0,False,283,1
ORD-101207,2025-10-27,10600,web,footwear,111.32,1,0,111.32,card,3,Scotland,926,0,True,123,1
ORD-101208,2025-12-10,10028,web,sports,87.35,1,5,82.98,paypal,7,London,185,3,False,1673,0
ORD-101209,2025-11-23,10842,web,footwear,85.3,2,10,153.54,card,2,Midlands,66,2,False,1721,0
ORD-101210,2025-08-20,10663,phone,home,114.94,1,0,114.94,card,4,Wales,1314,0,True,1944,0
ORD-101211,2025-06-21,10529,web,apparel,30.18,2,0,60.36,bnpl,3,South,2306,1,False,330,1
ORD-101212,2025-04-19,10198,web,electronics,318.68,2,0,637.36,card,3,Midlands,191,0,False,444,1
ORD-101213,2025-04-14,10407,web,sports,92.34,2,0,184.68,card,4,NI,1688,0,False,1846,0
ORD-101214,2025-05-31,10959,web,electronics,300.94,1,0,300.94,card,3,Midlands,1362,1,True,1992,0
ORD-101215,2025-05-27,10807,web,footwear,61.53,1,0,61.53,card,5,Wales,2113,0,True,766,0
ORD-101216,2025-04-12,10588,web,home,54.58,1,20,43.66,card,3,Scotland,1040,1,False,1686,0
ORD-101217,2025-05-04,10476,web,apparel,45.57,2,0,91.14,card,4,Midlands,584,2,True,1755,0
ORD-101218,2025-01-16,10436,web,footwear,42.08,2,10,75.74,card,3,North,199,0,True,565,1
ORD-101219,2025-11-07,10600,web,beauty,10.03,1,0,10.03,card,5,Scotland,926,2,True,1958,0
ORD-101220,2025-08-24,10189,web,electronics,160.91,1,5,152.86,card,5,London,148,1,True,897,0
ORD-101221,2025-02-02,10175,web,home,83.65,1,20,66.92,card,3,London,1820,0,False,558,1
ORD-101222,2025-09-23,10513,web,electronics,175.24,1,15,148.95,card,3,South,233,5,False,1614,0
ORD-101223,2025-11-14,10341,web,apparel,64.62,1,15,54.93,bnpl,3,London,135,1,True,73,1
ORD-101224,2025-04-10,10950,web,apparel,35.57,1,25,26.68,card,7,London,546,2,True,434,1
ORD-101225,2025-05-17,10787,web,apparel,40.52,3,20,97.25,paypal,4,South,122,0,True,387,1
ORD-101226,2025-04-29,10206,web,electronics,103.35,1,0,103.35,paypal,5,NI,365,2,False,1848,0
ORD-101227,2025-05-12,10997,web,sports,98.87,3,0,296.61,card,4,Scotland,1102,0,False,1876,0
ORD-101228,2025-05-08,10368,web,electronics,221.64,1,5,210.56,card,10,London,1259,0,False,1380,0
ORD-101229,2025-08-11,10468,web,footwear,55.96,3,0,167.88,bnpl,3,South,1585,1,True,250,1
ORD-101230,2025-06-07,10504,web,beauty,24.53,1,15,20.85,paypal,5,Midlands,75,1,True,364,1
ORD-101231,2025-04-04,10184,web,beauty,26.75,2,0,53.5,paypal,4,South,323,0,False,1151,0
ORD-101232,2025-06-30,11002,web,sports,24.64,1,10,22.18,voucher,1,London,2241,0,True,300,0
ORD-101233,2025-05-20,10417,web,home,24.53,1,30,17.17,card,5,North,460,0,True,667,0
ORD-101234,2025-06-09,10103,web,beauty,27.46,1,0,27.46,card,4,South,1221,0,True,1376,0
ORD-101235,2025-12-21,10617,phone,apparel,23.45,1,25,17.59,card,5,Midlands,1433,0,False,630,0
ORD-101236,2025-06-13,10952,web,apparel,57.14,1,0,57.14,card,3,South,2039,1,False,1601,0
ORD-101237,2025-06-18,10068,web,footwear,54.11,2,0,108.22,card,5,London,724,1,False,329,1
ORD-101238,2025-03-18,10186,web,home,116.41,1,5,110.59,card,5,North,1385,0,False,494,1
ORD-101239,2025-03-20,10903,web,apparel,47.49,1,30,33.24,card,3,Wales,960,0,True,1902,0
ORD-101240,2025-08-12,10701,phone,electronics,301.17,3,0,903.51,voucher,4,South,774,2,True,1353,0
ORD-101241,2025-06-29,10259,web,home,76.28,1,10,68.65,paypal,2,South,1212,0,False,1924,0
ORD-101242,2025-10-03,10427,web,electronics,144.46,1,10,130.01,card,2,North,67,0,True,184,1
ORD-101243,2025-05-06,10585,web,apparel,60.28,1,0,60.28,bnpl,1,North,1504,1,False,1899,0
ORD-101244,2025-10-31,10535,web,apparel,44.75,1,0,44.75,bnpl,1,London,750,2,True,618,0
ORD-101245,2025-01-01,10546,phone,electronics,275.81,2,0,551.62,paypal,4,South,1322,0,False,1451,0
ORD-101246,2025-07-28,10373,web,footwear,84.42,1,15,71.76,card,3,London,1161,1,False,255,1
ORD-101247,2025-02-23,10104,web,footwear,56.43,1,25,42.32,card,3,NI,1780,0,True,1997,0
ORD-101248,2025-09-12,10745,web,home,42.29,1,0,42.29,card,2,London,1111,2,False,942,0
ORD-101249,2025-04-08,10947,web,electronics,67.71,1,5,64.32,card,2,London,1686,0,False,636,0
ORD-101250,2025-11-07,11057,phone,electronics,332.14,1,20,265.71,card,2,London,2023,2,True,126,1
ORD-101251,2025-10-24,10924,web,electronics,202.11,2,0,404.22,card,1,Midlands,252,3,False,118,0
ORD-101252,2025-03-25,10748,web,footwear,66.22,1,0,66.22,card,2,North,2035,1,False,489,1
ORD-101253,2025-10-20,10604,web,electronics,86.5,3,0,259.5,card,1,Scotland,820,1,True,132,0
ORD-101254,2025-04-25,10162,web,apparel,63.4,2,5,120.46,voucher,2,London,381,1,False,412,1
ORD-101255,2025-12-29,10635,web,home,104.1,2,0,208.2,card,2,South,1319,0,False,1700,0
ORD-101256,2025-11-07,10329,web,apparel,34.71,2,10,62.48,paypal,2,London,385,0,False,84,1
ORD-101256,2025-11-07,10329,web,apparel,34.71,2,10,62.48,paypal,2,Midlands,463,0,False,92,1
ORD-101257,2025-02-23,10072,web,home,21.78,1,0,21.78,card,2,South,2067,0,False,1443,0
ORD-101258,2025-12-13,10920,web,electronics,217.57,1,0,217.57,card,4,South,248,0,True,8,0
ORD-101259,2025-12-08,10691,web,electronics,95.06,1,0,95.06,card,2,London,435,1,False,1550,0
ORD-101260,2025-04-13,10504,web,home,84.72,1,0,84.72,bnpl,2,Midlands,75,0,True,834,0
ORD-101261,2025-04-13,10238,web,beauty,27.12,1,0,27.12,card,4,NI,184,2,False,407,0
ORD-101262,2025-04-12,10744,web,apparel,22.66,1,10,20.39,card,7,South,731,0,True,645,0
ORD-101263,2025-04-28,10350,web,beauty,22.26,1,0,22.26,card,2,London,1733,2,True,1619,0
ORD-101264,2025-11-15,10201,web,home,65.96,1,0,65.96,bnpl,3,Scotland,1849,1,True,945,0
ORD-101265,2025-01-26,10206,web,footwear,46.66,2,20,74.66,card,1,NI,365,0,False,575,1
ORD-101266,2025-03-07,10933,web,footwear,117.06,2,0,234.12,card,5,South,620,1,True,1029,0
ORD-101267,2025-12-17,10291,web,electronics,407.09,1,10,366.38,card,3,South,1326,1,True,734,0
ORD-101268,2025-01-08,11041,web,electronics,170.86,1,25,128.15,voucher,2,North,1141,0,True,713,0
ORD-101269,2025-10-19,10020,web,apparel,67.14,1,0,67.14,bnpl,1,South,320,3,False,130,1
ORD-101270,2025-01-09,10618,web,apparel,84.16,1,5,79.95,paypal,5,London,926,0,False,865,0
ORD-101271,2025-08-18,10104,web,apparel,63.97,1,30,44.78,card,8,NI,1780,2,True,213,1
ORD-101272,2025-03-19,10503,web,beauty,27.64,1,0,27.64,card,4,London,381,1,True,1261,0
ORD-101273,2025-07-20,10225,web,home,91.04,1,0,91.04,card,5,London,1286,2,True,1809,0
ORD-101274,2025-08-12,10366,web,apparel,42.49,1,0,42.49,paypal,3,Midlands,404,1,False,1299,0
ORD-101275,2025-06-03,10382,web,apparel,83.68,1,25,62.76,card,1,London,2074,0,True,1760,0
ORD-101276,2025-05-18,10161,web,apparel,64.59,1,0,64.59,card,2,Scotland,371,0,False,1241,0
ORD-101277,2025-11-11,10178,web,apparel,25.73,1,0,25.73,paypal,7,Midlands,402,1,True,106,1
ORD-101278,2025-06-15,10404,web,sports,146.41,1,0,146.41,card,1,Scotland,1808,0,False,1270,0
ORD-101279,2025-02-21,10623,web,footwear,103.65,1,0,103.65,card,2,North,2122,1,False,1010,0
ORD-101280,2025-08-31,10496,web,home,112.79,2,0,225.58,card,7,North,435,3,True,1079,0
ORD-101281,2025-01-07,10474,web,beauty,24.36,2,0,48.72,card,4,South,1301,0,True,1094,0
ORD-101282,2025-04-22,10134,web,apparel,62.05,1,0,62.05,paypal,2,North,2239,0,False,440,1
ORD-101283,2025-01-04,10487,web,home,54.03,1,0,54.03,bnpl,1,London,763,0,False,1682,0
ORD-101284,2025-08-22,10556,web,apparel,53.72,2,10,96.7,card,3,London,2254,1,True,638,0
ORD-101285,2025-12-01,10554,web,apparel,66.9,1,0,66.9,bnpl,2,London,1193,0,False,58,1
ORD-101286,2025-06-10,10825,web,sports,65.35,1,0,65.35,paypal,10,London,1491,0,True,323,0
ORD-101287,2025-01-03,10899,web,apparel,28.93,1,0,28.93,card,1,South,478,0,True,1083,0
ORD-101288,2025-07-15,10999,web,footwear,47.4,1,0,47.4,bnpl,2,NI,1900,0,False,1681,0
ORD-101289,2025-10-09,10907,web,apparel,48.92,1,0,48.92,paypal,2,Midlands,1995,1,True,165,1
ORD-101290,2025-04-15,10680,phone,apparel,24.53,2,0,49.06,paypal,6,Wales,1595,0,True,1711,0
ORD-101291,2025-05-31,10114,web,home,54.0,1,0,54.0,bnpl,3,South,169,0,False,1750,0
ORD-101292,2025-05-12,10944,web,beauty,19.18,2,0,38.36,card,5,Scotland,792,0,True,999,0
ORD-101293,2025-07-27,10452,web,home,50.15,2,0,100.3,card,6,North,1775,0,True,1156,0
ORD-101294,2025-07-02,10046,web,electronics,290.24,1,0,290.24,paypal,1,London,437,1,False,326,1
ORD-101295,2025-06-09,10391,web,home,118.24,1,10,106.42,card,9,Scotland,1635,1,False,706,0
ORD-101296,2025-02-06,10088,web,electronics,108.59,3,5,309.48,card,5,Midlands,413,0,False,624,0
ORD-101296,2025-02-06,10088,web,electronics,108.59,3,5,309.48,card,5,Midlands,331,0,False,539,0
ORD-101297,2025-04-25,10273,web,footwear,118.4,1,40,71.04,card,4,London,638,0,False,1150,0
ORD-101298,2025-08-04,10649,web,electronics,349.62,3,20,839.09,bnpl,3,Midlands,930,1,True,1789,0
ORD-101299,2025-10-28,10599,web,apparel,37.24,2,25,55.86,paypal,3,London,558,0,True,1883,0
ORD-101300,2025-12-24,10803,web,electronics,108.93,1,25,81.7,bnpl,2,South,825,2,True,12,1
ORD-101301,2025-10-24,10077,web,electronics,369.76,1,0,369.76,card,3,Scotland,300,0,True,139,1
ORD-101302,2025-07-31,10224,web,apparel,44.44,1,5,42.22,paypal,3,Scotland,2354,2,True,256,0
ORD-101303,2025-09-13,10111,web,apparel,56.36,1,0,56.36,voucher,1,London,1449,3,False,1205,0
ORD-101304,2025-12-19,10748,web,electronics,274.33,1,15,233.18,card,4,North,2035,3,False,1529,0
ORD-101305,2025-06-23,10108,web,apparel,75.11,2,0,150.22,card,3,London,1428,0,False,325,1
ORD-101306,2025-12-24,10675,web,apparel,76.61,1,40,45.97,card,4,London,1240,2,False,1799,0
ORD-101307,2025-12-13,10730,phone,footwear,87.11,2,0,174.22,card,6,South,675,1,False,1964,0
ORD-101308,2025-10-07,10760,web,apparel,63.75,1,0,63.75,card,2,Wales,1479,1,False,641,0
ORD-101309,2025-10-05,10553,web,electronics,252.55,3,0,757.65,paypal,1,Midlands,324,1,False,152,1
ORD-101310,2025-02-09,10261,web,apparel,46.83,1,0,46.83,paypal,4,North,2074,1,True,1815,0
ORD-101311,2025-07-14,10253,web,electronics,186.85,3,40,336.33,card,11,Midlands,1928,3,False,741,0
ORD-101312,2025-02-19,10572,web,home,121.08,2,0,242.16,card,1,Scotland,2345,0,False,1590,0
ORD-101313,2025-10-24,10540,web,apparel,34.29,1,0,34.29,card,5,London,1899,1,True,1053,0
ORD-101314,2025-01-31,10518,web,apparel,42.21,1,0,42.21,card,5,Scotland,1699,0,True,562,1
ORD-101315,2025-10-15,10004,web,footwear,104.47,1,10,94.02,card,4,North,297,1,True,131,1
ORD-101316,2025-07-12,10277,web,home,93.11,2,15,158.29,card,8,London,609,3,True,1922,0
ORD-101317,2025-08-04,10809,web,sports,111.27,2,0,222.54,card,1,Midlands,375,2,False,229,0
ORD-101318,2025-08-25,10339,web,sports,95.94,1,5,91.14,card,4,London,2073,2,True,1024,0
ORD-101319,2025-08-28,10688,web,footwear,54.47,2,0,108.94,card,2,London,1262,0,True,1191,0
ORD-101320,2025-01-17,10630,web,electronics,321.42,2,0,642.84,voucher,1,Scotland,988,0,True,1382,0
ORD-101321,2025-08-02,10576,web,apparel,29.1,2,5,55.29,card,4,NI,1745,1,False,1235,0
ORD-101322,2025-01-31,10750,web,apparel,61.06,1,0,61.06,card,3,North,786,0,False,1101,0
ORD-101323,2025-12-04,10682,web,apparel,65.26,1,20,52.21,card,3,North,229,0,False,71,1
ORD-101324,2025-09-28,10285,web,beauty,43.08,1,15,36.62,card,6,North,2141,0,True,1697,0
ORD-101325,2025-10-02,10715,web,footwear,112.45,3,10,303.62,card,2,North,93,1,True,1243,0
ORD-101326,2025-03-26,10450,web,beauty,13.51,1,0,13.51,card,3,London,1480,0,True,947,0
ORD-101327,2025-08-21,10164,web,electronics,186.31,1,0,186.31,card,5,North,170,1,False,210,0
ORD-101328,2025-07-09,10281,web,apparel,62.44,2,0,124.88,card,6,London,469,1,False,1946,0
ORD-101329,2025-09-15,10365,web,footwear,94.27,1,0,94.27,card,1,South,1269,0,False,1390,0
ORD-101330,2025-10-22,10602,web,home,53.82,2,20,86.11,card,2,Scotland,1011,1,True,1973,0
ORD-101331,2025-03-07,10009,web,apparel,28.7,1,0,28.7,card,5,South,2083,0,False,958,0
ORD-101332,2025-07-28,10957,phone,apparel,47.38,2,0,94.76,card,2,North,1415,1,False,1042,0
ORD-101333,2025-11-10,10015,web,apparel,25.49,1,0,25.49,card,6,London,1854,1,True,1456,0
ORD-101334,2025-05-01,10196,phone,home,101.92,1,10,91.73,card,3,North,393,1,True,1692,0
ORD-101335,2025-08-29,10414,phone,electronics,244.73,1,0,244.73,paypal,7,London,1467,0,True,1599,0
ORD-101336,2025-04-10,10280,web,sports,47.85,1,0,47.85,card,3,Midlands,1008,0,False,454,1
ORD-101337,2025-01-06,10357,web,electronics,277.85,1,15,236.17,paypal,3,Midlands,1281,0,True,1163,0
ORD-101338,2025-11-16,10797,web,home,83.98,1,5,79.78,paypal,2,NI,62,1,True,1842,0
ORD-101339,2025-03-13,10331,web,apparel,58.13,2,0,116.26,card,1,London,2094,2,True,830,0
ORD-101340,2025-03-11,10496,web,footwear,48.46,1,10,43.61,voucher,2,North,435,0,True,1561,0
ORD-101341,2025-08-28,10357,web,sports,78.07,1,0,78.07,paypal,2,Midlands,1281,3,True,765,0
ORD-101342,2025-10-06,10577,web,apparel,48.0,2,0,96.0,card,3,Scotland,1379,1,False,1463,0
ORD-101343,2025-09-28,10082,web,beauty,11.04,1,0,11.04,card,4,Scotland,1676,0,False,168,1
ORD-101344,2025-02-26,10547,web,sports,128.22,3,0,384.66,card,2,North,293,0,False,764,0
ORD-101345,2025-10-15,10988,web,apparel,50.25,1,0,50.25,card,3,South,2094,1,False,1437,0
ORD-101346,2025-02-09,10038,web,home,56.24,3,0,168.72,card,6,South,1348,0,False,1950,0
ORD-101347,2025-06-22,10312,web,beauty,18.91,2,0,37.82,bnpl,2,London,470,2,True,1977,0
ORD-101348,2025-10-01,10064,web,electronics,270.9,2,0,541.8,card,4,London,2144,2,True,150,1
ORD-101349,2025-07-09,10340,web,apparel,50.42,2,0,100.84,card,2,North,1359,0,True,313,1
ORD-101350,2025-02-08,10460,web,apparel,51.25,1,0,51.25,paypal,3,Scotland,1883,0,True,1939,0
ORD-101351,2025-07-12,10530,phone,sports,74.44,1,0,74.44,card,2,South,1076,1,True,610,0
ORD-101352,2025-07-10,10523,web,apparel,34.02,1,10,30.62,paypal,3,South,2280,1,True,291,1
ORD-101352,2025-07-10,10523,web,apparel,34.02,1,10,30.62,paypal,3,Wales,2247,1,True,272,1
ORD-101353,2025-08-09,10392,web,apparel,61.72,1,25,46.29,paypal,2,London,1904,0,False,258,1
ORD-101354,2025-09-16,10581,web,home,93.16,3,0,279.48,card,4,South,2368,0,True,188,1
ORD-101355,2025-06-10,10058,web,apparel,57.11,4,0,228.44,bnpl,9,London,1043,0,True,337,0
ORD-101356,2025-06-19,10883,web,apparel,46.12,1,10,41.51,card,4,Midlands,1393,0,False,2004,0
ORD-101357,2025-04-18,11031,web,beauty,17.07,1,0,17.07,bnpl,1,Midlands,172,0,True,399,0
ORD-101358,2025-12-20,10788,web,footwear,62.29,1,5,59.18,card,4,London,1526,1,True,39,1
ORD-101359,2025-11-26,10139,web,home,91.53,2,0,183.06,paypal,2,Scotland,1186,0,False,836,0
ORD-101360,2025-05-21,10641,web,electronics,79.29,2,0,158.58,card,2,London,113,0,True,376,1
ORD-101361,2025-10-26,10391,web,apparel,32.59,1,0,32.59,card,1,Scotland,1635,2,False,1822,0
ORD-101362,2025-04-01,10261,web,apparel,34.12,1,0,34.12,voucher,5,North,2074,2,True,926,0
ORD-101363,2025-01-25,11034,web,home,30.08,1,25,22.56,card,7,South,1643,0,True,877,0
ORD-101364,2025-11-08,10418,web,beauty,36.45,2,15,61.96,bnpl,3,London,459,1,True,1410,0
ORD-101365,2025-06-04,10046,web,home,51.82,1,10,46.64,card,2,London,437,0,False,1683,0
ORD-101366,2025-03-27,10275,web,apparel,46.79,1,0,46.79,voucher,2,Midlands,1799,0,False,1829,0
ORD-101367,2025-10-27,10321,web,apparel,59.74,2,5,113.51,bnpl,4,South,811,1,False,102,1
ORD-101368,2025-07-10,10349,web,beauty,24.14,2,5,45.87,paypal,2,North,495,0,False,722,0
ORD-101369,2025-07-28,10937,web,sports,62.51,1,0,62.51,bnpl,5,Scotland,1442,1,False,1834,0
ORD-101370,2025-12-02,10079,web,home,42.92,3,5,122.32,paypal,3,South,385,2,True,820,0
ORD-101371,2025-11-28,10410,web,home,23.59,1,0,23.59,card,3,London,879,1,False,1458,0
ORD-101372,2025-12-11,10622,web,footwear,45.82,1,0,45.82,card,4,South,2284,1,True,1505,0
ORD-101373,2025-04-08,10660,web,home,52.7,1,0,52.7,card,1,London,368,0,True,733,0
ORD-101374,2025-02-09,10840,web,home,18.99,1,0,18.99,card,3,South,1205,0,False,689,0
ORD-101375,2025-12-22,10122,web,beauty,22.81,1,0,22.81,card,3,NI,900,3,True,1932,0
ORD-101376,2025-02-08,10037,phone,electronics,127.8,1,5,121.41,voucher,10,Wales,885,0,True,1569,0
ORD-101377,2025-11-24,10962,web,beauty,33.71,1,0,33.71,card,3,NI,2137,2,True,1970,0
ORD-101378,2025-05-04,10689,web,apparel,57.47,1,10,51.72,paypal,4,South,1194,0,True,1906,0
ORD-101379,2025-12-22,10530,web,electronics,234.02,3,0,702.06,card,4,South,1076,2,True,972,0
ORD-101380,2025-11-10,10412,web,electronics,216.89,1,10,195.2,card,5,London,277,1,False,2011,0
ORD-101381,2025-10-10,10392,web,home,72.58,1,30,50.81,bnpl,3,London,1904,1,False,1252,0
ORD-101382,2025-04-09,10411,web,beauty,15.45,1,15,13.13,card,5,London,407,0,False,1515,0
ORD-101383,2025-01-11,10933,web,footwear,65.04,1,0,65.04,paypal,7,South,620,0,True,588,1
ORD-101384,2025-05-28,10874,web,footwear,46.04,1,10,41.44,card,2,North,2200,1,True,1591,0
ORD-101385,2025-02-14,11029,web,beauty,7.37,2,10,13.27,card,1,London,1878,0,True,543,1
ORD-101386,2025-05-10,10750,web,home,80.48,2,0,160.96,card,7,North,786,1,False,384,1
ORD-101387,2025-10-15,10415,web,apparel,41.98,1,0,41.98,card,4,Midlands,636,0,False,151,1
ORD-101388,2025-01-11,11039,web,sports,139.27,1,0,139.27,card,2,South,536,1,True,592,1
ORD-101389,2025-02-13,11038,web,apparel,80.21,1,0,80.21,paypal,2,Midlands,2013,0,False,1091,0
ORD-101390,2025-03-20,11037,web,home,54.74,2,5,104.01,voucher,5,London,861,1,True,1795,0
ORD-101391,2025-04-28,10779,web,sports,158.85,1,40,95.31,card,6,Midlands,1537,0,False,1192,0
ORD-101392,2025-06-10,10665,web,home,23.0,1,0,23.0,card,2,London,1048,0,False,369,1
ORD-101393,2025-02-20,10263,web,apparel,41.17,1,5,39.11,card,4,NI,1333,1,False,1508,0
ORD-101394,2025-03-02,10527,web,home,89.28,2,0,178.56,card,4,North,328,1,False,1013,0
ORD-101395,2025-12-14,10343,web,home,75.62,1,20,60.5,card,1,London,203,2,True,1350,0
ORD-101396,2025-02-20,10588,web,home,24.43,1,0,24.43,card,7,Scotland,1040,0,False,1318,0
ORD-101397,2025-02-24,10079,web,home,70.67,1,0,70.67,voucher,2,South,385,1,True,506,1
ORD-101398,2025-01-18,10397,web,apparel,75.67,2,10,136.21,card,4,North,122,0,True,1069,0
ORD-101399,2025-04-08,10837,web,home,27.39,1,0,27.39,voucher,2,Wales,2146,2,True,1290,0
ORD-101400,2025-07-03,10406,web,electronics,75.38,2,10,135.68,card,1,North,1966,1,True,1149,0
ORD-101401,2025-05-07,10988,web,electronics,245.16,2,0,490.32,paypal,3,South,2094,0,False,1782,0
ORD-101402,2025-11-01,10357,web,apparel,76.8,1,20,61.44,card,6,Midlands,1281,4,True,669,0
ORD-101403,2025-02-10,10964,web,apparel,56.09,1,5,53.29,paypal,3,Midlands,2121,0,True,1609,0
ORD-101404,2025-06-30,10678,web,apparel,34.53,1,5,32.8,card,1,Midlands,507,1,True,324,1
ORD-101405,2025-01-05,10727,web,home,88.16,1,5,83.75,card,4,South,1929,0,True,1874,0
ORD-101406,2025-11-21,10630,web,electronics,133.12,2,10,239.62,paypal,3,Scotland,988,3,True,67,0
ORD-101407,2025-01-01,10229,web,apparel,38.21,1,0,38.21,card,2,Wales,1205,0,False,1469,0
ORD-101408,2025-10-08,10629,web,footwear,112.07,1,0,112.07,paypal,4,Wales,945,1,False,158,0
ORD-101409,2025-01-29,10503,web,beauty,24.24,1,0,24.24,paypal,4,London,381,0,True,532,0
ORD-101410,2025-01-12,10066,web,footwear,66.92,1,5,63.57,card,4,Midlands,709,0,False,582,1
ORD-101411,2025-07-17,10515,web,apparel,21.93,1,0,21.93,card,2,South,2388,1,True,295,1
ORD-101412,2025-04-15,10836,web,footwear,62.05,1,0,62.05,card,2,Scotland,1882,0,False,939,0
ORD-101413,2025-12-22,10476,web,home,31.49,3,0,94.47,card,1,Midlands,584,4,True,2005,0
ORD-101414,2025-03-26,10122,web,apparel,77.67,1,5,73.79,card,3,NI,900,0,True,1319,0
ORD-101415,2025-10-02,10098,web,home,18.78,1,0,18.78,paypal,8,London,521,0,False,1216,0
ORD-101416,2025-07-23,10057,web,apparel,42.23,1,0,42.23,card,6,South,1822,1,True,259,1
ORD-101417,2025-11-19,10734,web,sports,34.16,2,0,68.32,card,3,Midlands,877,0,True,719,0
ORD-101418,2025-07-16,10881,web,sports,79.62,1,10,71.66,card,4,Midlands,1428,1,False,851,0
ORD-101419,2025-06-20,10792,web,beauty,31.54,1,20,25.23,card,2,London,180,1,True,1185,0
ORD-101420,2025-01-28,10123,web,electronics,273.87,1,15,232.79,paypal,5,Midlands,1167,1,False,1411,0
ORD-101421,2025-03-05,10755,web,footwear,48.58,1,25,36.44,paypal,3,North,2050,0,True,1928,0
ORD-101422,2025-12-31,10530,web,sports,109.18,1,15,92.8,card,3,South,1076,3,True,760,0
ORD-101423,2025-01-11,10532,web,sports,152.7,1,15,129.79,card,4,South,2352,0,True,1448,0
ORD-101424,2025-12-11,10480,web,footwear,95.67,3,0,287.01,voucher,4,London,1074,2,True,838,0
ORD-101425,2025-03-11,10777,web,electronics,348.99,1,30,244.29,card,1,Midlands,2213,0,True,1272,0
ORD-101426,2025-03-18,10379,web,apparel,41.53,1,10,37.38,card,3,South,1743,0,True,1538,0
ORD-101427,2025-07-11,10409,web,apparel,66.46,1,0,66.46,paypal,2,North,2398,3,False,1626,0
ORD-101428,2025-08-07,10190,phone,electronics,223.92,1,0,223.92,bnpl,7,South,21,0,True,1104,0
ORD-101429,2025-09-25,11023,web,home,70.55,2,20,112.88,card,2,North,973,1,False,195,1
ORD-101430,2025-10-06,10486,web,footwear,62.55,2,0,125.1,card,2,North,558,4,True,1909,0
ORD-101431,2025-05-14,10444,web,apparel,61.84,1,15,52.56,card,3,Midlands,249,0,False,1278,0
ORD-101432,2025-02-28,10126,web,home,56.26,1,20,45.01,card,2,London,2158,0,True,688,0
ORD-101433,2025-07-23,10584,web,apparel,35.13,1,0,35.13,card,3,South,873,1,False,1045,0
ORD-101434,2025-01-12,10805,web,apparel,32.24,1,20,25.79,card,2,London,2318,0,True,1812,0
ORD-101435,2025-11-13,11033,web,footwear,63.52,3,0,190.56,voucher,2,Scotland,804,2,False,94,1
ORD-101436,2025-10-17,10194,web,sports,37.86,2,10,68.15,card,1,North,560,2,False,1652,0
ORD-101437,2025-11-16,10160,web,electronics,202.16,1,0,202.16,paypal,6,London,2396,3,False,1961,0
ORD-101438,2025-04-05,10573,web,home,41.07,1,0,41.07,card,8,Midlands,322,0,False,1008,0
ORD-101439,2025-08-30,10917,web,apparel,39.8,1,0,39.8,card,4,North,1591,1,False,1313,0
ORD-101440,2025-05-08,10964,web,beauty,16.54,2,25,24.81,voucher,3,Midlands,2121,1,True,1509,0
ORD-101441,2025-06-27,10261,web,apparel,53.8,1,0,53.8,card,1,North,2074,4,True,1984,0
ORD-101442,2025-01-17,11057,web,home,59.13,1,0,59.13,bnpl,4,London,2023,0,True,1016,0
ORD-101443,2025-10-14,10746,web,home,85.36,1,20,68.29,voucher,2,North,1274,3,False,162,1
ORD-101444,2025-03-26,10024,web,home,33.66,2,0,67.32,card,7,North,909,0,True,465,1
ORD-101444,2025-03-26,10024,web,home,33.66,2,0,67.32,card,7,Scotland,966,0,True,455,1
ORD-101445,2025-02-24,10433,web,apparel,35.36,1,10,31.82,card,2,South,383,0,True,1420,0
ORD-101446,2025-10-21,10405,web,footwear,127.26,2,0,254.52,voucher,4,NI,1761,2,False,129,1
ORD-101447,2025-05-15,11057,web,electronics,106.59,1,0,106.59,card,8,London,2023,1,True,386,0
ORD-101448,2025-04-28,10144,web,home,43.25,2,0,86.5,card,1,Midlands,1114,1,True,2027,0
ORD-101449,2025-09-15,10605,web,home,83.0,1,0,83.0,card,5,Scotland,1307,0,False,1297,0
ORD-101450,2025-01-15,10672,web,apparel,40.18,2,0,80.36,bnpl,3,South,1509,0,True,593,1
ORD-101451,2025-09-25,10548,web,beauty,12.98,2,0,25.96,card,7,Midlands,1555,1,True,892,0
ORD-101452,2025-05-19,10566,web,home,35.18,1,15,29.9,card,2,South,832,1,True,1418,0
ORD-101453,2025-01-07,10824,web,electronics,293.07,1,20,234.46,card,3,Midlands,2081,0,False,580,1
ORD-101454,2025-02-16,11007,web,electronics,102.04,3,0,306.12,card,1,South,1453,0,True,1532,0
ORD-101455,2025-12-22,10576,web,apparel,27.91,2,10,50.24,card,4,NI,1745,3,False,34,1
ORD-101456,2025-12-07,10455,web,home,34.71,1,10,31.24,card,2,London,348,0,False,35,1
ORD-101457,2025-04-30,10681,web,electronics,104.28,3,0,312.84,voucher,2,Scotland,1126,1,False,833,0
ORD-101458,2025-01-03,10004,web,footwear,114.3,2,25,171.45,card,5,North,297,0,True,594,0
ORD-101459,2025-12-12,10450,phone,footwear,108.76,2,20,174.02,card,4,London,1480,2,True,980,0
ORD-101460,2025-03-29,10441,web,beauty,15.94,2,0,31.88,voucher,3,Midlands,72,1,False,1108,0
ORD-101461,2025-04-13,10249,web,apparel,42.02,2,0,84.04,card,3,Midlands,1480,0,True,1668,0
ORD-101462,2025-04-11,10186,web,beauty,26.58,2,0,53.16,card,2,North,1385,1,False,461,1
ORD-101463,2025-12-18,10474,web,beauty,25.01,1,0,25.01,paypal,3,South,1301,3,True,1824,0
ORD-101464,2025-06-20,10261,web,apparel,26.93,1,0,26.93,card,2,North,2074,3,True,312,0
ORD-101465,2025-07-13,10618,web,electronics,241.13,1,10,217.02,card,2,London,926,1,False,1676,0
ORD-101466,2025-11-15,11002,web,sports,98.55,1,25,73.91,card,4,London,2241,3,True,1133,0
ORD-101467,2025-04-07,10336,web,electronics,182.75,1,0,182.75,card,4,North,2316,0,True,1525,0
ORD-101468,2025-09-07,10317,web,apparel,24.51,2,10,44.12,bnpl,11,North,827,2,True,914,0
ORD-101469,2025-12-15,10164,web,beauty,32.31,1,15,27.46,card,6,North,170,3,False,1289,0
ORD-101470,2025-06-08,10701,web,apparel,24.91,1,0,24.91,card,4,South,774,1,True,1643,0
ORD-101471,2025-08-26,10029,web,apparel,35.62,1,15,30.28,card,6,South,1708,1,True,225,1
ORD-101472,2025-12-24,10676,web,apparel,44.95,1,0,44.95,card,2,North,223,2,True,994,0
ORD-101473,2025-06-30,10549,web,sports,37.37,2,0,74.74,bnpl,1,London,2364,1,True,1295,0
ORD-101474,2025-12-29,10396,web,apparel,41.13,2,0,82.26,card,6,Midlands,1427,2,True,728,0
ORD-101475,2025-12-06,10527,web,electronics,123.79,2,40,148.55,card,3,North,328,3,False,1901,0
ORD-101476,2025-02-02,10343,web,apparel,44.82,1,0,44.82,card,3,London,203,0,True,552,1
ORD-101477,2025-10-03,10285,web,apparel,47.27,3,20,113.45,card,5,North,2141,1,True,2007,0
ORD-101478,2025-06-20,10659,web,home,72.11,1,0,72.11,bnpl,2,London,895,0,True,356,0
ORD-101479,2025-08-01,10944,web,footwear,31.86,1,0,31.86,card,6,Scotland,792,1,True,1546,0
ORD-101480,2025-02-05,10702,web,apparel,50.06,1,10,45.05,card,5,Wales,426,0,True,559,1
ORD-101481,2025-04-24,10438,web,beauty,43.94,1,0,43.94,card,2,Midlands,1059,0,True,1945,0
ORD-101482,2025-08-10,10125,web,beauty,41.11,1,10,37.0,card,1,Wales,1553,1,False,1301,0
ORD-101483,2025-11-28,10932,web,beauty,21.82,1,0,21.82,paypal,5,Scotland,153,5,True,69,1
ORD-101484,2025-12-22,10875,web,apparel,20.84,2,0,41.68,card,7,Midlands,1509,3,True,604,0
ORD-101485,2025-02-15,10651,web,beauty,18.5,2,25,27.75,card,1,North,163,0,False,1383,0
ORD-101486,2025-12-22,10379,web,apparel,49.83,2,15,84.71,paypal,3,South,1743,2,True,987,0
ORD-101487,2025-02-25,11025,web,apparel,36.37,1,0,36.37,card,3,London,639,0,False,513,1
ORD-101488,2025-02-07,10246,web,apparel,34.81,1,10,31.33,card,3,North,1480,0,False,1717,0
ORD-101489,2025-11-04,11032,web,beauty,14.55,1,0,14.55,card,3,Midlands,2007,2,True,1615,0
ORD-101490,2025-09-08,10006,web,footwear,38.15,2,5,72.48,card,4,North,1687,4,False,1061,0
ORD-101491,2025-09-28,10833,web,home,88.44,2,0,176.88,card,3,Midlands,254,1,True,1956,0
ORD-101492,2025-12-11,10561,web,electronics,259.27,1,0,259.27,card,7,Midlands,1267,4,True,43,1
ORD-101493,2025-05-17,10773,web,beauty,10.51,3,5,29.95,card,1,Midlands,1715,1,False,1850,0
ORD-101494,2025-05-09,10166,web,sports,143.11,2,0,286.22,card,3,Midlands,1376,0,True,405,1
ORD-101495,2025-01-27,10311,web,apparel,54.4,1,0,54.4,card,3,North,1022,0,True,1175,0
ORD-101496,2025-02-27,10409,web,beauty,32.51,1,25,24.38,bnpl,6,North,2398,0,False,629,0
ORD-101497,2025-08-20,11024,web,apparel,47.46,2,5,90.17,card,11,North,1637,1,True,218,1
ORD-101498,2025-01-28,10060,web,electronics,230.6,1,0,230.6,card,7,London,361,0,True,564,1
ORD-101499,2025-11-07,10159,web,footwear,80.51,1,15,68.43,card,4,Scotland,743,1,True,87,1
ORD-101500,2025-09-08,10969,web,electronics,190.24,1,5,180.73,card,3,Midlands,2089,1,True,1975,0
ORD-101501,2025-07-22,10122,web,electronics,141.45,2,0,282.9,card,2,NI,900,1,True,1324,0
ORD-101502,2025-12-03,10910,web,apparel,26.2,1,0,26.2,card,2,Wales,1310,1,False,1247,0
ORD-101503,2025-07-06,10601,web,home,49.93,2,5,94.87,bnpl,9,South,229,0,True,1440,0
ORD-101504,2025-09-20,11054,web,home,103.23,1,0,103.23,paypal,5,London,150,1,True,1801,0
ORD-101505,2025-07-23,10699,web,electronics,219.64,2,0,439.28,paypal,3,Scotland,838,0,True,1182,0
ORD-101506,2025-10-27,10046,web,beauty,40.38,1,0,40.38,bnpl,6,London,437,2,False,98,1
ORD-101507,2025-11-23,10618,web,apparel,37.17,2,0,74.34,card,3,London,926,2,False,753,0
ORD-101508,2025-06-12,11014,web,home,55.69,1,0,55.69,card,2,London,764,1,True,1735,0
ORD-101509,2025-11-07,10622,web,sports,139.11,1,0,139.11,paypal,3,South,2284,0,True,1277,0
ORD-101510,2025-07-02,10394,web,apparel,43.85,1,20,35.08,card,1,Scotland,594,0,False,759,0
ORD-101511,2025-12-20,11055,web,apparel,62.01,1,15,52.71,card,2,South,2154,6,False,924,0
ORD-101512,2025-11-30,10790,web,home,137.29,3,5,391.28,bnpl,2,South,2125,1,True,913,0
ORD-101513,2025-11-14,10671,web,home,58.83,1,0,58.83,paypal,3,Midlands,1169,2,True,64,0
ORD-101514,2025-02-07,10748,web,beauty,14.96,2,0,29.92,card,2,North,2035,0,False,1326,0
ORD-101515,2025-08-19,11013,web,beauty,23.9,1,40,14.34,card,1,Midlands,2175,0,False,1823,0
ORD-101516,2025-06-20,10300,phone,electronics,142.38,1,10,128.14,card,2,Midlands,216,0,False,1904,0
ORD-101517,2025-05-18,10138,web,home,99.61,2,10,179.3,card,7,South,2241,2,True,1730,0
ORD-101518,2025-11-25,10356,web,home,129.32,4,15,439.69,card,3,Midlands,1247,1,False,1759,0
ORD-101519,2025-03-12,10994,web,home,73.56,1,0,73.56,card,2,North,2031,0,True,931,0
ORD-101520,2025-05-06,10797,web,home,97.62,1,0,97.62,card,2,NI,62,0,True,1690,0
ORD-101521,2025-12-02,10814,web,beauty,30.85,2,10,55.53,bnpl,7,London,1706,1,True,1227,0
ORD-101522,2025-01-02,10331,web,footwear,66.41,1,15,56.45,paypal,3,London,2094,0,True,600,1
ORD-101523,2025-01-02,10478,web,footwear,41.91,1,0,41.91,card,1,London,1636,0,False,599,1
ORD-101524,2025-01-23,10791,web,home,38.74,3,0,116.22,paypal,1,NI,549,0,True,1545,0
ORD-101525,2025-03-02,10292,web,footwear,51.48,2,10,92.66,paypal,1,Midlands,1470,0,False,522,0
ORD-101526,2025-10-28,10180,web,sports,130.28,4,0,521.12,card,7,North,319,2,False,108,1
ORD-101527,2025-03-26,10597,phone,footwear,52.36,2,0,104.72,card,3,NI,2001,0,True,483,1
ORD-101528,2025-12-14,10807,web,apparel,66.75,2,0,133.5,card,5,Wales,2113,1,True,1431,0
ORD-101529,2025-03-02,10717,web,footwear,79.72,1,0,79.72,voucher,1,Scotland,1778,0,False,1461,0
ORD-101530,2025-11-14,10953,web,apparel,36.49,2,15,62.03,paypal,1,South,891,0,True,1438,0
ORD-101531,2025-06-06,10863,web,electronics,67.16,4,15,228.34,card,3,South,658,0,True,632,0
ORD-101532,2025-04-12,10373,web,home,129.19,1,25,96.89,bnpl,8,London,1161,0,False,852,0
ORD-101533,2025-12-19,10672,web,footwear,61.21,1,0,61.21,paypal,2,South,1509,2,True,1575,0
ORD-101534,2025-07-27,10662,web,footwear,92.93,2,0,185.86,card,3,Midlands,2131,0,True,275,1
ORD-101534,2025-07-27,10662,web,footwear,92.93,2,0,185.86,card,3,Scotland,2118,0,True,269,1
ORD-101535,2025-04-20,10451,web,home,51.5,1,0,51.5,card,2,London,731,1,False,1356,0
ORD-101536,2025-03-07,10409,web,sports,52.69,1,0,52.69,card,6,North,2398,1,False,835,0
ORD-101537,2025-04-20,10421,web,apparel,34.97,2,0,69.94,card,3,Scotland,2364,0,True,1298,0
ORD-101538,2025-10-08,10401,web,footwear,38.93,1,0,38.93,bnpl,3,South,1603,0,False,1691,0
ORD-101539,2025-09-30,10272,phone,apparel,51.77,3,0,155.31,card,3,North,1007,0,True,1507,0
ORD-101540,2025-03-24,10282,web,electronics,118.53,1,5,112.6,card,1,London,1522,0,False,488,1
ORD-101541,2025-12-29,10328,web,sports,54.22,1,5,51.51,card,4,North,1336,0,False,7,1
ORD-101542,2025-10-23,10464,web,beauty,16.94,1,0,16.94,card,8,North,209,1,False,1283,0
ORD-101543,2025-10-06,10229,web,apparel,29.68,1,0,29.68,card,1,Wales,1205,1,False,617,0
ORD-101544,2025-11-15,10707,web,electronics,103.29,2,0,206.58,card,2,North,792,1,False,104,0
ORD-101545,2025-02-16,10548,web,apparel,65.51,1,0,65.51,card,4,Midlands,1555,0,True,525,1
ORD-101546,2025-05-18,10389,web,home,101.43,1,0,101.43,card,5,Wales,1603,3,True,957,0
ORD-101547,2025-10-22,10757,web,apparel,40.53,3,5,115.51,paypal,6,NI,2038,2,True,1031,0
ORD-101548,2025-08-25,10405,web,footwear,50.93,1,0,50.93,card,3,NI,1761,1,False,1765,0
ORD-101549,2025-03-28,10785,web,apparel,35.86,1,0,35.86,card,5,South,2072,0,False,1831,0
ORD-101550,2025-12-18,11057,web,beauty,34.36,1,0,34.36,card,4,London,2023,3,True,1841,0
ORD-101551,2025-04-06,10227,web,footwear,86.85,2,10,156.33,bnpl,3,Midlands,1841,1,True,1839,0
ORD-101552,2025-10-01,10905,web,apparel,70.04,1,0,70.04,voucher,3,Scotland,1055,2,True,1102,0
ORD-101553,2025-05-14,10233,web,beauty,33.36,2,0,66.72,card,2,London,1109,1,True,1481,0
ORD-101554,2025-03-26,10331,web,apparel,35.98,1,10,32.38,paypal,4,London,2094,3,True,463,0
ORD-101555,2025-03-26,10654,web,footwear,44.6,3,0,133.8,card,3,North,1081,0,False,464,1
ORD-101556,2025-10-27,10864,web,apparel,34.59,1,0,34.59,card,1,London,519,1,True,1865,0
ORD-101557,2025-02-14,10221,web,apparel,61.96,1,0,61.96,card,2,NI,2181,0,False,784,0
ORD-101558,2025-12-12,10538,web,apparel,32.39,3,10,87.45,card,1,Midlands,995,2,True,21,0
ORD-101559,2025-02-04,10772,web,sports,98.51,1,0,98.51,card,1,Midlands,1681,0,True,1292,0
ORD-101560,2025-12-21,10489,web,footwear,51.71,2,0,103.42,card,3,London,2174,2,True,1948,0
ORD-101561,2025-01-19,11033,web,home,57.01,1,0,57.01,card,1,Scotland,804,0,False,960,0
ORD-101562,2025-05-27,10136,web,home,34.16,1,20,27.33,paypal,2,Scotland,2148,0,False,1392,0
ORD-101563,2025-05-18,10890,web,footwear,75.42,1,15,64.11,paypal,5,South,545,0,False,393,0
ORD-101564,2025-07-30,10029,web,apparel,39.16,4,0,156.64,card,4,South,1708,0,True,1552,0
ORD-101565,2025-03-05,10709,web,home,104.79,1,20,83.83,bnpl,8,Scotland,162,0,True,1627,0
ORD-101566,2025-09-04,10968,web,home,51.35,2,0,102.7,bnpl,13,NI,1977,4,True,1345,0
ORD-101567,2025-04-19,10476,web,electronics,256.04,2,10,460.87,card,3,Midlands,584,1,True,425,1
ORD-101568,2025-04-12,10431,web,apparel,49.64,1,0,49.64,paypal,-999,London,141,1,False,427,1
ORD-101569,2025-03-04,10946,web,apparel,55.97,1,0,55.97,card,5,London,2260,0,False,1155,0
ORD-101570,2025-07-01,10072,web,electronics,282.43,1,0,282.43,card,2,South,2067,1,False,1757,0
ORD-101571,2025-02-07,10791,web,home,62.14,1,5,59.03,card,2,NI,549,1,True,1359,0
ORD-101572,2025-07-05,10629,web,home,82.93,1,0,82.93,card,1,Wales,945,0,False,299,0
ORD-101573,2025-09-21,10704,web,footwear,59.02,2,0,118.04,card,6,Midlands,1559,0,True,1738,0
ORD-101574,2025-06-10,10099,web,sports,32.72,1,0,32.72,voucher,4,Midlands,516,0,False,1959,0
ORD-101575,2025-02-24,10399,web,beauty,22.41,1,30,15.69,card,4,North,869,0,True,962,0
ORD-101576,2025-04-03,10454,web,apparel,40.48,1,0,40.48,card,3,North,1918,0,True,607,0
ORD-101577,2025-02-03,10473,web,home,98.65,2,5,187.44,paypal,3,NI,2385,0,False,537,0
ORD-101578,2025-08-17,10655,web,home,114.97,1,5,109.22,card,3,NI,2081,0,False,1396,0
ORD-101579,2025-09-26,10038,web,home,80.03,2,0,160.06,paypal,3,South,1348,1,False,1281,0
ORD-101580,2025-05-22,10111,web,apparel,46.33,3,0,138.99,voucher,7,London,1449,1,False,1771,0
ORD-101581,2025-03-10,10551,web,sports,53.16,2,0,106.32,paypal,8,North,1307,0,True,1630,0
ORD-101582,2025-08-15,10900,web,apparel,24.78,1,0,24.78,paypal,2,London,419,0,True,1406,0
ORD-101583,2025-11-20,10708,web,footwear,78.53,1,0,78.53,paypal,2,Scotland,2271,2,False,1239,0
ORD-101584,2025-07-15,10511,web,sports,78.26,1,0,78.26,card,6,North,1461,2,False,1059,0
ORD-101585,2025-10-31,10407,web,footwear,83.98,2,30,117.57,paypal,3,NI,1688,2,False,93,1
ORD-101586,2025-11-13,10945,web,apparel,49.5,3,5,141.07,paypal,2,Wales,108,2,False,1062,0
ORD-101587,2025-12-01,10502,phone,footwear,37.72,2,0,75.44,paypal,3,Scotland,1340,2,True,65,1
ORD-101588,2025-09-18,10060,web,home,71.29,3,0,213.87,card,4,London,361,1,True,1307,0
ORD-101589,2025-01-04,10251,web,apparel,29.15,2,0,58.3,card,2,Scotland,256,0,False,1322,0
ORD-101589,2025-01-04,10251,web,apparel,29.15,2,0,58.3,card,2,North,317,0,False,1665,0
ORD-101590,2025-08-25,10010,web,home,30.89,1,0,30.89,card,1,South,1116,1,False,1089,0
ORD-101591,2025-02-19,10010,phone,home,42.72,1,5,40.58,paypal,9,South,1116,0,False,520,0
ORD-101592,2025-05-10,10240,web,apparel,30.9,3,0,92.7,card,5,Scotland,277,0,False,1600,0
ORD-101593,2025-09-09,10277,web,footwear,67.34,1,40,40.4,card,2,London,609,4,True,214,1
ORD-101594,2025-10-30,10978,web,sports,32.02,2,0,-64.04,paypal,2,South,848,0,True,1160,0
ORD-101595,2025-05-01,11021,web,apparel,38.38,3,0,115.14,bnpl,3,London,1760,2,False,1332,0
ORD-101596,2025-05-24,10588,web,home,72.08,3,0,216.24,card,4,Scotland,1040,2,False,1980,0
ORD-101597,2025-02-07,10020,web,apparel,44.84,2,0,89.68,card,4,South,320,0,False,544,1
ORD-101598,2025-05-13,10144,web,footwear,61.85,1,0,61.85,card,2,Midlands,1114,2,True,736,0
ORD-101599,2025-12-04,10778,web,home,85.63,1,0,85.63,card,1,Scotland,1684,1,False,1621,0
ORD-101600,2025-08-01,10489,web,home,92.81,1,0,92.81,card,12,London,2174,0,True,1308,0
ORD-101601,2025-01-29,10735,web,apparel,42.35,1,25,31.76,card,2,Midlands,1973,0,False,867,0
ORD-101602,2025-12-25,10754,web,home,93.92,1,0,93.92,bnpl,2,South,383,1,True,9,1
ORD-101603,2025-01-30,10847,web,apparel,47.63,1,5,45.25,card,5,South,738,0,False,1517,0
ORD-101604,2025-05-01,10498,web,home,122.08,1,0,122.08,card,4,Wales,1565,0,True,1342,0
ORD-101605,2025-08-15,10262,phone,footwear,64.01,2,0,128.02,paypal,4,London,1473,1,True,239,1
ORD-101606,2025-02-21,10188,web,apparel,55.2,2,30,77.28,card,2,South,716,0,False,542,1
ORD-101607,2025-07-16,10168,web,apparel,62.54,2,20,100.06,card,3,South,458,0,True,297,1
ORD-101608,2025-03-02,10104,web,home,100.23,1,20,80.18,card,2,NI,1780,1,True,1021,0
ORD-101609,2025-06-13,10472,web,apparel,34.71,2,40,41.65,bnpl,3,Midlands,978,0,True,348,1
ORD-101610,2025-03-17,11051,web,footwear,69.54,1,0,69.54,card,3,London,358,0,True,477,1
ORD-101611,2025-06-21,10768,phone,apparel,28.42,2,0,56.84,paypal,7,Midlands,1361,1,True,281,0
ORD-101612,2025-11-20,10477,web,apparel,48.08,2,0,96.16,card,2,Wales,1249,3,False,1210,0
ORD-101613,2025-04-02,10062,web,apparel,54.61,2,5,103.76,paypal,5,South,1642,1,False,704,0
ORD-101614,2025-01-12,10532,web,apparel,54.45,2,0,108.9,card,2,South,2352,1,True,827,0
ORD-101615,2025-10-14,10310,web,electronics,418.32,1,10,376.49,card,8,Midlands,507,1,True,115,0
ORD-101616,2025-01-20,10458,web,beauty,31.78,2,5,60.38,card,3,South,2073,0,False,572,0
ORD-101617,2025-01-10,10138,web,footwear,62.55,1,10,56.3,card,1,South,2241,0,True,875,0
ORD-101618,2025-11-04,10882,web,sports,23.45,1,0,23.45,card,1,North,1848,0,True,710,0
ORD-101619,2025-05-25,10694,web,apparel,47.97,2,0,95.94,paypal,3,South,1318,0,False,976,0
ORD-101620,2025-03-19,10595,web,electronics,285.51,2,40,342.61,paypal,1,Midlands,1632,0,True,1907,0
ORD-101621,2025-04-04,10078,web,sports,88.9,1,0,88.9,card,4,Wales,2350,1,False,458,1
ORD-101622,2025-10-28,10376,web,footwear,52.87,3,0,158.61,card,6,London,942,1,False,80,0
ORD-101623,2025-05-08,10202,web,electronics,156.16,1,10,140.54,bnpl,2,North,1649,1,True,394,1
ORD-101624,2025-07-01,10134,web,beauty,43.71,1,25,32.78,card,4,North,2239,1,False,301,1
ORD-101625,2025-07-26,10842,phone,apparel,47.54,1,0,47.54,bnpl,2,Midlands,66,1,False,249,1
ORD-101626,2025-05-15,10971,web,electronics,297.56,4,0,1190.24,card,4,London,1667,0,False,377,1
ORD-101627,2025-11-16,10598,web,electronics,181.54,2,10,326.77,card,2,London,2140,1,True,1791,0
ORD-101628,2025-11-19,10168,web,beauty,41.95,1,10,37.76,paypal,1,South,458,2,True,1022,0
ORD-101629,2025-12-08,10499,web,electronics,181.92,2,10,327.46,bnpl,1,Midlands,1468,3,False,2020,0
ORD-101630,2025-12-28,10541,web,apparel,38.08,1,10,34.27,card,5,London,1058,1,False,769,0
ORD-101631,2025-02-13,10793,web,sports,77.01,1,10,69.31,card,7,London,694,0,True,496,0
ORD-101632,2025-10-31,10600,web,sports,46.53,1,0,46.53,voucher,1,Scotland,926,1,True,96,0
ORD-101633,2025-09-20,10611,web,apparel,66.46,2,15,112.98,card,4,London,1876,0,True,714,0
ORD-101634,2025-01-28,10066,web,footwear,68.33,1,0,68.33,paypal,2,Midlands,709,2,False,653,0
ORD-101635,2025-09-10,10333,web,home,18.59,2,0,37.18,card,2,South,2314,0,True,1679,0
ORD-101636,2025-11-21,10578,web,beauty,31.03,3,0,93.09,card,3,London,2220,3,True,1543,0
ORD-101637,2025-10-25,10613,web,beauty,20.03,2,5,38.06,card,5,North,2138,0,True,1358,0
ORD-101638,2025-12-24,10763,web,electronics,162.04,2,10,291.67,card,2,South,2116,1,True,17,1
ORD-101639,2025-12-16,10119,web,home,87.19,2,0,174.38,paypal,3,London,1964,1,False,901,0
ORD-101640,2025-03-07,10894,web,apparel,26.81,2,0,53.62,card,7,South,1974,0,False,482,1
ORD-101641,2025-05-16,10865,phone,home,52.01,1,0,52.01,paypal,4,Midlands,1814,1,True,1209,0
ORD-101642,2025-01-05,10524,web,apparel,23.77,2,0,47.54,card,3,Midlands,2114,0,True,828,0
ORD-101643,2025-04-01,10675,web,electronics,312.4,1,0,312.4,card,2,London,1240,0,False,1369,0
ORD-101644,2025-01-04,10562,web,apparel,51.04,1,0,51.04,paypal,9,London,1744,0,True,1751,0
ORD-101645,2025-02-22,10482,web,apparel,47.65,2,0,95.3,bnpl,5,North,1978,1,True,1030,0
ORD-101646,2025-10-01,10297,web,footwear,70.15,1,0,70.15,card,4,South,473,0,True,1489,0
ORD-101647,2025-02-16,10111,web,apparel,79.68,1,25,59.76,paypal,3,London,1449,0,False,538,1
ORD-101648,2025-08-30,10719,web,apparel,57.47,2,25,86.2,card,3,London,1189,0,False,2001,0
ORD-101649,2025-08-24,10107,web,home,76.67,1,0,76.67,card,7,Midlands,2333,2,False,230,1
ORD-101650,2025-05-01,10439,web,home,40.83,2,0,81.66,card,3,South,814,1,True,418,0
ORD-101651,2025-10-20,10543,web,apparel,33.23,3,0,99.69,paypal,3,South,227,1,True,1026,0
ORD-101652,2025-12-01,10008,web,footwear,30.09,1,10,27.08,bnpl,5,Midlands,2346,2,True,51,1
ORD-101653,2025-09-28,11054,web,electronics,302.78,1,40,181.67,paypal,5,London,150,2,True,186,1
ORD-101654,2025-12-08,10890,web,apparel,29.73,2,5,56.49,card,5,South,545,2,False,1472,0
ORD-101655,2025-06-06,10875,web,apparel,37.33,1,0,37.33,card,6,Midlands,1509,2,True,1372,0
ORD-101656,2025-12-17,10390,web,home,49.79,1,0,49.79,card,1,North,979,2,True,936,0
ORD-101657,2025-10-29,10166,web,home,77.5,1,5,73.62,card,1,Midlands,1376,2,True,1425,0
ORD-101658,2025-07-17,10042,web,sports,96.04,1,5,91.24,bnpl,1,London,2308,0,True,646,0
ORD-101659,2025-03-25,10763,web,apparel,71.22,3,0,213.66,card,7,South,2116,0,True,1595,0
ORD-101660,2025-03-11,10442,web,home,81.86,1,15,69.58,paypal,4,South,1759,0,True,474,0
ORD-101661,2025-12-08,10943,web,electronics,117.6,2,0,235.2,card,5,Midlands,1386,2,False,658,0
ORD-101662,2025-12-12,10563,web,home,89.83,2,0,179.66,bnpl,5,London,1391,0,True,15,0
ORD-101663,2025-02-20,11055,web,apparel,56.09,2,25,84.14,card,3,South,2154,3,False,720,0
ORD-101664,2025-02-23,10279,web,beauty,20.18,2,30,28.25,card,2,North,1451,0,False,882,0
ORD-101665,2025-12-12,10967,web,apparel,45.77,1,20,36.62,bnpl,4,South,1303,2,False,1280,0
ORD-101666,2025-04-10,10325,web,apparel,60.13,1,30,42.09,card,2,Scotland,1051,0,False,797,0
ORD-101667,2025-09-30,10977,web,sports,163.03,1,0,163.03,card,11,London,835,1,True,677,0
ORD-101668,2025-06-21,10739,web,apparel,62.24,1,0,62.24,card,4,North,1205,0,False,317,0
ORD-101669,2025-08-30,10938,web,beauty,13.29,1,0,13.29,card,1,Wales,766,1,False,1511,0
ORD-101670,2025-07-02,10570,web,electronics,109.1,2,0,218.2,card,5,Wales,583,0,True,2010,0
ORD-101671,2025-01-20,10018,web,apparel,45.89,3,0,137.67,card,3,South,430,0,True,1994,0
ORD-101672,2025-04-03,10477,web,home,106.95,1,30,74.86,bnpl,2,Wales,1249,1,False,934,0
ORD-101673,2025-01-21,10109,web,apparel,36.85,1,0,36.85,card,5,NI,2224,0,True,548,0
ORD-101674,2025-01-20,10647,web,apparel,37.05,2,0,74.1,card,2,London,2278,0,True,1560,0
ORD-101675,2025-03-26,10437,web,electronics,95.84,1,20,76.67,card,2,South,2212,0,False,1861,0
ORD-101676,2025-08-23,10494,web,apparel,71.0,1,0,71.0,card,7,London,1269,0,True,1974,0
ORD-101677,2025-04-02,10383,web,footwear,105.49,1,25,79.12,card,8,Midlands,1127,0,True,1918,0
ORD-101678,2025-10-06,11059,web,beauty,14.27,3,5,40.67,voucher,1,South,1112,0,False,1363,0
ORD-101679,2025-02-04,10639,web,apparel,41.4,1,0,41.4,paypal,2,London,590,0,False,1758,0
ORD-101680,2025-01-28,10870,web,apparel,28.16,1,0,28.16,paypal,7,North,2327,0,True,1417,0
ORD-101681,2025-03-19,10630,web,electronics,88.69,1,15,75.39,card,5,Scotland,988,1,True,468,1
ORD-101682,2025-12-08,10462,web,home,31.62,1,0,31.62,voucher,5,NI,943,1,True,1275,0
ORD-101683,2025-07-21,10977,web,home,52.91,1,0,52.91,voucher,1,London,835,0,True,286,1
ORD-101684,2025-09-29,10296,web,apparel,33.22,1,10,29.9,card,6,South,1629,0,False,1375,0
ORD-101685,2025-02-26,10031,web,footwear,58.7,2,0,117.4,card,1,Wales,1463,0,False,529,1
ORD-101686,2025-11-08,10284,web,beauty,35.06,1,0,35.06,paypal,6,South,2153,1,True,668,0
ORD-101687,2025-12-23,10285,web,footwear,74.23,1,0,74.23,paypal,6,North,2141,2,True,1250,0
ORD-101688,2025-02-02,10677,web,apparel,47.54,2,0,95.08,card,4,London,2287,0,True,561,1
ORD-101689,2025-08-20,10968,web,footwear,49.76,1,0,49.76,card,4,NI,1977,3,True,217,1
ORD-101690,2025-04-10,10559,web,sports,67.45,1,0,67.45,card,3,South,1142,0,False,803,0
ORD-101691,2025-05-06,10138,web,beauty,33.02,1,0,33.02,paypal,2,South,2241,1,True,1475,0
ORD-101692,2025-06-19,10706,web,beauty,11.87,1,15,10.09,paypal,1,Scotland,838,0,True,1491,0
ORD-101693,2025-04-02,10520,web,sports,55.11,1,25,41.33,card,2,South,961,1,True,1232,0
ORD-101694,2025-10-28,10281,web,apparel,32.84,1,5,31.2,card,4,London,469,3,False,1152,0
ORD-101695,2025-06-14,10952,phone,electronics,126.77,2,5,240.86,card,4,South,2039,2,False,1634,0
ORD-101696,2025-07-16,10954,web,sports,67.72,2,25,101.58,card,2,London,1364,0,True,1498,0
ORD-101697,2025-04-16,10367,web,apparel,47.86,2,0,95.72,card,2,South,1626,0,True,424,1
ORD-101698,2025-02-20,10492,web,apparel,33.47,2,5,63.59,card,4,NI,1656,0,False,531,1
ORD-101699,2025-03-05,10583,phone,apparel,53.57,1,0,53.57,card,7,London,1999,1,True,485,0
ORD-101700,2025-04-18,10337,phone,footwear,39.21,1,10,35.29,card,2,Wales,2093,2,True,451,0
ORD-101701,2025-06-09,10111,web,footwear,85.81,2,0,171.62,card,2,London,1449,2,False,1296,0
ORD-101702,2025-09-22,10958,web,footwear,90.03,2,10,162.05,card,2,Midlands,294,0,True,1537,0
ORD-101703,2025-02-09,10620,web,home,83.8,2,10,150.84,card,5,London,1938,0,False,1263,0
ORD-101704,2025-12-01,10646,web,electronics,160.81,1,0,160.81,bnpl,1,Scotland,1922,1,True,1931,0
ORD-101705,2025-03-13,10350,web,apparel,22.04,3,0,66.12,card,5,London,1733,1,True,493,1
ORD-101706,2025-01-16,10395,web,home,99.51,1,0,99.51,card,3,North,2250,0,False,587,1
ORD-101707,2025-12-24,11032,web,electronics,71.8,1,5,68.21,card,5,Midlands,2007,4,True,935,0
ORD-101708,2025-01-24,10350,web,apparel,28.83,1,5,27.39,paypal,1,London,1733,0,True,586,0
ORD-101709,2025-03-20,10619,web,apparel,40.21,1,0,40.21,card,4,Scotland,946,1,True,977,0
ORD-101710,2025-10-30,10290,web,apparel,32.86,1,0,32.86,paypal,6,Midlands,1927,1,True,739,0
ORD-101711,2025-03-10,10904,web,home,39.79,2,5,75.6,card,9,South,825,1,True,1370,0
ORD-101712,2025-09-18,10044,web,apparel,42.98,2,0,85.96,paypal,2,South,170,3,True,1217,0
ORD-101713,2025-08-05,10304,web,beauty,25.6,1,10,23.04,card,1,North,2359,1,True,1386,0
ORD-101714,2025-05-30,11052,web,sports,119.51,2,0,239.02,voucher,4,Midlands,1196,0,True,716,0
ORD-101715,2025-01-03,10090,web,beauty,22.18,1,0,22.18,bnpl,3,London,1258,0,True,1074,0
ORD-101716,2025-06-21,10603,web,footwear,71.13,2,0,142.26,card,2,South,1030,2,False,311,0
ORD-101717,2025-02-23,10661,phone,beauty,24.39,1,10,21.95,card,3,South,2037,0,False,1604,0
ORD-101718,2025-08-26,10315,web,electronics,186.07,1,0,186.07,card,2,London,1398,0,True,1568,0
ORD-101719,2025-04-06,10497,web,footwear,91.99,1,20,73.59,bnpl,3,Scotland,2294,0,True,442,1
ORD-101720,2025-02-16,10441,web,apparel,47.91,2,0,95.82,bnpl,3,Midlands,72,0,False,547,1
ORD-101721,2025-04-28,10686,web,home,84.01,1,0,84.01,paypal,2,London,2236,0,True,879,0
ORD-101722,2025-09-14,10708,web,sports,39.36,1,40,23.62,card,2,Scotland,2271,1,False,1446,0
ORD-101723,2025-06-27,10873,web,apparel,37.63,1,20,30.1,card,2,Midlands,2067,0,False,1957,0
ORD-101724,2025-07-09,10442,web,apparel,55.28,1,20,44.22,voucher,2,South,1759,1,True,1480,0
ORD-101725,2025-07-13,10234,web,apparel,25.97,1,0,25.97,card,11,Midlands,109,0,True,991,0
ORD-101725,2025-07-13,10234,web,apparel,25.97,1,0,25.97,card,11,Midlands,176,0,True,1674,0
ORD-101726,2025-05-21,11031,phone,sports,88.59,3,0,265.77,card,4,Midlands,172,1,True,1708,0
ORD-101727,2025-03-02,10215,web,apparel,29.79,1,0,29.79,card,2,Wales,1317,0,True,1985,0
ORD-101728,2025-03-16,10054,web,electronics,149.02,1,0,149.02,card,1,South,548,2,True,995,0
ORD-101729,2025-02-08,11012,web,electronics,183.32,2,0,366.64,card,2,Scotland,2092,0,False,1445,0
ORD-101730,2025-12-03,10155,phone,apparel,65.77,1,0,65.77,bnpl,4,London,1993,2,True,59,1
ORD-101731,2025-08-21,10757,web,home,72.85,1,10,65.56,card,1,NI,2038,1,True,864,0
ORD-101732,2025-05-14,10264,phone,apparel,51.41,2,0,102.82,card,3,Scotland,1637,0,False,1195,0
ORD-101733,2025-06-06,10102,web,home,43.84,1,10,39.46,paypal,3,London,2012,0,True,1657,0
ORD-101734,2025-06-22,10968,web,electronics,263.16,2,0,526.32,card,1,NI,1977,2,True,320,1
ORD-101735,2025-05-07,10035,web,apparel,38.79,2,0,77.58,card,3,London,2104,3,False,388,0
ORD-101736,2025-07-02,10770,web,home,92.56,1,5,87.93,card,5,London,973,0,True,1947,0
ORD-101737,2025-07-20,10509,web,apparel,46.3,1,15,39.35,bnpl,4,South,327,1,False,284,1
ORD-101738,2025-08-25,10815,web,electronics,160.42,1,10,144.38,card,4,South,1104,1,True,222,1
ORD-101739,2025-01-06,10261,web,footwear,86.04,3,0,258.12,paypal,7,North,2074,0,True,1198,0
ORD-101740,2025-04-24,10474,web,home,47.4,1,0,47.4,paypal,2,South,1301,2,True,1724,0
ORD-101741,2025-06-17,10913,web,electronics,200.05,0,10,360.09,voucher,6,London,1278,0,False,707,0
ORD-101742,2025-01-17,10974,web,electronics,249.38,2,25,374.07,card,6,South,1375,0,True,1147,0
ORD-101743,2025-01-26,10200,web,sports,58.85,1,0,58.85,voucher,4,North,784,1,False,826,0
ORD-101744,2025-11-03,10212,web,footwear,57.48,1,0,57.48,card,3,North,2121,1,False,121,1
ORD-101745,2025-08-11,10744,web,home,134.48,3,25,302.58,paypal,5,South,731,1,True,1014,0
ORD-101746,2025-11-07,10162,web,electronics,213.4,1,0,213.4,bnpl,3,London,381,2,False,1474,0
ORD-101747,2025-06-23,10932,web,sports,88.76,2,0,177.52,paypal,1,Scotland,153,4,True,1186,0
ORD-101748,2025-04-19,10244,web,home,64.1,1,30,44.87,paypal,3,North,1372,1,False,964,0
ORD-101749,2025-06-14,10366,web,apparel,52.29,1,10,47.06,card,5,Midlands,404,0,False,639,0
ORD-101750,2025-03-12,10508,web,home,113.28,1,0,113.28,card,1,London,573,0,True,979,0
ORD-101751,2025-07-14,10745,web,sports,29.36,1,0,29.36,card,3,London,1111,0,False,246,0
ORD-101752,2025-10-19,10421,web,home,104.81,2,0,209.62,voucher,5,Scotland,2364,3,True,1828,0
ORD-101753,2025-03-21,10157,web,beauty,15.96,2,0,31.92,card,6,NI,340,0,True,484,1
ORD-101754,2025-03-08,10513,web,apparel,29.26,1,0,29.26,card,5,South,233,2,False,678,0
ORD-101755,2025-12-18,10720,web,apparel,78.4,2,0,156.8,bnpl,4,London,293,2,True,27,1
ORD-101756,2025-06-22,10312,web,beauty,21.58,1,5,20.5,bnpl,3,London,470,3,True,2009,0
ORD-101757,2025-04-22,10545,web,beauty,27.18,1,20,21.74,paypal,5,Wales,753,0,True,422,1
ORD-101758,2025-07-24,10571,web,home,24.9,1,0,24.9,bnpl,1,North,1922,0,False,282,1
ORD-101759,2025-05-21,10793,web,home,50.99,2,10,91.78,card,1,London,694,1,True,798,0
ORD-101760,2025-04-17,10507,phone,electronics,181.56,1,10,163.4,card,4,London,341,0,True,1963,0
ORD-101761,2025-05-01,10000,web,home,126.14,1,0,126.14,paypal,2,London,1707,0,True,1136,0
ORD-101762,2025-09-21,10055,web,footwear,95.01,2,20,152.02,voucher,2,Midlands,257,0,True,619,0
ORD-101763,2025-04-26,10243,web,beauty,39.11,1,0,39.11,card,3,South,1415,1,False,701,0
ORD-101764,2025-08-09,10825,web,electronics,191.31,1,5,181.74,card,4,London,1491,1,True,1146,0
ORD-101765,2025-06-11,10841,web,beauty,25.46,1,15,21.64,bnpl,1,London,1699,1,False,350,1
ORD-101766,2025-06-01,10645,web,electronics,299.0,1,10,269.1,card,3,Midlands,150,0,False,358,1
ORD-101767,2025-09-04,10795,web,electronics,77.62,1,5,73.74,paypal,1,NI,222,1,True,1648,0
ORD-101768,2025-02-16,10019,web,sports,84.75,1,0,84.75,paypal,2,North,2158,0,False,1779,0
ORD-101769,2025-07-12,10868,web,apparel,32.44,3,0,97.32,bnpl,2,Midlands,481,2,False,309,1
ORD-101770,2025-11-01,10692,web,electronics,303.45,1,0,303.45,card,7,South,1119,2,True,128,1
ORD-101771,2025-03-05,10422,web,apparel,48.43,2,5,92.02,voucher,2,NI,140,0,True,505,1
ORD-101771,2025-03-05,10422,web,apparel,48.43,2,5,92.02,voucher,2,Midlands,85,0,True,517,1
ORD-101772,2025-09-06,10941,web,footwear,96.22,3,10,259.79,voucher,2,London,1722,1,False,1602,0
ORD-101773,2025-01-09,10888,web,footwear,48.22,1,0,48.22,paypal,4,North,1164,0,True,1843,0
ORD-101774,2025-10-23,10916,web,apparel,40.56,1,0,40.56,paypal,3,London,1450,2,False,1215,0
ORD-101775,2025-04-14,11060,web,home,126.29,2,0,252.58,card,5,South,1396,2,False,1731,0
ORD-101776,2025-07-16,10372,web,footwear,67.45,1,0,67.45,paypal,7,North,2166,1,False,970,0
ORD-101777,2025-09-06,10378,web,apparel,58.24,1,20,46.59,voucher,3,London,2176,1,False,198,1
ORD-101778,2025-10-23,10761,web,apparel,29.91,4,0,119.64,card,5,London,2022,1,True,821,0
ORD-101779,2025-01-03,10047,web,home,86.29,2,0,172.58,card,6,South,2001,0,True,1851,0
ORD-101780,2025-03-02,10517,web,electronics,182.1,3,0,546.3,card,5,Wales,1327,0,True,495,0
ORD-101781,2025-05-19,10939,web,apparel,39.13,2,0,78.26,card,2,London,2040,0,True,659,0
ORD-101782,2025-09-09,10228,web,home,41.37,2,0,82.74,card,4,London,1260,1,False,1221,0
ORD-101783,2025-11-10,10840,phone,footwear,46.15,1,0,46.15,card,6,South,1205,2,False,761,0
ORD-101784,2025-09-06,10326,web,apparel,48.58,1,0,48.58,paypal,6,Scotland,1721,1,False,193,1
ORD-101785,2025-12-20,10003,web,apparel,68.42,1,0,68.42,card,7,South,1947,0,False,971,0
ORD-101786,2025-06-14,10712,web,home,82.66,1,5,78.53,card,2,London,1160,0,True,985,0
ORD-101787,2025-07-04,10323,web,sports,74.09,2,40,88.91,paypal,5,North,560,0,False,697,0
ORD-101788,2025-08-12,10252,web,home,27.44,1,0,27.44,card,2,London,681,1,False,1646,0
ORD-101789,2025-07-24,10583,web,apparel,53.7,1,0,53.7,card,9,London,1999,2,True,1625,0
ORD-101790,2025-05-25,10693,web,footwear,77.05,1,0,77.05,bnpl,4,North,497,0,False,1927,0
ORD-101790,2025-05-25,10693,web,footwear,77.05,1,0,77.05,bnpl,4,NI,461,0,False,869,0
ORD-101791,2025-07-10,10843,web,electronics,165.34,1,25,124.0,card,5,Wales,1694,0,True,305,1
ORD-101792,2025-10-12,10675,web,sports,59.66,1,0,59.66,paypal,3,London,1240,1,False,1696,0
ORD-101793,2025-10-30,10339,web,footwear,47.4,2,15,80.58,card,2,London,2073,4,True,100,0
ORD-101794,2025-02-13,10202,phone,apparel,52.86,2,20,84.58,card,2,North,1649,0,True,526,1
ORD-101795,2025-11-12,10943,web,apparel,23.44,1,5,22.27,card,2,Midlands,1386,1,False,112,1
ORD-101796,2025-06-07,10105,web,sports,31.92,3,5,90.97,bnpl,6,South,736,0,True,1162,0
ORD-101797,2025-11-20,10644,web,apparel,42.56,2,5,80.86,card,4,Midlands,1656,2,True,1249,0
ORD-101798,2025-04-08,10337,web,apparel,42.03,1,0,42.03,card,4,Wales,2093,1,True,1036,0
ORD-101799,2025-09-08,10846,web,beauty,23.78,1,25,17.84,bnpl,3,Scotland,2212,2,False,853,0
ORD-101800,2025-07-05,10472,web,beauty,38.2,2,0,76.4,paypal,2,Midlands,978,1,True,1211,0
ORD-101801,2025-06-28,10972,web,home,37.11,3,25,83.5,bnpl,4,London,749,0,True,310,0
ORD-101802,2025-09-09,10496,web,apparel,67.18,1,5,63.82,card,2,North,435,4,True,837,0
ORD-101803,2025-05-22,10937,web,footwear,110.01,1,0,110.01,paypal,2,Scotland,1442,0,False,1237,0
ORD-101804,2025-10-25,10711,web,home,97.91,1,0,97.91,card,6,London,1243,2,True,675,0
ORD-101805,2025-06-20,10324,web,footwear,87.9,1,25,65.93,paypal,5,London,1524,1,False,832,0
ORD-101806,2025-11-27,10256,web,footwear,74.1,1,0,74.1,card,2,South,1816,4,True,1452,0
ORD-101807,2025-01-04,11014,web,home,35.25,1,0,35.25,paypal,1,London,764,0,True,597,0
ORD-101808,2025-07-07,10573,web,footwear,38.79,0,20,62.06,card,4,Midlands,322,1,False,1351,0
ORD-101809,2025-04-15,10845,web,footwear,66.21,2,10,119.18,bnpl,6,Scotland,1529,0,True,449,1
ORD-101810,2025-06-01,10431,web,beauty,17.3,1,10,15.57,card,3,London,141,2,False,334,0
ORD-101811,2025-10-22,10179,web,footwear,86.72,1,10,78.05,paypal,4,Midlands,836,3,False,808,0
ORD-101812,2025-02-08,10068,web,sports,58.58,1,0,58.58,card,5,London,724,0,False,1680,0
ORD-101813,2025-10-14,10270,web,home,117.12,1,0,117.12,card,1,North,1841,2,False,1148,0
ORD-101814,2025-07-11,10759,web,beauty,24.36,2,0,48.72,paypal,4,NI,704,1,False,1685,0
ORD-101815,2025-10-16,10072,web,apparel,66.72,1,5,63.38,card,5,South,2067,2,False,1434,0
ORD-101816,2025-01-28,10447,web,apparel,72.94,1,0,72.94,paypal,2,Midlands,1219,0,True,551,1
ORD-101817,2025-11-27,10336,web,beauty,10.11,1,5,9.6,paypal,6,North,2316,1,True,1023,0
ORD-101818,2025-10-21,10576,web,sports,103.73,1,0,103.73,card,2,NI,1745,2,False,698,0
ORD-101819,2025-07-29,10118,web,electronics,228.98,1,0,228.98,bnpl,3,Midlands,623,0,True,1892,0
ORD-101820,2025-09-20,10118,web,beauty,16.03,1,0,16.03,card,2,Midlands,623,1,True,1459,0
ORD-101821,2025-01-04,10482,web,footwear,36.79,1,0,36.79,bnpl,2,North,1978,0,True,1670,0
ORD-101822,2025-02-16,11055,web,beauty,22.43,1,0,22.43,card,4,South,2154,2,False,1258,0
ORD-101823,2025-11-20,10271,web,electronics,340.0,1,0,340.0,paypal,4,London,1540,1,True,2003,0
ORD-101824,2025-04-07,10536,web,home,26.86,2,0,53.72,card,1,South,579,1,True,1999,0
ORD-101825,2025-08-15,10069,web,footwear,84.35,1,0,84.35,voucher,2,Midlands,1547,1,True,241,1
ORD-101826,2025-10-22,10561,web,footwear,71.58,2,30,100.21,card,2,Midlands,1267,2,True,1607,0
ORD-101827,2025-10-18,10201,web,sports,68.7,3,15,175.18,bnpl,5,Scotland,1849,0,True,1374,0
ORD-101828,2025-10-24,11017,web,beauty,23.99,1,0,23.99,card,3,Midlands,1514,1,False,1706,0
ORD-101829,2025-12-10,11020,web,home,67.51,1,40,40.51,voucher,4,North,1160,1,False,1193,0
ORD-101830,2025-06-14,10823,web,electronics,64.54,2,20,103.26,voucher,8,South,1200,0,True,1054,0
ORD-101831,2025-10-27,10187,web,beauty,12.6,1,10,11.34,bnpl,2,North,281,1,False,1137,0
ORD-101832,2025-09-05,10747,web,home,134.09,1,5,127.39,card,3,Midlands,2294,1,True,2000,0
ORD-101833,2025-05-13,10017,web,electronics,242.99,1,0,242.99,card,1,Wales,52,0,True,1816,0
ORD-101834,2025-03-27,11021,web,sports,71.48,2,10,128.66,card,2,London,1760,1,False,447,0
ORD-101835,2025-07-21,10936,web,apparel,28.77,3,5,81.99,card,3,NI,369,0,True,1658,0
ORD-101835,2025-07-21,10936,web,apparel,28.77,3,5,81.99,card,3,Scotland,444,0,True,822,0
ORD-101836,2025-11-06,10798,web,home,38.21,1,0,38.21,card,4,London,1610,0,True,1633,0
ORD-101836,2025-11-06,10798,web,home,38.21,1,0,38.21,card,4,Scotland,1594,0,True,1201,0
ORD-101837,2025-12-19,10860,web,sports,85.3,1,0,85.3,paypal,3,Midlands,2021,2,True,16,1
ORD-101838,2025-04-09,10523,web,electronics,181.69,1,0,181.69,paypal,2,South,2280,0,True,470,1
ORD-101838,2025-04-09,10523,web,electronics,181.69,1,0,181.69,paypal,2,Wales,2247,0,True,433,1
ORD-101839,2025-08-16,10217,web,apparel,59.57,2,0,119.14,card,2,NI,1787,0,False,949,0
ORD-101840,2025-12-07,10038,web,apparel,69.95,1,10,62.96,card,2,South,1348,2,False,60,1
ORD-101841,2025-12-20,10808,web,apparel,24.45,2,10,44.01,card,3,South,2135,1,True,1729,0
ORD-101842,2025-12-13,10925,web,apparel,72.34,1,0,72.34,card,1,North,1649,0,True,748,0
ORD-101843,2025-07-08,10306,web,home,12.88,1,0,12.88,card,1,North,2268,3,False,263,0
ORD-101844,2025-02-18,10054,web,apparel,35.57,2,10,64.03,paypal,3,South,548,0,True,530,1
ORD-101845,2025-02-18,10906,web,footwear,72.55,1,0,72.55,card,1,London,1219,0,True,1894,0
ORD-101846,2025-07-04,10249,web,electronics,140.31,2,0,280.62,card,1,Midlands,1480,1,True,1651,0
ORD-101847,2025-08-03,10192,web,apparel,72.21,3,0,216.63,card,4,Midlands,2377,1,True,1853,0
ORD-101848,2025-07-16,10853,web,apparel,68.33,1,0,68.33,card,4,Wales,765,0,False,1644,0
ORD-101849,2025-06-27,10240,phone,home,115.43,1,10,103.89,card,5,Scotland,277,1,False,1488,0
ORD-101850,2025-06-09,10584,web,apparel,29.42,1,0,29.42,card,3,South,873,0,False,347,1
ORD-101851,2025-09-16,10668,web,apparel,34.14,1,10,30.73,card,2,London,1751,0,True,1092,0
ORD-101852,2025-06-10,10007,web,electronics,264.45,1,5,251.23,voucher,4,South,777,1,True,937,0
ORD-101853,2025-07-29,10497,web,home,84.62,1,0,84.62,card,3,Scotland,2294,3,True,1365,0
ORD-101854,2025-07-12,10650,web,apparel,37.14,1,0,37.14,paypal,1,Midlands,1092,0,True,274,1
ORD-101855,2025-10-09,10995,web,apparel,50.41,2,15,85.7,card,2,South,2345,2,True,141,1
ORD-101856,2025-11-05,10573,web,apparel,53.7,2,0,107.4,paypal,1,Midlands,322,3,False,99,0
ORD-101857,2025-03-12,10409,web,home,55.22,2,5,104.92,card,5,North,2398,2,False,1563,0
ORD-101858,2025-05-11,10975,web,apparel,63.68,1,5,60.5,card,1,South,857,0,True,992,0
ORD-101859,2025-07-11,10337,web,electronics,85.35,2,0,170.7,card,2,Wales,2093,3,True,1344,0
ORD-101860,2025-02-19,10879,web,electronics,311.93,1,25,233.95,card,2,London,186,0,False,1286,0
ORD-101861,2025-03-29,10938,web,footwear,92.65,2,0,185.3,card,4,Wales,766,0,False,475,1
ORD-101862,2025-09-11,10369,web,apparel,43.01,1,0,43.01,card,3,London,453,1,True,1671,0
ORD-101863,2025-11-19,10389,web,footwear,53.89,1,0,53.89,voucher,2,Wales,1603,4,True,1347,0
ORD-101864,2025-11-17,10915,web,apparel,57.99,1,0,57.99,paypal,8,London,241,0,True,900,0
ORD-101865,2025-09-14,10513,web,home,47.6,1,0,47.6,voucher,3,South,233,4,False,1698,0
ORD-101866,2025-05-18,10836,web,footwear,38.62,1,0,38.62,card,3,Scotland,1882,1,False,1581,0
ORD-101867,2025-07-02,10265,web,apparel,69.22,1,0,69.22,bnpl,3,London,1613,0,False,314,0
ORD-101868,2025-04-25,11049,web,electronics,167.59,1,0,167.59,card,1,Wales,927,0,False,414,0
ORD-101869,2025-11-18,10555,web,footwear,81.51,1,5,77.43,card,4,Midlands,1880,1,False,1180,0
ORD-101870,2025-06-15,10056,web,beauty,13.69,1,0,13.69,bnpl,1,South,1717,1,True,1840,0
ORD-101871,2025-10-22,10737,web,beauty,38.44,2,0,76.88,card,2,South,1300,1,False,804,0
ORD-101872,2025-06-17,11044,web,sports,23.63,1,10,-21.27,card,2,Midlands,1419,1,True,754,0
ORD-101873,2025-09-13,10353,web,sports,42.86,2,30,60.0,voucher,5,South,519,1,True,1039,0
ORD-101874,2025-09-24,10059,web,sports,29.19,2,20,46.7,voucher,5,Wales,1594,1,True,1179,0
ORD-101875,2025-12-15,10476,web,apparel,63.13,1,0,63.13,card,1,Midlands,584,3,True,829,0
ORD-101876,2025-10-15,10573,web,beauty,12.52,1,0,12.52,voucher,2,Midlands,322,2,False,1684,0
ORD-101877,2025-03-21,10631,web,home,30.41,1,0,30.41,card,7,North,1743,0,False,1181,0
ORD-101878,2025-12-30,10673,phone,sports,81.93,2,20,131.09,card,5,London,2193,1,False,602,0
ORD-101879,2025-05-22,10035,web,footwear,35.13,1,0,35.13,card,1,London,2104,4,False,385,0
ORD-101880,2025-01-12,10867,web,home,104.59,2,30,146.43,card,3,Scotland,185,0,False,1588,0
ORD-101880,2025-01-12,10867,web,home,104.59,2,30,146.43,card,3,NI,106,0,False,601,0
ORD-101881,2025-02-26,10809,web,footwear,97.12,2,0,194.24,card,1,Midlands,375,1,False,1739,0
ORD-101882,2025-03-24,10418,web,apparel,49.47,2,15,84.1,paypal,3,London,459,0,True,491,1
ORD-101883,2025-02-15,10331,phone,footwear,75.64,1,0,75.64,bnpl,8,London,2094,1,True,516,1
ORD-101884,2025-07-28,10395,web,footwear,55.69,1,0,55.69,card,4,North,2250,3,False,1702,0
ORD-101885,2025-06-11,10388,web,footwear,79.62,1,0,79.62,voucher,7,South,1479,1,False,1479,0
ORD-101886,2025-04-01,10676,web,beauty,19.2,1,5,18.24,card,3,North,223,0,True,1597,0
ORD-101887,2025-05-11,10968,web,apparel,64.34,2,0,128.68,card,3,NI,1977,1,True,408,0
ORD-101888,2025-02-27,10589,web,home,75.07,2,5,142.63,card,4,Wales,1776,0,True,1172,0
ORD-101889,2025-08-23,10678,web,apparel,26.6,3,0,79.8,card,5,Midlands,507,2,True,1495,0
ORD-101890,2025-12-22,10294,web,apparel,39.25,1,0,39.25,voucher,3,Scotland,1672,1,True,1453,0
ORD-101891,2025-09-23,10700,web,beauty,17.81,1,0,17.81,bnpl,4,London,453,0,True,1084,0
ORD-101891,2025-09-23,10700,web,beauty,17.81,1,0,17.81,bnpl,4,London,470,0,True,181,0
ORD-101892,2025-08-12,10904,web,footwear,87.34,1,0,87.34,paypal,3,South,825,2,True,237,1
ORD-101893,2025-08-16,10275,web,home,96.64,3,0,289.92,card,3,Midlands,1799,1,False,903,0
ORD-101894,2025-08-17,10743,web,electronics,418.83,1,40,251.3,card,1,Scotland,1531,0,True,1714,0
ORD-101895,2025-11-01,10028,web,beauty,36.41,2,0,72.82,bnpl,4,London,185,1,False,117,1
ORD-101896,2025-02-09,10609,web,home,40.42,1,0,40.42,bnpl,3,NI,855,0,True,1871,0
ORD-101897,2025-01-27,10396,web,apparel,39.27,2,0,78.54,card,4,Midlands,1427,0,True,909,0
ORD-101898,2025-05-18,10963,web,electronics,183.52,1,0,183.52,card,3,South,1147,1,True,378,1
ORD-101899,2025-01-19,10724,web,footwear,74.36,1,40,44.62,card,1,South,1076,0,True,577,1
ORD-101900,2025-03-03,10921,web,home,85.9,1,0,85.9,card,3,London,1019,0,True,711,0
ORD-101901,2025-07-21,10052,web,electronics,131.35,1,25,98.51,card,4,North,867,1,False,261,1
ORD-101902,2025-03-21,10179,web,electronics,224.48,1,0,224.48,card,1,Midlands,836,0,False,450,0
ORD-101903,2025-03-15,10178,phone,home,122.04,2,5,231.88,card,5,Midlands,402,0,True,1429,0
ORD-101904,2025-12-17,10233,web,home,16.98,1,0,16.98,card,2,London,1109,3,True,750,0
ORD-101905,2025-04-09,10774,web,apparel,55.51,2,20,88.82,bnpl,1,London,1306,1,True,1852,0
ORD-101906,2025-08-14,10286,web,footwear,81.52,1,0,81.52,card,6,London,106,0,False,238,1
ORD-101907,2025-02-25,10707,web,apparel,42.1,1,0,42.1,paypal,2,North,792,0,False,1419,0
ORD-101908,2025-01-03,10961,web,electronics,250.07,1,30,175.05,card,4,Midlands,2114,0,True,1541,0
ORD-101909,2025-10-28,10010,web,apparel,51.42,1,20,41.14,card,3,South,1116,2,False,896,0
ORD-101910,2025-07-16,10826,web,apparel,70.3,1,0,70.3,paypal,2,NI,1010,1,True,1526,0
ORD-101911,2025-06-14,10799,web,footwear,58.39,2,5,110.94,card,2,Wales,975,1,True,634,0
ORD-101912,2025-04-18,10381,web,electronics,270.24,1,0,270.24,card,4,Wales,760,1,False,1817,0
ORD-101913,2025-05-29,11011,web,electronics,151.54,0,0,151.54,card,3,Midlands,619,1,True,1131,0
ORD-101914,2025-10-25,10904,web,beauty,20.81,1,25,15.61,bnpl,3,South,825,3,True,783,0
ORD-101915,2025-07-05,10221,web,apparel,41.56,1,0,41.56,paypal,13,NI,2181,1,False,1331,0
ORD-101916,2025-11-20,10482,web,footwear,59.4,1,0,59.4,voucher,2,North,1978,2,True,782,0
ORD-101917,2025-05-31,10990,web,home,81.03,2,0,162.06,bnpl,3,South,1021,0,True,1722,0
ORD-101918,2025-05-20,10914,web,beauty,47.83,1,15,40.66,paypal,9,South,501,0,True,382,1
ORD-101919,2025-09-12,10421,web,footwear,33.78,2,0,67.56,paypal,4,Scotland,2364,2,True,1726,0
ORD-101920,2025-11-26,10238,web,sports,97.75,1,25,73.31,card,3,NI,184,6,False,683,0
ORD-101921,2025-04-20,10849,web,apparel,59.16,1,0,59.16,voucher,2,London,475,0,True,1000,0
ORD-101922,2025-08-05,10460,web,apparel,34.85,1,0,34.85,card,2,Scotland,1883,2,True,242,0
ORD-101923,2025-03-16,10867,web,apparel,59.36,1,0,59.36,card,4,Scotland,185,1,False,1477,0
ORD-101923,2025-03-16,10867,web,apparel,59.36,1,0,59.36,card,4,NI,106,1,False,988,0
ORD-101924,2025-04-04,10416,phone,apparel,39.26,1,0,39.26,card,7,NI,905,1,False,1073,0
ORD-101925,2025-05-23,10546,web,home,72.01,2,0,144.02,bnpl,4,South,1322,2,False,339,0
ORD-101926,2025-11-26,10481,web,electronics,67.32,2,10,121.18,card,5,Midlands,2170,3,False,876,0
ORD-101927,2025-01-11,10137,web,home,39.06,4,0,156.24,card,1,North,1672,0,True,621,0
ORD-101928,2025-09-28,10486,web,footwear,43.4,1,15,36.89,bnpl,3,North,558,3,True,153,1
ORD-101929,2025-02-23,10247,web,apparel,59.56,1,20,47.65,bnpl,3,South,61,1,True,1720,0
ORD-101930,2025-04-18,10647,web,home,73.67,1,0,73.67,paypal,2,London,2278,1,True,870,0
ORD-101931,2025-01-25,10293,web,apparel,58.3,2,15,99.11,card,7,Midlands,2159,0,True,779,0
ORD-101932,2025-10-10,10966,web,beauty,23.17,3,0,69.51,card,2,Midlands,1666,2,True,1421,0
ORD-101933,2025-12-23,10237,web,home,85.62,1,0,85.62,card,1,North,1044,0,True,18,1
ORD-101934,2025-06-03,10119,web,apparel,26.24,1,0,26.24,card,3,London,1964,0,False,800,0
ORD-101935,2025-01-20,10538,web,beauty,34.81,1,0,34.81,card,6,Midlands,995,0,True,1642,0
ORD-101936,2025-11-01,10539,web,beauty,37.79,1,0,37.79,bnpl,2,Midlands,2166,1,True,1007,0
ORD-101937,2025-07-19,10324,web,home,101.63,1,15,86.39,paypal,2,London,1524,2,False,1428,0
ORD-101938,2025-03-19,10357,web,home,47.23,2,40,56.68,card,1,Midlands,1281,2,True,1124,0
ORD-101939,2025-11-05,10444,web,beauty,41.11,1,0,41.11,paypal,3,Midlands,249,2,False,959,0
ORD-101940,2025-08-25,10356,web,electronics,111.24,2,0,222.48,paypal,5,Midlands,1247,0,False,232,1
ORD-101941,2025-08-08,10034,web,electronics,258.81,1,0,258.81,card,8,NI,896,0,True,1854,0
ORD-101942,2025-02-11,10791,web,apparel,48.58,1,0,48.58,paypal,5,NI,549,2,True,540,0
ORD-101943,2025-11-27,10706,phone,electronics,240.24,4,40,576.58,paypal,5,Scotland,838,3,True,1786,0
ORD-101944,2025-03-27,11045,web,sports,41.73,1,0,41.73,card,2,London,1117,0,True,693,0
ORD-101945,2025-10-14,10782,web,electronics,305.89,1,0,305.89,paypal,2,London,1722,3,False,732,0
ORD-101946,2025-08-12,10720,web,footwear,55.11,1,25,41.33,card,2,London,293,1,True,1435,0
ORD-101947,2025-09-07,10200,web,apparel,29.08,1,10,26.17,card,1,North,784,2,False,787,0
ORD-101948,2025-03-24,10625,web,apparel,35.4,2,0,70.8,card,10,Midlands,1581,0,False,1317,0
ORD-101949,2025-01-13,10132,web,apparel,73.88,1,0,73.88,card,1,Midlands,1651,0,False,898,0
ORD-101950,2025-08-26,10776,web,apparel,45.56,2,0,91.12,card,3,North,113,0,True,1432,0
ORD-101951,2025-07-19,10729,web,home,56.4,3,5,160.74,card,2,Wales,551,0,False,276,0
ORD-101952,2025-04-25,10081,web,apparel,44.05,2,25,66.07,card,5,London,1443,0,True,435,1
ORD-101953,2025-08-01,10631,web,apparel,21.29,1,0,21.29,card,4,North,1743,1,False,904,0
ORD-101954,2025-05-24,10708,web,footwear,69.68,2,0,139.36,bnpl,9,Scotland,2271,0,False,341,0
ORD-101955,2025-11-16,10449,web,apparel,40.37,2,0,80.74,card,5,North,935,1,True,76,1
ORD-101956,2025-10-23,10470,web,apparel,36.59,3,10,98.79,card,2,South,1573,1,True,1574,0
ORD-101957,2025-09-23,10381,web,apparel,26.7,2,40,32.04,card,3,Wales,760,2,False,1203,0
ORD-101958,2025-11-10,10373,web,beauty,37.42,1,0,37.42,card,2,London,1161,2,False,1157,0
ORD-101959,2025-09-16,10570,web,apparel,59.17,2,0,118.34,card,3,Wales,583,2,True,1555,0
ORD-101960,2025-10-21,10829,web,beauty,29.34,2,15,49.88,card,2,South,2219,1,False,1814,0
ORD-101961,2025-10-16,10642,web,home,103.11,3,0,309.33,card,1,Wales,149,1,False,2023,0
ORD-101962,2025-10-02,10725,web,footwear,57.77,1,20,46.22,bnpl,3,Midlands,297,1,True,654,0
ORD-101963,2025-04-11,10277,web,apparel,62.51,1,0,62.51,bnpl,1,London,609,1,True,1334,0
ORD-101964,2025-10-10,10826,web,footwear,53.54,1,0,53.54,card,5,NI,1010,2,True,857,0
ORD-101965,2025-01-23,10346,phone,home,58.61,1,0,58.61,card,3,London,76,0,True,919,0
ORD-101966,2025-05-12,10912,web,apparel,22.98,2,0,45.96,card,6,Midlands,902,1,False,2026,0
ORD-101967,2025-12-08,10216,web,apparel,27.49,2,0,54.98,card,2,London,2274,1,False,57,1
ORD-101968,2025-02-15,10389,web,electronics,146.92,4,15,499.53,card,3,Wales,1603,1,True,1066,0
ORD-101969,2025-12-28,10060,web,home,98.34,1,0,98.34,card,3,London,361,2,True,1,0
ORD-101970,2025-09-14,10782,web,apparel,23.76,3,15,60.59,card,5,London,1722,2,False,1220,0
ORD-101971,2025-05-31,11032,web,beauty,26.42,1,25,19.82,paypal,5,Midlands,2007,1,True,650,0
ORD-101972,2025-09-03,10483,web,home,59.61,1,0,59.61,voucher,5,South,232,2,False,216,1
ORD-101973,2025-08-28,10924,web,home,47.45,1,10,42.71,paypal,1,Midlands,252,2,False,206,1
ORD-101974,2025-11-10,10811,web,home,99.73,3,0,299.19,paypal,1,Wales,549,0,True,90,0
ORD-101975,2025-06-26,10747,web,home,83.95,1,0,83.95,card,2,Midlands,2294,0,True,1476,0
ORD-101976,2025-06-21,11031,web,beauty,18.35,2,5,34.86,bnpl,2,Midlands,172,2,True,351,0
ORD-101977,2025-06-29,10975,web,electronics,178.91,2,0,357.82,card,2,South,857,3,True,306,1
ORD-101978,2025-07-17,10439,web,apparel,35.81,1,0,35.81,card,2,South,814,2,True,1325,0
ORD-101979,2025-03-28,10514,web,home,50.66,1,0,50.66,card,2,South,1498,2,True,1499,0
ORD-101980,2025-08-29,10120,web,apparel,56.63,1,10,50.97,card,5,Wales,1122,1,False,1095,0
ORD-101981,2025-12-30,10960,web,apparel,32.86,1,15,27.93,paypal,3,South,2218,1,True,1785,0
ORD-101982,2025-12-10,10916,web,footwear,68.97,1,20,55.18,card,2,London,1450,3,False,1071,0
ORD-101983,2025-03-19,10989,web,apparel,62.23,1,0,62.23,bnpl,4,South,922,0,True,1653,0
ORD-101984,2025-07-09,10511,web,apparel,56.96,2,0,113.92,card,2,North,1461,1,False,1304,0
ORD-101985,2025-06-25,10787,web,apparel,61.18,2,0,122.36,card,2,South,122,1,True,1666,0
ORD-101986,2025-02-12,10491,web,electronics,300.4,1,0,300.4,card,4,Wales,1754,1,True,1503,0
ORD-101987,2025-05-25,10355,web,apparel,57.47,1,5,54.6,card,8,South,125,0,False,1982,0
ORD-101988,2025-04-27,10851,web,apparel,60.26,2,10,108.47,card,6,Midlands,956,0,False,899,0
ORD-101989,2025-01-20,10711,web,footwear,42.11,1,0,42.11,paypal,1,London,1243,0,True,584,1
ORD-101990,2025-10-20,11028,web,home,34.93,1,0,34.93,card,1,North,1851,1,False,111,0
ORD-101991,2025-09-09,11051,web,apparel,41.99,1,10,37.79,voucher,2,London,358,2,True,163,0
ORD-101992,2025-02-05,10639,web,home,79.37,1,40,47.62,card,1,London,590,1,False,1983,0
ORD-101993,2025-07-13,10280,web,sports,91.74,2,0,183.48,card,6,Midlands,1008,1,False,1513,0
ORD-101994,2025-12-31,10685,web,home,46.26,1,25,34.7,bnpl,3,South,2092,0,False,745,0
ORD-101995,2025-10-02,10846,web,sports,111.64,1,0,111.64,card,1,Scotland,2212,3,False,187,0
